1291,pinky&ring
1253,pinky&ring
1326,pinky&ring
1481,pinky&ring
1643,pinky&ring
1772,pinky&ring
1539,pinky&ring
1624,pinky&ring
1924,pinky&ring
2272,pinky&ring
2510,pinky&ring
2503,pinky&ring
2362,pinky&ring
2191,pinky&ring
2027,pinky&ring
1915,pinky&ring
2158,pinky&ring
2059,pinky&ring
1773,pinky&ring
1446,pinky&ring
1292,pinky&ring
1252,pinky&ring
1325,pinky&ring
1485,pinky&ring
1648,pinky&ring
1773,pinky&ring
1537,pinky&ring
1635,pinky&ring
1924,pinky&ring
2279,pinky&ring
2518,pinky&ring
2501,pinky&ring
2364,pinky&ring
2189,pinky&ring
2029,pinky&ring
1913,pinky&ring
2155,pinky&ring
2051,pinky&ring
1770,pinky&ring
1443,pinky&ring
1294,pinky&ring
1256,pinky&ring
1329,pinky&ring
1486,pinky&ring
1644,pinky&ring
1772,pinky&ring
1537,pinky&ring
1636,pinky&ring
1930,pinky&ring
2280,pinky&ring
2510,pinky&ring
2499,pinky&ring
2358,pinky&ring
2187,pinky&ring
2028,pinky&ring
1916,pinky&ring
2162,pinky&ring
2058,pinky&ring
1768,pinky&ring
1446,pinky&ring
1287,pinky&ring
1252,pinky&ring
1328,pinky&ring
1488,pinky&ring
1649,pinky&ring
1767,pinky&ring
1535,pinky&ring
1633,pinky&ring
1930,pinky&ring
2284,pinky&ring
2515,pinky&ring
2498,pinky&ring
2354,pinky&ring
2188,pinky&ring
2027,pinky&ring
1918,pinky&ring
2164,pinky&ring
2053,pinky&ring
1761,pinky&ring
1439,pinky&ring
1290,pinky&ring
1252,pinky&ring
1330,pinky&ring
1487,pinky&ring
1649,pinky&ring
1764,pinky&ring
1530,pinky&ring
1633,pinky&ring
1932,pinky&ring
2281,pinky&ring
2512,pinky&ring
2502,pinky&ring
2361,pinky&ring
2190,pinky&ring
2025,pinky&ring
1922,pinky&ring
2160,pinky&ring
2050,pinky&ring
1757,pinky&ring
1438,pinky&ring
1290,pinky&ring
1253,pinky&ring
1336,pinky&ring
1486,pinky&ring
1650,pinky&ring
1766,pinky&ring
1532,pinky&ring
1636,pinky&ring
1935,pinky&ring
2286,pinky&ring
2518,pinky&ring
2502,pinky&ring
2361,pinky&ring
2191,pinky&ring
2026,pinky&ring
1927,pinky&ring
2166,pinky&ring
2048,pinky&ring
1761,pinky&ring
1433,pinky&ring
1293,pinky&ring
1251,pinky&ring
1333,pinky&ring
1490,pinky&ring
1652,pinky&ring
1764,pinky&ring
1527,pinky&ring
1638,pinky&ring
1943,pinky&ring
2291,pinky&ring
2517,pinky&ring
2498,pinky&ring
2349,pinky&ring
2180,pinky&ring
2023,pinky&ring
1923,pinky&ring
2159,pinky&ring
2040,pinky&ring
1749,pinky&ring
1427,pinky&ring
1281,pinky&ring
1251,pinky&ring
1333,pinky&ring
1490,pinky&ring
1655,pinky&ring
1764,pinky&ring
1531,pinky&ring
1646,pinky&ring
1950,pinky&ring
2296,pinky&ring
2522,pinky&ring
2500,pinky&ring
2348,pinky&ring
2176,pinky&ring
2017,pinky&ring
1926,pinky&ring
2166,pinky&ring
2045,pinky&ring
1749,pinky&ring
1431,pinky&ring
1283,pinky&ring
1250,pinky&ring
1334,pinky&ring
1490,pinky&ring
1653,pinky&ring
1756,pinky&ring
1522,pinky&ring
1642,pinky&ring
1948,pinky&ring
2297,pinky&ring
2520,pinky&ring
2496,pinky&ring
2353,pinky&ring
2183,pinky&ring
2022,pinky&ring
1927,pinky&ring
2165,pinky&ring
2039,pinky&ring
1751,pinky&ring
1430,pinky&ring
1287,pinky&ring
1251,pinky&ring
1339,pinky&ring
1494,pinky&ring
1659,pinky&ring
1765,pinky&ring
1527,pinky&ring
1649,pinky&ring
1952,pinky&ring
2304,pinky&ring
2524,pinky&ring
2501,pinky&ring
2352,pinky&ring
2182,pinky&ring
2016,pinky&ring
1926,pinky&ring
2163,pinky&ring
2035,pinky&ring
1736,pinky&ring
1420,pinky&ring
1278,pinky&ring
1249,pinky&ring
1341,pinky&ring
1493,pinky&ring
1655,pinky&ring
1759,pinky&ring
1524,pinky&ring
1651,pinky&ring
1957,pinky&ring
2299,pinky&ring
2521,pinky&ring
2500,pinky&ring
2345,pinky&ring
2175,pinky&ring
2016,pinky&ring
1930,pinky&ring
2167,pinky&ring
2036,pinky&ring
1736,pinky&ring
1424,pinky&ring
1279,pinky&ring
1249,pinky&ring
1334,pinky&ring
1495,pinky&ring
1661,pinky&ring
1762,pinky&ring
1527,pinky&ring
1653,pinky&ring
1966,pinky&ring
2312,pinky&ring
2530,pinky&ring
2501,pinky&ring
2344,pinky&ring
2179,pinky&ring
2016,pinky&ring
1939,pinky&ring
2166,pinky&ring
2033,pinky&ring
1734,pinky&ring
1418,pinky&ring
1276,pinky&ring
1250,pinky&ring
1343,pinky&ring
1498,pinky&ring
1663,pinky&ring
1758,pinky&ring
1522,pinky&ring
1650,pinky&ring
1963,pinky&ring
2314,pinky&ring
2522,pinky&ring
2493,pinky&ring
2341,pinky&ring
2176,pinky&ring
2018,pinky&ring
1931,pinky&ring
2168,pinky&ring
2033,pinky&ring
1726,pinky&ring
1414,pinky&ring
1278,pinky&ring
1250,pinky&ring
1344,pinky&ring
1498,pinky&ring
1669,pinky&ring
1759,pinky&ring
1526,pinky&ring
1656,pinky&ring
1966,pinky&ring
2310,pinky&ring
2528,pinky&ring
2497,pinky&ring
2343,pinky&ring
2172,pinky&ring
2011,pinky&ring
1936,pinky&ring
2167,pinky&ring
2031,pinky&ring
1726,pinky&ring
1419,pinky&ring
1278,pinky&ring
1250,pinky&ring
1346,pinky&ring
1500,pinky&ring
1663,pinky&ring
1752,pinky&ring
1524,pinky&ring
1655,pinky&ring
1972,pinky&ring
2318,pinky&ring
2522,pinky&ring
2498,pinky&ring
2342,pinky&ring
2173,pinky&ring
2012,pinky&ring
1938,pinky&ring
2167,pinky&ring
2030,pinky&ring
1728,pinky&ring
1413,pinky&ring
1274,pinky&ring
1246,pinky&ring
1344,pinky&ring
1507,pinky&ring
1666,pinky&ring
1753,pinky&ring
1520,pinky&ring
1652,pinky&ring
1969,pinky&ring
2312,pinky&ring
2514,pinky&ring
2490,pinky&ring
2333,pinky&ring
2164,pinky&ring
2006,pinky&ring
1939,pinky&ring
2168,pinky&ring
2026,pinky&ring
1715,pinky&ring
1410,pinky&ring
1275,pinky&ring
1251,pinky&ring
1345,pinky&ring
1503,pinky&ring
1670,pinky&ring
1756,pinky&ring
1524,pinky&ring
1656,pinky&ring
1983,pinky&ring
2324,pinky&ring
2527,pinky&ring
2492,pinky&ring
2339,pinky&ring
2171,pinky&ring
2007,pinky&ring
1943,pinky&ring
2176,pinky&ring
2026,pinky&ring
1717,pinky&ring
1411,pinky&ring
1273,pinky&ring
1245,pinky&ring
1349,pinky&ring
1504,pinky&ring
1670,pinky&ring
1750,pinky&ring
1522,pinky&ring
1658,pinky&ring
1988,pinky&ring
2330,pinky&ring
2530,pinky&ring
2496,pinky&ring
2340,pinky&ring
2168,pinky&ring
2005,pinky&ring
1944,pinky&ring
2172,pinky&ring
2021,pinky&ring
1711,pinky&ring
1406,pinky&ring
1272,pinky&ring
1247,pinky&ring
1349,pinky&ring
1503,pinky&ring
1667,pinky&ring
1745,pinky&ring
1522,pinky&ring
1660,pinky&ring
1991,pinky&ring
2334,pinky&ring
2533,pinky&ring
2493,pinky&ring
2336,pinky&ring
2168,pinky&ring
2004,pinky&ring
1949,pinky&ring
2169,pinky&ring
2021,pinky&ring
1708,pinky&ring
1399,pinky&ring
1271,pinky&ring
1240,pinky&ring
1348,pinky&ring
1505,pinky&ring
1673,pinky&ring
1745,pinky&ring
1522,pinky&ring
1669,pinky&ring
1991,pinky&ring
2337,pinky&ring
2531,pinky&ring
2496,pinky&ring
2337,pinky&ring
2167,pinky&ring
2006,pinky&ring
1950,pinky&ring
2168,pinky&ring
2016,pinky&ring
1707,pinky&ring
1404,pinky&ring
1267,pinky&ring
1246,pinky&ring
1351,pinky&ring
1507,pinky&ring
1680,pinky&ring
1746,pinky&ring
1524,pinky&ring
1668,pinky&ring
1998,pinky&ring
2335,pinky&ring
2531,pinky&ring
2489,pinky&ring
2329,pinky&ring
2164,pinky&ring
2003,pinky&ring
1953,pinky&ring
2171,pinky&ring
2012,pinky&ring
1695,pinky&ring
1399,pinky&ring
1267,pinky&ring
1247,pinky&ring
1352,pinky&ring
1508,pinky&ring
1674,pinky&ring
1738,pinky&ring
1518,pinky&ring
1668,pinky&ring
2002,pinky&ring
2343,pinky&ring
2533,pinky&ring
2491,pinky&ring
2329,pinky&ring
2165,pinky&ring
2001,pinky&ring
1949,pinky&ring
2169,pinky&ring
2015,pinky&ring
1701,pinky&ring
1397,pinky&ring
1266,pinky&ring
1246,pinky&ring
1352,pinky&ring
1512,pinky&ring
1675,pinky&ring
1735,pinky&ring
1518,pinky&ring
1665,pinky&ring
2003,pinky&ring
2345,pinky&ring
2537,pinky&ring
2495,pinky&ring
2333,pinky&ring
2163,pinky&ring
1997,pinky&ring
1951,pinky&ring
2169,pinky&ring
2009,pinky&ring
1695,pinky&ring
1397,pinky&ring
1271,pinky&ring
1249,pinky&ring
1350,pinky&ring
1512,pinky&ring
1680,pinky&ring
1734,pinky&ring
1517,pinky&ring
1670,pinky&ring
2005,pinky&ring
2346,pinky&ring
2538,pinky&ring
2492,pinky&ring
2323,pinky&ring
2155,pinky&ring
1997,pinky&ring
1954,pinky&ring
2171,pinky&ring
2008,pinky&ring
1686,pinky&ring
1393,pinky&ring
1265,pinky&ring
1248,pinky&ring
1356,pinky&ring
1515,pinky&ring
1683,pinky&ring
1731,pinky&ring
1517,pinky&ring
1672,pinky&ring
2016,pinky&ring
2354,pinky&ring
2541,pinky&ring
2491,pinky&ring
2327,pinky&ring
2162,pinky&ring
1994,pinky&ring
1962,pinky&ring
2169,pinky&ring
2007,pinky&ring
1688,pinky&ring
1387,pinky&ring
1264,pinky&ring
1247,pinky&ring
1356,pinky&ring
1515,pinky&ring
1680,pinky&ring
1731,pinky&ring
1511,pinky&ring
1673,pinky&ring
2017,pinky&ring
2356,pinky&ring
2532,pinky&ring
2492,pinky&ring
2325,pinky&ring
2156,pinky&ring
1993,pinky&ring
1960,pinky&ring
2170,pinky&ring
2003,pinky&ring
1686,pinky&ring
1389,pinky&ring
1265,pinky&ring
1248,pinky&ring
1360,pinky&ring
1520,pinky&ring
1680,pinky&ring
1733,pinky&ring
1517,pinky&ring
1681,pinky&ring
2020,pinky&ring
2356,pinky&ring
2538,pinky&ring
2491,pinky&ring
2320,pinky&ring
2158,pinky&ring
1991,pinky&ring
1963,pinky&ring
2168,pinky&ring
1999,pinky&ring
1682,pinky&ring
1387,pinky&ring
1262,pinky&ring
1247,pinky&ring
1361,pinky&ring
1522,pinky&ring
1686,pinky&ring
1720,pinky&ring
1513,pinky&ring
1675,pinky&ring
2023,pinky&ring
2362,pinky&ring
2539,pinky&ring
2484,pinky&ring
2319,pinky&ring
2154,pinky&ring
1991,pinky&ring
1972,pinky&ring
2172,pinky&ring
2004,pinky&ring
1680,pinky&ring
1384,pinky&ring
1265,pinky&ring
1242,pinky&ring
1361,pinky&ring
1515,pinky&ring
1689,pinky&ring
1723,pinky&ring
1515,pinky&ring
1679,pinky&ring
2028,pinky&ring
2363,pinky&ring
2542,pinky&ring
2487,pinky&ring
2316,pinky&ring
2153,pinky&ring
1989,pinky&ring
1969,pinky&ring
2172,pinky&ring
1992,pinky&ring
1679,pinky&ring
1381,pinky&ring
1264,pinky&ring
1249,pinky&ring
1363,pinky&ring
1522,pinky&ring
1686,pinky&ring
1715,pinky&ring
1511,pinky&ring
1679,pinky&ring
2027,pinky&ring
2367,pinky&ring
2541,pinky&ring
2487,pinky&ring
2316,pinky&ring
2157,pinky&ring
1991,pinky&ring
1977,pinky&ring
2177,pinky&ring
2000,pinky&ring
1673,pinky&ring
1382,pinky&ring
1262,pinky&ring
1242,pinky&ring
1358,pinky&ring
1523,pinky&ring
1690,pinky&ring
1721,pinky&ring
1518,pinky&ring
1683,pinky&ring
2033,pinky&ring
2371,pinky&ring
2540,pinky&ring
2481,pinky&ring
2314,pinky&ring
2152,pinky&ring
1988,pinky&ring
1979,pinky&ring
2175,pinky&ring
1998,pinky&ring
1665,pinky&ring
1379,pinky&ring
1258,pinky&ring
1244,pinky&ring
1363,pinky&ring
1519,pinky&ring
1687,pinky&ring
1713,pinky&ring
1514,pinky&ring
1677,pinky&ring
2037,pinky&ring
2372,pinky&ring
2548,pinky&ring
2487,pinky&ring
2317,pinky&ring
2149,pinky&ring
1989,pinky&ring
1985,pinky&ring
2174,pinky&ring
1993,pinky&ring
1663,pinky&ring
1377,pinky&ring
1257,pinky&ring
1241,pinky&ring
1367,pinky&ring
1527,pinky&ring
1694,pinky&ring
1718,pinky&ring
1517,pinky&ring
1690,pinky&ring
2042,pinky&ring
2379,pinky&ring
2543,pinky&ring
2485,pinky&ring
2316,pinky&ring
2152,pinky&ring
1987,pinky&ring
1984,pinky&ring
2176,pinky&ring
1991,pinky&ring
1658,pinky&ring
1367,pinky&ring
1254,pinky&ring
1239,pinky&ring
1364,pinky&ring
1526,pinky&ring
1693,pinky&ring
1713,pinky&ring
1516,pinky&ring
1688,pinky&ring
2042,pinky&ring
2374,pinky&ring
2540,pinky&ring
2483,pinky&ring
2312,pinky&ring
2146,pinky&ring
1983,pinky&ring
1983,pinky&ring
2173,pinky&ring
1992,pinky&ring
1655,pinky&ring
1375,pinky&ring
1264,pinky&ring
1249,pinky&ring
1373,pinky&ring
1530,pinky&ring
1695,pinky&ring
1711,pinky&ring
1521,pinky&ring
1685,pinky&ring
2051,pinky&ring
2375,pinky&ring
2543,pinky&ring
2487,pinky&ring
2310,pinky&ring
2144,pinky&ring
1981,pinky&ring
1987,pinky&ring
2175,pinky&ring
1990,pinky&ring
1652,pinky&ring
1368,pinky&ring
1255,pinky&ring
1245,pinky&ring
1373,pinky&ring
1529,pinky&ring
1698,pinky&ring
1703,pinky&ring
1517,pinky&ring
1689,pinky&ring
2050,pinky&ring
2378,pinky&ring
2539,pinky&ring
2478,pinky&ring
2306,pinky&ring
2142,pinky&ring
1980,pinky&ring
1990,pinky&ring
2173,pinky&ring
1985,pinky&ring
1651,pinky&ring
1368,pinky&ring
1257,pinky&ring
1247,pinky&ring
1377,pinky&ring
1529,pinky&ring
1695,pinky&ring
1702,pinky&ring
1515,pinky&ring
1694,pinky&ring
2053,pinky&ring
2394,pinky&ring
2549,pinky&ring
2478,pinky&ring
2306,pinky&ring
2141,pinky&ring
1979,pinky&ring
1994,pinky&ring
2176,pinky&ring
1984,pinky&ring
1643,pinky&ring
1368,pinky&ring
1259,pinky&ring
1248,pinky&ring
1377,pinky&ring
1536,pinky&ring
1696,pinky&ring
1702,pinky&ring
1520,pinky&ring
1701,pinky&ring
2060,pinky&ring
2387,pinky&ring
2541,pinky&ring
2481,pinky&ring
2300,pinky&ring
2136,pinky&ring
1974,pinky&ring
1993,pinky&ring
2171,pinky&ring
1982,pinky&ring
1645,pinky&ring
1367,pinky&ring
1258,pinky&ring
1253,pinky&ring
1378,pinky&ring
1527,pinky&ring
1698,pinky&ring
1695,pinky&ring
1518,pinky&ring
1702,pinky&ring
2068,pinky&ring
2391,pinky&ring
2544,pinky&ring
2478,pinky&ring
2304,pinky&ring
2140,pinky&ring
1978,pinky&ring
1999,pinky&ring
2167,pinky&ring
1981,pinky&ring
1635,pinky&ring
1357,pinky&ring
1251,pinky&ring
1250,pinky&ring
1377,pinky&ring
1538,pinky&ring
1699,pinky&ring
1696,pinky&ring
1517,pinky&ring
1702,pinky&ring
2071,pinky&ring
2396,pinky&ring
2541,pinky&ring
2475,pinky&ring
2298,pinky&ring
2137,pinky&ring
1975,pinky&ring
1999,pinky&ring
2174,pinky&ring
1980,pinky&ring
1633,pinky&ring
1362,pinky&ring
1251,pinky&ring
1248,pinky&ring
1376,pinky&ring
1542,pinky&ring
1707,pinky&ring
1697,pinky&ring
1520,pinky&ring
1704,pinky&ring
2073,pinky&ring
2403,pinky&ring
2546,pinky&ring
2474,pinky&ring
2293,pinky&ring
2136,pinky&ring
1973,pinky&ring
2000,pinky&ring
2166,pinky&ring
1976,pinky&ring
1633,pinky&ring
1365,pinky&ring
1254,pinky&ring
1250,pinky&ring
1386,pinky&ring
1544,pinky&ring
1709,pinky&ring
1694,pinky&ring
1523,pinky&ring
1707,pinky&ring
2077,pinky&ring
2405,pinky&ring
2542,pinky&ring
2479,pinky&ring
2296,pinky&ring
2133,pinky&ring
1972,pinky&ring
2005,pinky&ring
2168,pinky&ring
1974,pinky&ring
1627,pinky&ring
1358,pinky&ring
1251,pinky&ring
1246,pinky&ring
1379,pinky&ring
1539,pinky&ring
1703,pinky&ring
1686,pinky&ring
1513,pinky&ring
1706,pinky&ring
2079,pinky&ring
2408,pinky&ring
2547,pinky&ring
2474,pinky&ring
2295,pinky&ring
2135,pinky&ring
1966,pinky&ring
2003,pinky&ring
2168,pinky&ring
1969,pinky&ring
1623,pinky&ring
1356,pinky&ring
1256,pinky&ring
1256,pinky&ring
1384,pinky&ring
1545,pinky&ring
1711,pinky&ring
1685,pinky&ring
1526,pinky&ring
1719,pinky&ring
2089,pinky&ring
2411,pinky&ring
2544,pinky&ring
2472,pinky&ring
2289,pinky&ring
2126,pinky&ring
1964,pinky&ring
2007,pinky&ring
2171,pinky&ring
1972,pinky&ring
1616,pinky&ring
1359,pinky&ring
1251,pinky&ring
1253,pinky&ring
1377,pinky&ring
1540,pinky&ring
1704,pinky&ring
1681,pinky&ring
1521,pinky&ring
1706,pinky&ring
2087,pinky&ring
2408,pinky&ring
2546,pinky&ring
2474,pinky&ring
2293,pinky&ring
2129,pinky&ring
1960,pinky&ring
2002,pinky&ring
2163,pinky&ring
1970,pinky&ring
1615,pinky&ring
1357,pinky&ring
1256,pinky&ring
1247,pinky&ring
1384,pinky&ring
1545,pinky&ring
1704,pinky&ring
1677,pinky&ring
1514,pinky&ring
1703,pinky&ring
2081,pinky&ring
2409,pinky&ring
2544,pinky&ring
2470,pinky&ring
2291,pinky&ring
2132,pinky&ring
1964,pinky&ring
2019,pinky&ring
2169,pinky&ring
1968,pinky&ring
1610,pinky&ring
1352,pinky&ring
1252,pinky&ring
1250,pinky&ring
1386,pinky&ring
1547,pinky&ring
1713,pinky&ring
1681,pinky&ring
1525,pinky&ring
1718,pinky&ring
2096,pinky&ring
2419,pinky&ring
2551,pinky&ring
2475,pinky&ring
2289,pinky&ring
2126,pinky&ring
1967,pinky&ring
2015,pinky&ring
2166,pinky&ring
1969,pinky&ring
1611,pinky&ring
1353,pinky&ring
1251,pinky&ring
1254,pinky&ring
1391,pinky&ring
1550,pinky&ring
1715,pinky&ring
1681,pinky&ring
1524,pinky&ring
1714,pinky&ring
2098,pinky&ring
2415,pinky&ring
2547,pinky&ring
2465,pinky&ring
2286,pinky&ring
2125,pinky&ring
1963,pinky&ring
2019,pinky&ring
2166,pinky&ring
1960,pinky&ring
1609,pinky&ring
1357,pinky&ring
1256,pinky&ring
1253,pinky&ring
1393,pinky&ring
1553,pinky&ring
1715,pinky&ring
1671,pinky&ring
1517,pinky&ring
1715,pinky&ring
2099,pinky&ring
2420,pinky&ring
2546,pinky&ring
2467,pinky&ring
2280,pinky&ring
2124,pinky&ring
1966,pinky&ring
2027,pinky&ring
2165,pinky&ring
1962,pinky&ring
1607,pinky&ring
1347,pinky&ring
1251,pinky&ring
1250,pinky&ring
1395,pinky&ring
1552,pinky&ring
1715,pinky&ring
1666,pinky&ring
1521,pinky&ring
1716,pinky&ring
2101,pinky&ring
2424,pinky&ring
2549,pinky&ring
2474,pinky&ring
2287,pinky&ring
2123,pinky&ring
1966,pinky&ring
2031,pinky&ring
2168,pinky&ring
1957,pinky&ring
1598,pinky&ring
1348,pinky&ring
1251,pinky&ring
1257,pinky&ring
1397,pinky&ring
1558,pinky&ring
1718,pinky&ring
1669,pinky&ring
1527,pinky&ring
1721,pinky&ring
2108,pinky&ring
2425,pinky&ring
2547,pinky&ring
2468,pinky&ring
2282,pinky&ring
2117,pinky&ring
1961,pinky&ring
2027,pinky&ring
2167,pinky&ring
1961,pinky&ring
1598,pinky&ring
1349,pinky&ring
1249,pinky&ring
1251,pinky&ring
1392,pinky&ring
1552,pinky&ring
1717,pinky&ring
1665,pinky&ring
1522,pinky&ring
1721,pinky&ring
2113,pinky&ring
2426,pinky&ring
2547,pinky&ring
2466,pinky&ring
2277,pinky&ring
2114,pinky&ring
1959,pinky&ring
2035,pinky&ring
2166,pinky&ring
1956,pinky&ring
1593,pinky&ring
1344,pinky&ring
1249,pinky&ring
1251,pinky&ring
1397,pinky&ring
1561,pinky&ring
1721,pinky&ring
1667,pinky&ring
1526,pinky&ring
1729,pinky&ring
2116,pinky&ring
2426,pinky&ring
2549,pinky&ring
2465,pinky&ring
2277,pinky&ring
2112,pinky&ring
1954,pinky&ring
2033,pinky&ring
2166,pinky&ring
1954,pinky&ring
1590,pinky&ring
1340,pinky&ring
1247,pinky&ring
1253,pinky&ring
1400,pinky&ring
1558,pinky&ring
1718,pinky&ring
1664,pinky&ring
1525,pinky&ring
1726,pinky&ring
2120,pinky&ring
2433,pinky&ring
2547,pinky&ring
2464,pinky&ring
2280,pinky&ring
2118,pinky&ring
1957,pinky&ring
2035,pinky&ring
2163,pinky&ring
1949,pinky&ring
1587,pinky&ring
1338,pinky&ring
1246,pinky&ring
1255,pinky&ring
1401,pinky&ring
1564,pinky&ring
1724,pinky&ring
1657,pinky&ring
1528,pinky&ring
1732,pinky&ring
2126,pinky&ring
2440,pinky&ring
2547,pinky&ring
2460,pinky&ring
2272,pinky&ring
2109,pinky&ring
1954,pinky&ring
2042,pinky&ring
2159,pinky&ring
1946,pinky&ring
1584,pinky&ring
1336,pinky&ring
1244,pinky&ring
1252,pinky&ring
1394,pinky&ring
1563,pinky&ring
1732,pinky&ring
1658,pinky&ring
1527,pinky&ring
1734,pinky&ring
2128,pinky&ring
2433,pinky&ring
2542,pinky&ring
2464,pinky&ring
2276,pinky&ring
2116,pinky&ring
1957,pinky&ring
2044,pinky&ring
2162,pinky&ring
1946,pinky&ring
1580,pinky&ring
1336,pinky&ring
1242,pinky&ring
1254,pinky&ring
1405,pinky&ring
1563,pinky&ring
1728,pinky&ring
1653,pinky&ring
1531,pinky&ring
1735,pinky&ring
2131,pinky&ring
2448,pinky&ring
2545,pinky&ring
2465,pinky&ring
2275,pinky&ring
2109,pinky&ring
1952,pinky&ring
2043,pinky&ring
2159,pinky&ring
1945,pinky&ring
1573,pinky&ring
1334,pinky&ring
1243,pinky&ring
1256,pinky&ring
1401,pinky&ring
1570,pinky&ring
1731,pinky&ring
1652,pinky&ring
1536,pinky&ring
1746,pinky&ring
2138,pinky&ring
2449,pinky&ring
2548,pinky&ring
2457,pinky&ring
2269,pinky&ring
2106,pinky&ring
1951,pinky&ring
2045,pinky&ring
2162,pinky&ring
1945,pinky&ring
1576,pinky&ring
1330,pinky&ring
1243,pinky&ring
1257,pinky&ring
1404,pinky&ring
1567,pinky&ring
1730,pinky&ring
1647,pinky&ring
1530,pinky&ring
1742,pinky&ring
2145,pinky&ring
2450,pinky&ring
2549,pinky&ring
2463,pinky&ring
2274,pinky&ring
2110,pinky&ring
1956,pinky&ring
2054,pinky&ring
2157,pinky&ring
1941,pinky&ring
1563,pinky&ring
1335,pinky&ring
1244,pinky&ring
1259,pinky&ring
1413,pinky&ring
1570,pinky&ring
1730,pinky&ring
1641,pinky&ring
1529,pinky&ring
1740,pinky&ring
2139,pinky&ring
2451,pinky&ring
2544,pinky&ring
2458,pinky&ring
2271,pinky&ring
2109,pinky&ring
1944,pinky&ring
2046,pinky&ring
2151,pinky&ring
1932,pinky&ring
1562,pinky&ring
1336,pinky&ring
1241,pinky&ring
1251,pinky&ring
1409,pinky&ring
1569,pinky&ring
1728,pinky&ring
1649,pinky&ring
1533,pinky&ring
1748,pinky&ring
2145,pinky&ring
2457,pinky&ring
2550,pinky&ring
2457,pinky&ring
2262,pinky&ring
2101,pinky&ring
1943,pinky&ring
2056,pinky&ring
2153,pinky&ring
1939,pinky&ring
1560,pinky&ring
1329,pinky&ring
1250,pinky&ring
1257,pinky&ring
1409,pinky&ring
1575,pinky&ring
1733,pinky&ring
1639,pinky&ring
1526,pinky&ring
1746,pinky&ring
2147,pinky&ring
2452,pinky&ring
2546,pinky&ring
2451,pinky&ring
2270,pinky&ring
2106,pinky&ring
1954,pinky&ring
2064,pinky&ring
2160,pinky&ring
1932,pinky&ring
1555,pinky&ring
1322,pinky&ring
1232,pinky&ring
1247,pinky&ring
1411,pinky&ring
1573,pinky&ring
1731,pinky&ring
1636,pinky&ring
1531,pinky&ring
1750,pinky&ring
2155,pinky&ring
2458,pinky&ring
2546,pinky&ring
2454,pinky&ring
2267,pinky&ring
2107,pinky&ring
1950,pinky&ring
2060,pinky&ring
2154,pinky&ring
1934,pinky&ring
1559,pinky&ring
1326,pinky&ring
1245,pinky&ring
1256,pinky&ring
1410,pinky&ring
1574,pinky&ring
1736,pinky&ring
1639,pinky&ring
1539,pinky&ring
1759,pinky&ring
2155,pinky&ring
2459,pinky&ring
2549,pinky&ring
2460,pinky&ring
2264,pinky&ring
2103,pinky&ring
1948,pinky&ring
2071,pinky&ring
2151,pinky&ring
1925,pinky&ring
1549,pinky&ring
1324,pinky&ring
1247,pinky&ring
1258,pinky&ring
1409,pinky&ring
1571,pinky&ring
1733,pinky&ring
1624,pinky&ring
1530,pinky&ring
1751,pinky&ring
2156,pinky&ring
2458,pinky&ring
2548,pinky&ring
2456,pinky&ring
2265,pinky&ring
2098,pinky&ring
1944,pinky&ring
2073,pinky&ring
2154,pinky&ring
1928,pinky&ring
1547,pinky&ring
1326,pinky&ring
1246,pinky&ring
1261,pinky&ring
1414,pinky&ring
1577,pinky&ring
1741,pinky&ring
1636,pinky&ring
1541,pinky&ring
1767,pinky&ring
2169,pinky&ring
2464,pinky&ring
2542,pinky&ring
2435,pinky&ring
2244,pinky&ring
2095,pinky&ring
1944,pinky&ring
2072,pinky&ring
2155,pinky&ring
1929,pinky&ring
1543,pinky&ring
1313,pinky&ring
1229,pinky&ring
1254,pinky&ring
1408,pinky&ring
1580,pinky&ring
1736,pinky&ring
1626,pinky&ring
1542,pinky&ring
1765,pinky&ring
2165,pinky&ring
2470,pinky&ring
2550,pinky&ring
2463,pinky&ring
2271,pinky&ring
2111,pinky&ring
1964,pinky&ring
2091,pinky&ring
2167,pinky&ring
1929,pinky&ring
1549,pinky&ring
1326,pinky&ring
1238,pinky&ring
1235,pinky&ring
1395,pinky&ring
1578,pinky&ring
1752,pinky&ring
1617,pinky&ring
1534,pinky&ring
1753,pinky&ring
2157,pinky&ring
2452,pinky&ring
2524,pinky&ring
2442,pinky&ring
2251,pinky&ring
2085,pinky&ring
1936,pinky&ring
2083,pinky&ring
2158,pinky&ring
1937,pinky&ring
1564,pinky&ring
1351,pinky&ring
1267,pinky&ring
1268,pinky&ring
1420,pinky&ring
1581,pinky&ring
1727,pinky&ring
1584,pinky&ring
1499,pinky&ring
1751,pinky&ring
2179,pinky&ring
2479,pinky&ring
2562,pinky&ring
2439,pinky&ring
2204,pinky&ring
2059,pinky&ring
1932,pinky&ring
2083,pinky&ring
2147,pinky&ring
1917,pinky&ring
1543,pinky&ring
1322,pinky&ring
1251,pinky&ring
1263,pinky&ring
1420,pinky&ring
1586,pinky&ring
1741,pinky&ring
1616,pinky&ring
1544,pinky&ring
1772,pinky&ring
2176,pinky&ring
2482,pinky&ring
2553,pinky&ring
2454,pinky&ring
2261,pinky&ring
2091,pinky&ring
1939,pinky&ring
2093,pinky&ring
2150,pinky&ring
1923,pinky&ring
1541,pinky&ring
1318,pinky&ring
1235,pinky&ring
1261,pinky&ring
1416,pinky&ring
1570,pinky&ring
1731,pinky&ring
1604,pinky&ring
1538,pinky&ring
1766,pinky&ring
2173,pinky&ring
2473,pinky&ring
2547,pinky&ring
2460,pinky&ring
2260,pinky&ring
2094,pinky&ring
1944,pinky&ring
2093,pinky&ring
2152,pinky&ring
1920,pinky&ring
1530,pinky&ring
1310,pinky&ring
1239,pinky&ring
1254,pinky&ring
1411,pinky&ring
1585,pinky&ring
1737,pinky&ring
1598,pinky&ring
1542,pinky&ring
1772,pinky&ring
2179,pinky&ring
2479,pinky&ring
2554,pinky&ring
2455,pinky&ring
2255,pinky&ring
2082,pinky&ring
1940,pinky&ring
2090,pinky&ring
2139,pinky&ring
1919,pinky&ring
1550,pinky&ring
1346,pinky&ring
1267,pinky&ring
1265,pinky&ring
1413,pinky&ring
1570,pinky&ring
1712,pinky&ring
1579,pinky&ring
1522,pinky&ring
1752,pinky&ring
2154,pinky&ring
2447,pinky&ring
2525,pinky&ring
2443,pinky&ring
2255,pinky&ring
2101,pinky&ring
1952,pinky&ring
2111,pinky&ring
2156,pinky&ring
1919,pinky&ring
1536,pinky&ring
1315,pinky&ring
1243,pinky&ring
1286,pinky&ring
1452,pinky&ring
1606,pinky&ring
1758,pinky&ring
1611,pinky&ring
1540,pinky&ring
1748,pinky&ring
2161,pinky&ring
2470,pinky&ring
2534,pinky&ring
2442,pinky&ring
2255,pinky&ring
2093,pinky&ring
1942,pinky&ring
2101,pinky&ring
2152,pinky&ring
1913,pinky&ring
1523,pinky&ring
1308,pinky&ring
1234,pinky&ring
1270,pinky&ring
1445,pinky&ring
1621,pinky&ring
1796,pinky&ring
1642,pinky&ring
1575,pinky&ring
1790,pinky&ring
2156,pinky&ring
2421,pinky&ring
2477,pinky&ring
2377,pinky&ring
2218,pinky&ring
2081,pinky&ring
1936,pinky&ring
2109,pinky&ring
2151,pinky&ring
1913,pinky&ring
1529,pinky&ring
1322,pinky&ring
1247,pinky&ring
1267,pinky&ring
1428,pinky&ring
1598,pinky&ring
1757,pinky&ring
1603,pinky&ring
1559,pinky&ring
1805,pinky&ring
2212,pinky&ring
2492,pinky&ring
2559,pinky&ring
2468,pinky&ring
2252,pinky&ring
2054,pinky&ring
1894,pinky&ring
2070,pinky&ring
2120,pinky&ring
1889,pinky&ring
1510,pinky&ring
1301,pinky&ring
1237,pinky&ring
1262,pinky&ring
1424,pinky&ring
1591,pinky&ring
1742,pinky&ring
1582,pinky&ring
1539,pinky&ring
1788,pinky&ring
2202,pinky&ring
2500,pinky&ring
2553,pinky&ring
2440,pinky&ring
2250,pinky&ring
2086,pinky&ring
1942,pinky&ring
2119,pinky&ring
2162,pinky&ring
1923,pinky&ring
1546,pinky&ring
1315,pinky&ring
1230,pinky&ring
1238,pinky&ring
1395,pinky&ring
1567,pinky&ring
1709,pinky&ring
1566,pinky&ring
1539,pinky&ring
1795,pinky&ring
2203,pinky&ring
2498,pinky&ring
2555,pinky&ring
2452,pinky&ring
2257,pinky&ring
2096,pinky&ring
1956,pinky&ring
2131,pinky&ring
2152,pinky&ring
1912,pinky&ring
1509,pinky&ring
1296,pinky&ring
1217,pinky&ring
1256,pinky&ring
1416,pinky&ring
1583,pinky&ring
1728,pinky&ring
1565,pinky&ring
1552,pinky&ring
1791,pinky&ring
2187,pinky&ring
2491,pinky&ring
2545,pinky&ring
2437,pinky&ring
2249,pinky&ring
2084,pinky&ring
1934,pinky&ring
2118,pinky&ring
2141,pinky&ring
1904,pinky&ring
1521,pinky&ring
1311,pinky&ring
1246,pinky&ring
1264,pinky&ring
1421,pinky&ring
1579,pinky&ring
1746,pinky&ring
1582,pinky&ring
1549,pinky&ring
1810,pinky&ring
2225,pinky&ring
2499,pinky&ring
2546,pinky&ring
2434,pinky&ring
2243,pinky&ring
2062,pinky&ring
1891,pinky&ring
2108,pinky&ring
2141,pinky&ring
1893,pinky&ring
1517,pinky&ring
1310,pinky&ring
1252,pinky&ring
1291,pinky&ring
1449,pinky&ring
1607,pinky&ring
1746,pinky&ring
1550,pinky&ring
1518,pinky&ring
1769,pinky&ring
2196,pinky&ring
2503,pinky&ring
2551,pinky&ring
2446,pinky&ring
2265,pinky&ring
2088,pinky&ring
1938,pinky&ring
2131,pinky&ring
2146,pinky&ring
1894,pinky&ring
1501,pinky&ring
1298,pinky&ring
1232,pinky&ring
1263,pinky&ring
1424,pinky&ring
1598,pinky&ring
1765,pinky&ring
1587,pinky&ring
1553,pinky&ring
1815,pinky&ring
2219,pinky&ring
2493,pinky&ring
2520,pinky&ring
2392,pinky&ring
2232,pinky&ring
2073,pinky&ring
1923,pinky&ring
2133,pinky&ring
2149,pinky&ring
1900,pinky&ring
1520,pinky&ring
1309,pinky&ring
1228,pinky&ring
1235,pinky&ring
1417,pinky&ring
1582,pinky&ring
1760,pinky&ring
1585,pinky&ring
1570,pinky&ring
1820,pinky&ring
2232,pinky&ring
2507,pinky&ring
2534,pinky&ring
2420,pinky&ring
2234,pinky&ring
2071,pinky&ring
1925,pinky&ring
2128,pinky&ring
2145,pinky&ring
1882,pinky&ring
1487,pinky&ring
1295,pinky&ring
1228,pinky&ring
1258,pinky&ring
1426,pinky&ring
1607,pinky&ring
1768,pinky&ring
1576,pinky&ring
1553,pinky&ring
1802,pinky&ring
2211,pinky&ring
2500,pinky&ring
2543,pinky&ring
2430,pinky&ring
2232,pinky&ring
2065,pinky&ring
1917,pinky&ring
2134,pinky&ring
2141,pinky&ring
1893,pinky&ring
1504,pinky&ring
1306,pinky&ring
1240,pinky&ring
1255,pinky&ring
1431,pinky&ring
1594,pinky&ring
1747,pinky&ring
1560,pinky&ring
1554,pinky&ring
1818,pinky&ring
2221,pinky&ring
2492,pinky&ring
2540,pinky&ring
2439,pinky&ring
2235,pinky&ring
2073,pinky&ring
1923,pinky&ring
2141,pinky&ring
2143,pinky&ring
1878,pinky&ring
1491,pinky&ring
1297,pinky&ring
1236,pinky&ring
1270,pinky&ring
1431,pinky&ring
1596,pinky&ring
1749,pinky&ring
1560,pinky&ring
1554,pinky&ring
1802,pinky&ring
2224,pinky&ring
2509,pinky&ring
2552,pinky&ring
2469,pinky&ring
2276,pinky&ring
2097,pinky&ring
1932,pinky&ring
2141,pinky&ring
2112,pinky&ring
1846,pinky&ring
1463,pinky&ring
1280,pinky&ring
1235,pinky&ring
1259,pinky&ring
1435,pinky&ring
1639,pinky&ring
1786,pinky&ring
1564,pinky&ring
1547,pinky&ring
1803,pinky&ring
2206,pinky&ring
2484,pinky&ring
2544,pinky&ring
2435,pinky&ring
2229,pinky&ring
2058,pinky&ring
1918,pinky&ring
2136,pinky&ring
2131,pinky&ring
1869,pinky&ring
1473,pinky&ring
1282,pinky&ring
1222,pinky&ring
1279,pinky&ring
1453,pinky&ring
1619,pinky&ring
1763,pinky&ring
1542,pinky&ring
1549,pinky&ring
1819,pinky&ring
2237,pinky&ring
2536,pinky&ring
2576,pinky&ring
2432,pinky&ring
2240,pinky&ring
2074,pinky&ring
1924,pinky&ring
2135,pinky&ring
2128,pinky&ring
1865,pinky&ring
1472,pinky&ring
1273,pinky&ring
1210,pinky&ring
1256,pinky&ring
1431,pinky&ring
1603,pinky&ring
1758,pinky&ring
1540,pinky&ring
1559,pinky&ring
1819,pinky&ring
2235,pinky&ring
2530,pinky&ring
2574,pinky&ring
2452,pinky&ring
2254,pinky&ring
2076,pinky&ring
1923,pinky&ring
2151,pinky&ring
2135,pinky&ring
1868,pinky&ring
1477,pinky&ring
1266,pinky&ring
1205,pinky&ring
1257,pinky&ring
1434,pinky&ring
1606,pinky&ring
1765,pinky&ring
1557,pinky&ring
1588,pinky&ring
1859,pinky&ring
2266,pinky&ring
2530,pinky&ring
2497,pinky&ring
2401,pinky&ring
2209,pinky&ring
2062,pinky&ring
1892,pinky&ring
2144,pinky&ring
2140,pinky&ring
1865,pinky&ring
1479,pinky&ring
1288,pinky&ring
1234,pinky&ring
1260,pinky&ring
1418,pinky&ring
1597,pinky&ring
1741,pinky&ring
1543,pinky&ring
1574,pinky&ring
1834,pinky&ring
2243,pinky&ring
2534,pinky&ring
2560,pinky&ring
2430,pinky&ring
2245,pinky&ring
2068,pinky&ring
1924,pinky&ring
2166,pinky&ring
2137,pinky&ring
1857,pinky&ring
1462,pinky&ring
1268,pinky&ring
1229,pinky&ring
1276,pinky&ring
1441,pinky&ring
1617,pinky&ring
1771,pinky&ring
1534,pinky&ring
1549,pinky&ring
1832,pinky&ring
2232,pinky&ring
2529,pinky&ring
2549,pinky&ring
2428,pinky&ring
2240,pinky&ring
2068,pinky&ring
1915,pinky&ring
2158,pinky&ring
2136,pinky&ring
1857,pinky&ring
1475,pinky&ring
1274,pinky&ring
1224,pinky&ring
1271,pinky&ring
1438,pinky&ring
1610,pinky&ring
1753,pinky&ring
1512,pinky&ring
1565,pinky&ring
1853,pinky&ring
2260,pinky&ring
2535,pinky&ring
2530,pinky&ring
2397,pinky&ring
2225,pinky&ring
2083,pinky&ring
1939,pinky&ring
2167,pinky&ring
2131,pinky&ring
1845,pinky&ring
1458,pinky&ring
1259,pinky&ring
1214,pinky&ring
1275,pinky&ring
1454,pinky&ring
1625,pinky&ring
1785,pinky&ring
1549,pinky&ring
1560,pinky&ring
1826,pinky&ring
2227,pinky&ring
2513,pinky&ring
2557,pinky&ring
2427,pinky&ring
2248,pinky&ring
2094,pinky&ring
1932,pinky&ring
2163,pinky&ring
2113,pinky&ring
1822,pinky&ring
1450,pinky&ring
1268,pinky&ring
1209,pinky&ring
1258,pinky&ring
1443,pinky&ring
1620,pinky&ring
1777,pinky&ring
1539,pinky&ring
1551,pinky&ring
1824,pinky&ring
2255,pinky&ring
2540,pinky&ring
2548,pinky&ring
2420,pinky&ring
2231,pinky&ring
2064,pinky&ring
1919,pinky&ring
2170,pinky&ring
2134,pinky&ring
1859,pinky&ring
1468,pinky&ring
1271,pinky&ring
1203,pinky&ring
1260,pinky&ring
1437,pinky&ring
1607,pinky&ring
1760,pinky&ring
1523,pinky&ring
1562,pinky&ring
1849,pinky&ring
2268,pinky&ring
2549,pinky&ring
2574,pinky&ring
2429,pinky&ring
2233,pinky&ring
2058,pinky&ring
1912,pinky&ring
2165,pinky&ring
2124,pinky&ring
1843,pinky&ring
1460,pinky&ring
1275,pinky&ring
1220,pinky&ring
1272,pinky&ring
1435,pinky&ring
1615,pinky&ring
1763,pinky&ring
1527,pinky&ring
1567,pinky&ring
1847,pinky&ring
2250,pinky&ring
2540,pinky&ring
2552,pinky&ring
2424,pinky&ring
2232,pinky&ring
2057,pinky&ring
1918,pinky&ring
2177,pinky&ring
2121,pinky&ring
1842,pinky&ring
1447,pinky&ring
1259,pinky&ring
1215,pinky&ring
1274,pinky&ring
1438,pinky&ring
1608,pinky&ring
1765,pinky&ring
1525,pinky&ring
1570,pinky&ring
1857,pinky&ring
2264,pinky&ring
2542,pinky&ring
2554,pinky&ring
2422,pinky&ring
2231,pinky&ring
2052,pinky&ring
1909,pinky&ring
2166,pinky&ring
2124,pinky&ring
1844,pinky&ring
1461,pinky&ring
1271,pinky&ring
1242,pinky&ring
1306,pinky&ring
1469,pinky&ring
1626,pinky&ring
1744,pinky&ring
1456,pinky&ring
1515,pinky&ring
1838,pinky&ring
2247,pinky&ring
2534,pinky&ring
2568,pinky&ring
2437,pinky&ring
2242,pinky&ring
2067,pinky&ring
1919,pinky&ring
2178,pinky&ring
2118,pinky&ring
1833,pinky&ring
1449,pinky&ring
1264,pinky&ring
1221,pinky&ring
1282,pinky&ring
1445,pinky&ring
1618,pinky&ring
1768,pinky&ring
1525,pinky&ring
1576,pinky&ring
1853,pinky&ring
2257,pinky&ring
2549,pinky&ring
2558,pinky&ring
2414,pinky&ring
2228,pinky&ring
2069,pinky&ring
1923,pinky&ring
2177,pinky&ring
2111,pinky&ring
1820,pinky&ring
1442,pinky&ring
1274,pinky&ring
1239,pinky&ring
1275,pinky&ring
1447,pinky&ring
1618,pinky&ring
1770,pinky&ring
1520,pinky&ring
1571,pinky&ring
1860,pinky&ring
2265,pinky&ring
2540,pinky&ring
2550,pinky&ring
2414,pinky&ring
2226,pinky&ring
2056,pinky&ring
1914,pinky&ring
2171,pinky&ring
2110,pinky&ring
1826,pinky&ring
1448,pinky&ring
1272,pinky&ring
1226,pinky&ring
1287,pinky&ring
1452,pinky&ring
1626,pinky&ring
1771,pinky&ring
1518,pinky&ring
1568,pinky&ring
1870,pinky&ring
2265,pinky&ring
2535,pinky&ring
2542,pinky&ring
2408,pinky&ring
2223,pinky&ring
2055,pinky&ring
1915,pinky&ring
2173,pinky&ring
2111,pinky&ring
1834,pinky&ring
1452,pinky&ring
1269,pinky&ring
1217,pinky&ring
1282,pinky&ring
1451,pinky&ring
1622,pinky&ring
1769,pinky&ring
1518,pinky&ring
1581,pinky&ring
1875,pinky&ring
2274,pinky&ring
2538,pinky&ring
2548,pinky&ring
2409,pinky&ring
2219,pinky&ring
2054,pinky&ring
1911,pinky&ring
2168,pinky&ring
2101,pinky&ring
1821,pinky&ring
1441,pinky&ring
1262,pinky&ring
1221,pinky&ring
1285,pinky&ring
1452,pinky&ring
1621,pinky&ring
1762,pinky&ring
1522,pinky&ring
1589,pinky&ring
1878,pinky&ring
2269,pinky&ring
2540,pinky&ring
2545,pinky&ring
2409,pinky&ring
2224,pinky&ring
2050,pinky&ring
1911,pinky&ring
2173,pinky&ring
2103,pinky&ring
1815,pinky&ring
1441,pinky&ring
1259,pinky&ring
1214,pinky&ring
1287,pinky&ring
1463,pinky&ring
1627,pinky&ring
1772,pinky&ring
1518,pinky&ring
1583,pinky&ring
1884,pinky&ring
2289,pinky&ring
2580,pinky&ring
2555,pinky&ring
2392,pinky&ring
2189,pinky&ring
2018,pinky&ring
1896,pinky&ring
2170,pinky&ring
2096,pinky&ring
1797,pinky&ring
1442,pinky&ring
1273,pinky&ring
1230,pinky&ring
1301,pinky&ring
1471,pinky&ring
1639,pinky&ring
1780,pinky&ring
1520,pinky&ring
1580,pinky&ring
1884,pinky&ring
2279,pinky&ring
2538,pinky&ring
2532,pinky&ring
2400,pinky&ring
2209,pinky&ring
2044,pinky&ring
1908,pinky&ring
2171,pinky&ring
2097,pinky&ring
1815,pinky&ring
1442,pinky&ring
1269,pinky&ring
1227,pinky&ring
1295,pinky&ring
1459,pinky&ring
1627,pinky&ring
1774,pinky&ring
1516,pinky&ring
1595,pinky&ring
1892,pinky&ring
2281,pinky&ring
2543,pinky&ring
2539,pinky&ring
2399,pinky&ring
2213,pinky&ring
2043,pinky&ring
1907,pinky&ring
2180,pinky&ring
2091,pinky&ring
1801,pinky&ring
1427,pinky&ring
1262,pinky&ring
1230,pinky&ring
1287,pinky&ring
1456,pinky&ring
1633,pinky&ring
1766,pinky&ring
1509,pinky&ring
1599,pinky&ring
1906,pinky&ring
2292,pinky&ring
2554,pinky&ring
2542,pinky&ring
2395,pinky&ring
2209,pinky&ring
2036,pinky&ring
1899,pinky&ring
2171,pinky&ring
2087,pinky&ring
1794,pinky&ring
1434,pinky&ring
1253,pinky&ring
1212,pinky&ring
1289,pinky&ring
1459,pinky&ring
1640,pinky&ring
1778,pinky&ring
1523,pinky&ring
1588,pinky&ring
1890,pinky&ring
2281,pinky&ring
2551,pinky&ring
2539,pinky&ring
2393,pinky&ring
2203,pinky&ring
2035,pinky&ring
1910,pinky&ring
2177,pinky&ring
2096,pinky&ring
1800,pinky&ring
1432,pinky&ring
1258,pinky&ring
1224,pinky&ring
1298,pinky&ring
1466,pinky&ring
1636,pinky&ring
1779,pinky&ring
1515,pinky&ring
1600,pinky&ring
1904,pinky&ring
2288,pinky&ring
2545,pinky&ring
2537,pinky&ring
2395,pinky&ring
2210,pinky&ring
2036,pinky&ring
1905,pinky&ring
2174,pinky&ring
2085,pinky&ring
1802,pinky&ring
1463,pinky&ring
1293,pinky&ring
1230,pinky&ring
1282,pinky&ring
1427,pinky&ring
1616,pinky&ring
1773,pinky&ring
1513,pinky&ring
1590,pinky&ring
1904,pinky&ring
2294,pinky&ring
2550,pinky&ring
2539,pinky&ring
2396,pinky&ring
2212,pinky&ring
2039,pinky&ring
1903,pinky&ring
2180,pinky&ring
2088,pinky&ring
1788,pinky&ring
1425,pinky&ring
1266,pinky&ring
1228,pinky&ring
1300,pinky&ring
1470,pinky&ring
1637,pinky&ring
1774,pinky&ring
1509,pinky&ring
1597,pinky&ring
1908,pinky&ring
2288,pinky&ring
2544,pinky&ring
2534,pinky&ring
2388,pinky&ring
2214,pinky&ring
2046,pinky&ring
1910,pinky&ring
2176,pinky&ring
2084,pinky&ring
1784,pinky&ring
1423,pinky&ring
1262,pinky&ring
1220,pinky&ring
1300,pinky&ring
1466,pinky&ring
1630,pinky&ring
1766,pinky&ring
1506,pinky&ring
1602,pinky&ring
1914,pinky&ring
2291,pinky&ring
2541,pinky&ring
2536,pinky&ring
2391,pinky&ring
2201,pinky&ring
2033,pinky&ring
1911,pinky&ring
2186,pinky&ring
2075,pinky&ring
1781,pinky&ring
1429,pinky&ring
1265,pinky&ring
1219,pinky&ring
1299,pinky&ring
1464,pinky&ring
1643,pinky&ring
1773,pinky&ring
1508,pinky&ring
1603,pinky&ring
1917,pinky&ring
2299,pinky&ring
2555,pinky&ring
2539,pinky&ring
2389,pinky&ring
2209,pinky&ring
2033,pinky&ring
1910,pinky&ring
2168,pinky&ring
2062,pinky&ring
1774,pinky&ring
1418,pinky&ring
1253,pinky&ring
1222,pinky&ring
1304,pinky&ring
1472,pinky&ring
1642,pinky&ring
1779,pinky&ring
1523,pinky&ring
1610,pinky&ring
1922,pinky&ring
2296,pinky&ring
2548,pinky&ring
2532,pinky&ring
2380,pinky&ring
2199,pinky&ring
2036,pinky&ring
1916,pinky&ring
2181,pinky&ring
2074,pinky&ring
1771,pinky&ring
1418,pinky&ring
1259,pinky&ring
1224,pinky&ring
1303,pinky&ring
1475,pinky&ring
1646,pinky&ring
1775,pinky&ring
1511,pinky&ring
1613,pinky&ring
1925,pinky&ring
2299,pinky&ring
2547,pinky&ring
2537,pinky&ring
2392,pinky&ring
2200,pinky&ring
2026,pinky&ring
1912,pinky&ring
2181,pinky&ring
2072,pinky&ring
1768,pinky&ring
1415,pinky&ring
1259,pinky&ring
1226,pinky&ring
1306,pinky&ring
1473,pinky&ring
1648,pinky&ring
1774,pinky&ring
1513,pinky&ring
1622,pinky&ring
1929,pinky&ring
2312,pinky&ring
2557,pinky&ring
2531,pinky&ring
2384,pinky&ring
2207,pinky&ring
2034,pinky&ring
1916,pinky&ring
2184,pinky&ring
2063,pinky&ring
1754,pinky&ring
1405,pinky&ring
1248,pinky&ring
1222,pinky&ring
1309,pinky&ring
1474,pinky&ring
1644,pinky&ring
1774,pinky&ring
1513,pinky&ring
1620,pinky&ring
1938,pinky&ring
2315,pinky&ring
2554,pinky&ring
2535,pinky&ring
2379,pinky&ring
2191,pinky&ring
2027,pinky&ring
1914,pinky&ring
2184,pinky&ring
2068,pinky&ring
1761,pinky&ring
1406,pinky&ring
1252,pinky&ring
1222,pinky&ring
1309,pinky&ring
1480,pinky&ring
1648,pinky&ring
1768,pinky&ring
1511,pinky&ring
1619,pinky&ring
1943,pinky&ring
2317,pinky&ring
2558,pinky&ring
2535,pinky&ring
2381,pinky&ring
2196,pinky&ring
2025,pinky&ring
1920,pinky&ring
2187,pinky&ring
2065,pinky&ring
1751,pinky&ring
1406,pinky&ring
1251,pinky&ring
1221,pinky&ring
1314,pinky&ring
1473,pinky&ring
1643,pinky&ring
1761,pinky&ring
1504,pinky&ring
1617,pinky&ring
1933,pinky&ring
2318,pinky&ring
2555,pinky&ring
2537,pinky&ring
2374,pinky&ring
2193,pinky&ring
2026,pinky&ring
1918,pinky&ring
2192,pinky&ring
2066,pinky&ring
1760,pinky&ring
1405,pinky&ring
1252,pinky&ring
1221,pinky&ring
1312,pinky&ring
1481,pinky&ring
1649,pinky&ring
1769,pinky&ring
1505,pinky&ring
1627,pinky&ring
1942,pinky&ring
2314,pinky&ring
2553,pinky&ring
2522,pinky&ring
2368,pinky&ring
2187,pinky&ring
2019,pinky&ring
1920,pinky&ring
2193,pinky&ring
2066,pinky&ring
1752,pinky&ring
1404,pinky&ring
1254,pinky&ring
1225,pinky&ring
1320,pinky&ring
1483,pinky&ring
1658,pinky&ring
1772,pinky&ring
1502,pinky&ring
1628,pinky&ring
1949,pinky&ring
2320,pinky&ring
2554,pinky&ring
2532,pinky&ring
2372,pinky&ring
2195,pinky&ring
2023,pinky&ring
1926,pinky&ring
2193,pinky&ring
2061,pinky&ring
1743,pinky&ring
1397,pinky&ring
1251,pinky&ring
1220,pinky&ring
1316,pinky&ring
1490,pinky&ring
1652,pinky&ring
1763,pinky&ring
1505,pinky&ring
1623,pinky&ring
1951,pinky&ring
2323,pinky&ring
2552,pinky&ring
2522,pinky&ring
2363,pinky&ring
2190,pinky&ring
2020,pinky&ring
1921,pinky&ring
2187,pinky&ring
2054,pinky&ring
1744,pinky&ring
1405,pinky&ring
1257,pinky&ring
1225,pinky&ring
1317,pinky&ring
1487,pinky&ring
1662,pinky&ring
1767,pinky&ring
1503,pinky&ring
1631,pinky&ring
1957,pinky&ring
2333,pinky&ring
2560,pinky&ring
2525,pinky&ring
2369,pinky&ring
2189,pinky&ring
2017,pinky&ring
1924,pinky&ring
2182,pinky&ring
2052,pinky&ring
1739,pinky&ring
1396,pinky&ring
1252,pinky&ring
1229,pinky&ring
1323,pinky&ring
1492,pinky&ring
1666,pinky&ring
1774,pinky&ring
1507,pinky&ring
1636,pinky&ring
1960,pinky&ring
2323,pinky&ring
2556,pinky&ring
2521,pinky&ring
2362,pinky&ring
2188,pinky&ring
2020,pinky&ring
1924,pinky&ring
2190,pinky&ring
2054,pinky&ring
1737,pinky&ring
1394,pinky&ring
1248,pinky&ring
1221,pinky&ring
1321,pinky&ring
1483,pinky&ring
1657,pinky&ring
1757,pinky&ring
1498,pinky&ring
1632,pinky&ring
1967,pinky&ring
2339,pinky&ring
2573,pinky&ring
2528,pinky&ring
2360,pinky&ring
2183,pinky&ring
2017,pinky&ring
1934,pinky&ring
2194,pinky&ring
2052,pinky&ring
1732,pinky&ring
1391,pinky&ring
1246,pinky&ring
1218,pinky&ring
1318,pinky&ring
1484,pinky&ring
1664,pinky&ring
1766,pinky&ring
1503,pinky&ring
1640,pinky&ring
1970,pinky&ring
2339,pinky&ring
2566,pinky&ring
2522,pinky&ring
2363,pinky&ring
2178,pinky&ring
2008,pinky&ring
1929,pinky&ring
2195,pinky&ring
2043,pinky&ring
1725,pinky&ring
1382,pinky&ring
1245,pinky&ring
1221,pinky&ring
1324,pinky&ring
1490,pinky&ring
1665,pinky&ring
1755,pinky&ring
1495,pinky&ring
1643,pinky&ring
1975,pinky&ring
2347,pinky&ring
2565,pinky&ring
2527,pinky&ring
2363,pinky&ring
2189,pinky&ring
2014,pinky&ring
1934,pinky&ring
2189,pinky&ring
2040,pinky&ring
1719,pinky&ring
1387,pinky&ring
1248,pinky&ring
1221,pinky&ring
1321,pinky&ring
1492,pinky&ring
1669,pinky&ring
1757,pinky&ring
1498,pinky&ring
1638,pinky&ring
1974,pinky&ring
2341,pinky&ring
2563,pinky&ring
2527,pinky&ring
2357,pinky&ring
2180,pinky&ring
2011,pinky&ring
1939,pinky&ring
2200,pinky&ring
2049,pinky&ring
1729,pinky&ring
1386,pinky&ring
1242,pinky&ring
1231,pinky&ring
1331,pinky&ring
1492,pinky&ring
1665,pinky&ring
1744,pinky&ring
1492,pinky&ring
1638,pinky&ring
1969,pinky&ring
2342,pinky&ring
2563,pinky&ring
2519,pinky&ring
2352,pinky&ring
2180,pinky&ring
2012,pinky&ring
1943,pinky&ring
2200,pinky&ring
2045,pinky&ring
1725,pinky&ring
1383,pinky&ring
1246,pinky&ring
1220,pinky&ring
1331,pinky&ring
1496,pinky&ring
1669,pinky&ring
1751,pinky&ring
1492,pinky&ring
1643,pinky&ring
1985,pinky&ring
2351,pinky&ring
2569,pinky&ring
2528,pinky&ring
2363,pinky&ring
2178,pinky&ring
2003,pinky&ring
1937,pinky&ring
2196,pinky&ring
2034,pinky&ring
1716,pinky&ring
1382,pinky&ring
1241,pinky&ring
1227,pinky&ring
1329,pinky&ring
1501,pinky&ring
1664,pinky&ring
1753,pinky&ring
1500,pinky&ring
1648,pinky&ring
1989,pinky&ring
2349,pinky&ring
2563,pinky&ring
2523,pinky&ring
2357,pinky&ring
2178,pinky&ring
1998,pinky&ring
1939,pinky&ring
2189,pinky&ring
2025,pinky&ring
1708,pinky&ring
1379,pinky&ring
1247,pinky&ring
1230,pinky&ring
1336,pinky&ring
1509,pinky&ring
1684,pinky&ring
1754,pinky&ring
1496,pinky&ring
1643,pinky&ring
1988,pinky&ring
2335,pinky&ring
2528,pinky&ring
2510,pinky&ring
2346,pinky&ring
2180,pinky&ring
2015,pinky&ring
1956,pinky&ring
2202,pinky&ring
2040,pinky&ring
1714,pinky&ring
1386,pinky&ring
1255,pinky&ring
1235,pinky&ring
1339,pinky&ring
1503,pinky&ring
1672,pinky&ring
1741,pinky&ring
1484,pinky&ring
1638,pinky&ring
1987,pinky&ring
2350,pinky&ring
2561,pinky&ring
2510,pinky&ring
2337,pinky&ring
2163,pinky&ring
1986,pinky&ring
1940,pinky&ring
2198,pinky&ring
2036,pinky&ring
1717,pinky&ring
1386,pinky&ring
1253,pinky&ring
1228,pinky&ring
1341,pinky&ring
1505,pinky&ring
1678,pinky&ring
1746,pinky&ring
1502,pinky&ring
1655,pinky&ring
2003,pinky&ring
2362,pinky&ring
2569,pinky&ring
2530,pinky&ring
2358,pinky&ring
2182,pinky&ring
2006,pinky&ring
1939,pinky&ring
2169,pinky&ring
2016,pinky&ring
1690,pinky&ring
1363,pinky&ring
1232,pinky&ring
1220,pinky&ring
1338,pinky&ring
1502,pinky&ring
1676,pinky&ring
1746,pinky&ring
1496,pinky&ring
1652,pinky&ring
2003,pinky&ring
2370,pinky&ring
2570,pinky&ring
2519,pinky&ring
2350,pinky&ring
2174,pinky&ring
2008,pinky&ring
1958,pinky&ring
2196,pinky&ring
2030,pinky&ring
1697,pinky&ring
1362,pinky&ring
1224,pinky&ring
1204,pinky&ring
1329,pinky&ring
1497,pinky&ring
1673,pinky&ring
1729,pinky&ring
1490,pinky&ring
1651,pinky&ring
2005,pinky&ring
2370,pinky&ring
2569,pinky&ring
2524,pinky&ring
2345,pinky&ring
2167,pinky&ring
1994,pinky&ring
1969,pinky&ring
2224,pinky&ring
2082,pinky&ring
1735,pinky&ring
1396,pinky&ring
1253,pinky&ring
1217,pinky&ring
1315,pinky&ring
1466,pinky&ring
1611,pinky&ring
1685,pinky&ring
1462,pinky&ring
1638,pinky&ring
2008,pinky&ring
2367,pinky&ring
2542,pinky&ring
2508,pinky&ring
2351,pinky&ring
2184,pinky&ring
2010,pinky&ring
1970,pinky&ring
2213,pinky&ring
2032,pinky&ring
1700,pinky&ring
1376,pinky&ring
1242,pinky&ring
1221,pinky&ring
1351,pinky&ring
1518,pinky&ring
1689,pinky&ring
1738,pinky&ring
1499,pinky&ring
1658,pinky&ring
2010,pinky&ring
2364,pinky&ring
2555,pinky&ring
2499,pinky&ring
2331,pinky&ring
2161,pinky&ring
1995,pinky&ring
1962,pinky&ring
2196,pinky&ring
2023,pinky&ring
1684,pinky&ring
1367,pinky&ring
1241,pinky&ring
1227,pinky&ring
1345,pinky&ring
1509,pinky&ring
1682,pinky&ring
1727,pinky&ring
1490,pinky&ring
1659,pinky&ring
2016,pinky&ring
2378,pinky&ring
2569,pinky&ring
2515,pinky&ring
2347,pinky&ring
2177,pinky&ring
1998,pinky&ring
1978,pinky&ring
2213,pinky&ring
2026,pinky&ring
1679,pinky&ring
1349,pinky&ring
1222,pinky&ring
1196,pinky&ring
1306,pinky&ring
1500,pinky&ring
1677,pinky&ring
1727,pinky&ring
1495,pinky&ring
1666,pinky&ring
2026,pinky&ring
2384,pinky&ring
2575,pinky&ring
2516,pinky&ring
2336,pinky&ring
2172,pinky&ring
2006,pinky&ring
1981,pinky&ring
2220,pinky&ring
2040,pinky&ring
1688,pinky&ring
1366,pinky&ring
1224,pinky&ring
1184,pinky&ring
1324,pinky&ring
1493,pinky&ring
1673,pinky&ring
1723,pinky&ring
1490,pinky&ring
1660,pinky&ring
2024,pinky&ring
2381,pinky&ring
2570,pinky&ring
2521,pinky&ring
2342,pinky&ring
2164,pinky&ring
1996,pinky&ring
1977,pinky&ring
2206,pinky&ring
2023,pinky&ring
1686,pinky&ring
1369,pinky&ring
1247,pinky&ring
1224,pinky&ring
1345,pinky&ring
1505,pinky&ring
1682,pinky&ring
1717,pinky&ring
1489,pinky&ring
1660,pinky&ring
2022,pinky&ring
2379,pinky&ring
2567,pinky&ring
2510,pinky&ring
2333,pinky&ring
2160,pinky&ring
1992,pinky&ring
1978,pinky&ring
2205,pinky&ring
2017,pinky&ring
1676,pinky&ring
1358,pinky&ring
1239,pinky&ring
1231,pinky&ring
1356,pinky&ring
1527,pinky&ring
1687,pinky&ring
1716,pinky&ring
1489,pinky&ring
1660,pinky&ring
2025,pinky&ring
2386,pinky&ring
2568,pinky&ring
2497,pinky&ring
2325,pinky&ring
2156,pinky&ring
1988,pinky&ring
1973,pinky&ring
2191,pinky&ring
2002,pinky&ring
1673,pinky&ring
1360,pinky&ring
1231,pinky&ring
1225,pinky&ring
1351,pinky&ring
1525,pinky&ring
1694,pinky&ring
1714,pinky&ring
1493,pinky&ring
1671,pinky&ring
2034,pinky&ring
2395,pinky&ring
2573,pinky&ring
2511,pinky&ring
2328,pinky&ring
2156,pinky&ring
1986,pinky&ring
1980,pinky&ring
2198,pinky&ring
2009,pinky&ring
1659,pinky&ring
1351,pinky&ring
1231,pinky&ring
1219,pinky&ring
1348,pinky&ring
1515,pinky&ring
1688,pinky&ring
1706,pinky&ring
1491,pinky&ring
1671,pinky&ring
2047,pinky&ring
2398,pinky&ring
2576,pinky&ring
2508,pinky&ring
2334,pinky&ring
2160,pinky&ring
1992,pinky&ring
1986,pinky&ring
2210,pinky&ring
2024,pinky&ring
1684,pinky&ring
1368,pinky&ring
1253,pinky&ring
1225,pinky&ring
1338,pinky&ring
1482,pinky&ring
1658,pinky&ring
1692,pinky&ring
1484,pinky&ring
1666,pinky&ring
2036,pinky&ring
2392,pinky&ring
2563,pinky&ring
2507,pinky&ring
2327,pinky&ring
2158,pinky&ring
1991,pinky&ring
1992,pinky&ring
2203,pinky&ring
2018,pinky&ring
1664,pinky&ring
1355,pinky&ring
1235,pinky&ring
1225,pinky&ring
1351,pinky&ring
1523,pinky&ring
1701,pinky&ring
1711,pinky&ring
1487,pinky&ring
1673,pinky&ring
2048,pinky&ring
2404,pinky&ring
2573,pinky&ring
2510,pinky&ring
2326,pinky&ring
2148,pinky&ring
1980,pinky&ring
1989,pinky&ring
2203,pinky&ring
2007,pinky&ring
1650,pinky&ring
1346,pinky&ring
1221,pinky&ring
1211,pinky&ring
1346,pinky&ring
1517,pinky&ring
1701,pinky&ring
1713,pinky&ring
1502,pinky&ring
1681,pinky&ring
2074,pinky&ring
2404,pinky&ring
2567,pinky&ring
2501,pinky&ring
2310,pinky&ring
2142,pinky&ring
1958,pinky&ring
1979,pinky&ring
2205,pinky&ring
2015,pinky&ring
1652,pinky&ring
1346,pinky&ring
1229,pinky&ring
1220,pinky&ring
1351,pinky&ring
1526,pinky&ring
1700,pinky&ring
1704,pinky&ring
1484,pinky&ring
1663,pinky&ring
2049,pinky&ring
2425,pinky&ring
2606,pinky&ring
2538,pinky&ring
2344,pinky&ring
2162,pinky&ring
1971,pinky&ring
1978,pinky&ring
2187,pinky&ring
1999,pinky&ring
1630,pinky&ring
1324,pinky&ring
1203,pinky&ring
1206,pinky&ring
1348,pinky&ring
1523,pinky&ring
1684,pinky&ring
1678,pinky&ring
1474,pinky&ring
1667,pinky&ring
2060,pinky&ring
2425,pinky&ring
2588,pinky&ring
2518,pinky&ring
2330,pinky&ring
2158,pinky&ring
1988,pinky&ring
2012,pinky&ring
2212,pinky&ring
2015,pinky&ring
1655,pinky&ring
1345,pinky&ring
1225,pinky&ring
1227,pinky&ring
1361,pinky&ring
1515,pinky&ring
1685,pinky&ring
1680,pinky&ring
1462,pinky&ring
1639,pinky&ring
2041,pinky&ring
2429,pinky&ring
2598,pinky&ring
2523,pinky&ring
2331,pinky&ring
2144,pinky&ring
1970,pinky&ring
2005,pinky&ring
2212,pinky&ring
2008,pinky&ring
1637,pinky&ring
1333,pinky&ring
1218,pinky&ring
1216,pinky&ring
1361,pinky&ring
1542,pinky&ring
1711,pinky&ring
1694,pinky&ring
1474,pinky&ring
1654,pinky&ring
2046,pinky&ring
2418,pinky&ring
2591,pinky&ring
2517,pinky&ring
2327,pinky&ring
2154,pinky&ring
1984,pinky&ring
2021,pinky&ring
2215,pinky&ring
2013,pinky&ring
1637,pinky&ring
1325,pinky&ring
1213,pinky&ring
1210,pinky&ring
1351,pinky&ring
1520,pinky&ring
1702,pinky&ring
1687,pinky&ring
1480,pinky&ring
1686,pinky&ring
2107,pinky&ring
2472,pinky&ring
2616,pinky&ring
2528,pinky&ring
2308,pinky&ring
2089,pinky&ring
1927,pinky&ring
1985,pinky&ring
2194,pinky&ring
1986,pinky&ring
1620,pinky&ring
1322,pinky&ring
1216,pinky&ring
1216,pinky&ring
1364,pinky&ring
1533,pinky&ring
1708,pinky&ring
1683,pinky&ring
1478,pinky&ring
1683,pinky&ring
2083,pinky&ring
2445,pinky&ring
2618,pinky&ring
2545,pinky&ring
2347,pinky&ring
2192,pinky&ring
2005,pinky&ring
2022,pinky&ring
2199,pinky&ring
1998,pinky&ring
1590,pinky&ring
1273,pinky&ring
1150,pinky&ring
1187,pinky&ring
1341,pinky&ring
1516,pinky&ring
1700,pinky&ring
1682,pinky&ring
1479,pinky&ring
1679,pinky&ring
2081,pinky&ring
2444,pinky&ring
2613,pinky&ring
2536,pinky&ring
2341,pinky&ring
2154,pinky&ring
1982,pinky&ring
2026,pinky&ring
2222,pinky&ring
2023,pinky&ring
1643,pinky&ring
1339,pinky&ring
1225,pinky&ring
1213,pinky&ring
1356,pinky&ring
1497,pinky&ring
1651,pinky&ring
1610,pinky&ring
1427,pinky&ring
1663,pinky&ring
2084,pinky&ring
2457,pinky&ring
2614,pinky&ring
2533,pinky&ring
2333,pinky&ring
2158,pinky&ring
1982,pinky&ring
2042,pinky&ring
2231,pinky&ring
2008,pinky&ring
1616,pinky&ring
1319,pinky&ring
1217,pinky&ring
1211,pinky&ring
1357,pinky&ring
1525,pinky&ring
1693,pinky&ring
1641,pinky&ring
1441,pinky&ring
1671,pinky&ring
2098,pinky&ring
2464,pinky&ring
2616,pinky&ring
2534,pinky&ring
2327,pinky&ring
2143,pinky&ring
1967,pinky&ring
2036,pinky&ring
2231,pinky&ring
1996,pinky&ring
1607,pinky&ring
1306,pinky&ring
1191,pinky&ring
1195,pinky&ring
1349,pinky&ring
1532,pinky&ring
1713,pinky&ring
1669,pinky&ring
1481,pinky&ring
1696,pinky&ring
2103,pinky&ring
2445,pinky&ring
2588,pinky&ring
2520,pinky&ring
2328,pinky&ring
2134,pinky&ring
1944,pinky&ring
2020,pinky&ring
2225,pinky&ring
2013,pinky&ring
1617,pinky&ring
1320,pinky&ring
1199,pinky&ring
1187,pinky&ring
1337,pinky&ring
1514,pinky&ring
1693,pinky&ring
1653,pinky&ring
1470,pinky&ring
1695,pinky&ring
2100,pinky&ring
2464,pinky&ring
2621,pinky&ring
2535,pinky&ring
2332,pinky&ring
2167,pinky&ring
1982,pinky&ring
2048,pinky&ring
2231,pinky&ring
1997,pinky&ring
1603,pinky&ring
1328,pinky&ring
1222,pinky&ring
1235,pinky&ring
1388,pinky&ring
1532,pinky&ring
1670,pinky&ring
1579,pinky&ring
1397,pinky&ring
1633,pinky&ring
2088,pinky&ring
2473,pinky&ring
2617,pinky&ring
2533,pinky&ring
2316,pinky&ring
2138,pinky&ring
1969,pinky&ring
2049,pinky&ring
2238,pinky&ring
2007,pinky&ring
1604,pinky&ring
1316,pinky&ring
1219,pinky&ring
1219,pinky&ring
1374,pinky&ring
1527,pinky&ring
1695,pinky&ring
1644,pinky&ring
1452,pinky&ring
1657,pinky&ring
2112,pinky&ring
2479,pinky&ring
2611,pinky&ring
2527,pinky&ring
2327,pinky&ring
2132,pinky&ring
1942,pinky&ring
2070,pinky&ring
2254,pinky&ring
2005,pinky&ring
1590,pinky&ring
1293,pinky&ring
1178,pinky&ring
1196,pinky&ring
1353,pinky&ring
1539,pinky&ring
1737,pinky&ring
1660,pinky&ring
1446,pinky&ring
1651,pinky&ring
2091,pinky&ring
2477,pinky&ring
2621,pinky&ring
2525,pinky&ring
2326,pinky&ring
2152,pinky&ring
1977,pinky&ring
2075,pinky&ring
2243,pinky&ring
2004,pinky&ring
1576,pinky&ring
1275,pinky&ring
1177,pinky&ring
1206,pinky&ring
1367,pinky&ring
1535,pinky&ring
1705,pinky&ring
1630,pinky&ring
1413,pinky&ring
1642,pinky&ring
2123,pinky&ring
2489,pinky&ring
2624,pinky&ring
2521,pinky&ring
2318,pinky&ring
2141,pinky&ring
1970,pinky&ring
2081,pinky&ring
2259,pinky&ring
2007,pinky&ring
1587,pinky&ring
1293,pinky&ring
1179,pinky&ring
1180,pinky&ring
1374,pinky&ring
1546,pinky&ring
1713,pinky&ring
1614,pinky&ring
1424,pinky&ring
1654,pinky&ring
2114,pinky&ring
2490,pinky&ring
2643,pinky&ring
2521,pinky&ring
2283,pinky&ring
2139,pinky&ring
1981,pinky&ring
2088,pinky&ring
2254,pinky&ring
1998,pinky&ring
1552,pinky&ring
1262,pinky&ring
1177,pinky&ring
1181,pinky&ring
1347,pinky&ring
1543,pinky&ring
1704,pinky&ring
1610,pinky&ring
1437,pinky&ring
1684,pinky&ring
2126,pinky&ring
2512,pinky&ring
2667,pinky&ring
2568,pinky&ring
2355,pinky&ring
2158,pinky&ring
1978,pinky&ring
2083,pinky&ring
2245,pinky&ring
1985,pinky&ring
1525,pinky&ring
1224,pinky&ring
1150,pinky&ring
1175,pinky&ring
1357,pinky&ring
1533,pinky&ring
1721,pinky&ring
1614,pinky&ring
1441,pinky&ring
1688,pinky&ring
2160,pinky&ring
2521,pinky&ring
2643,pinky&ring
2540,pinky&ring
2309,pinky&ring
2114,pinky&ring
1952,pinky&ring
2083,pinky&ring
2250,pinky&ring
2002,pinky&ring
1563,pinky&ring
1269,pinky&ring
1165,pinky&ring
1168,pinky&ring
1342,pinky&ring
1531,pinky&ring
1709,pinky&ring
1618,pinky&ring
1440,pinky&ring
1690,pinky&ring
2177,pinky&ring
2571,pinky&ring
2676,pinky&ring
2519,pinky&ring
2298,pinky&ring
2118,pinky&ring
1949,pinky&ring
2096,pinky&ring
2255,pinky&ring
2010,pinky&ring
1568,pinky&ring
1271,pinky&ring
1130,pinky&ring
1120,pinky&ring
1327,pinky&ring
1532,pinky&ring
1709,pinky&ring
1601,pinky&ring
1429,pinky&ring
1692,pinky&ring
2163,pinky&ring
2539,pinky&ring
2658,pinky&ring
2558,pinky&ring
2333,pinky&ring
2149,pinky&ring
1969,pinky&ring
2098,pinky&ring
2249,pinky&ring
2008,pinky&ring
1551,pinky&ring
1257,pinky&ring
1148,pinky&ring
1166,pinky&ring
1341,pinky&ring
1542,pinky&ring
1719,pinky&ring
1597,pinky&ring
1452,pinky&ring
1701,pinky&ring
2160,pinky&ring
2524,pinky&ring
2619,pinky&ring
2531,pinky&ring
2308,pinky&ring
2115,pinky&ring
1960,pinky&ring
2135,pinky&ring
2268,pinky&ring
1998,pinky&ring
1561,pinky&ring
1269,pinky&ring
1167,pinky&ring
1175,pinky&ring
1335,pinky&ring
1510,pinky&ring
1684,pinky&ring
1605,pinky&ring
1450,pinky&ring
1681,pinky&ring
2153,pinky&ring
2522,pinky&ring
2642,pinky&ring
2545,pinky&ring
2314,pinky&ring
2117,pinky&ring
1947,pinky&ring
2099,pinky&ring
2249,pinky&ring
2008,pinky&ring
1559,pinky&ring
1282,pinky&ring
1172,pinky&ring
1159,pinky&ring
1339,pinky&ring
1530,pinky&ring
1713,pinky&ring
1604,pinky&ring
1439,pinky&ring
1692,pinky&ring
2163,pinky&ring
2529,pinky&ring
2644,pinky&ring
2545,pinky&ring
2326,pinky&ring
2142,pinky&ring
1964,pinky&ring
2096,pinky&ring
2244,pinky&ring
1986,pinky&ring
1546,pinky&ring
1258,pinky&ring
1161,pinky&ring
1175,pinky&ring
1341,pinky&ring
1532,pinky&ring
1724,pinky&ring
1616,pinky&ring
1467,pinky&ring
1691,pinky&ring
2157,pinky&ring
2517,pinky&ring
2631,pinky&ring
2529,pinky&ring
2310,pinky&ring
2132,pinky&ring
1956,pinky&ring
2104,pinky&ring
2249,pinky&ring
1996,pinky&ring
1552,pinky&ring
1267,pinky&ring
1171,pinky&ring
1175,pinky&ring
1376,pinky&ring
1572,pinky&ring
1748,pinky&ring
1609,pinky&ring
1436,pinky&ring
1671,pinky&ring
2143,pinky&ring
2457,pinky&ring
2546,pinky&ring
2517,pinky&ring
2344,pinky&ring
2166,pinky&ring
1983,pinky&ring
2119,pinky&ring
2242,pinky&ring
1988,pinky&ring
1551,pinky&ring
1287,pinky&ring
1163,pinky&ring
1176,pinky&ring
1362,pinky&ring
1556,pinky&ring
1729,pinky&ring
1603,pinky&ring
1463,pinky&ring
1701,pinky&ring
2161,pinky&ring
2505,pinky&ring
2612,pinky&ring
2519,pinky&ring
2306,pinky&ring
2138,pinky&ring
1963,pinky&ring
2109,pinky&ring
2239,pinky&ring
1972,pinky&ring
1531,pinky&ring
1272,pinky&ring
1178,pinky&ring
1188,pinky&ring
1361,pinky&ring
1544,pinky&ring
1725,pinky&ring
1598,pinky&ring
1453,pinky&ring
1697,pinky&ring
2162,pinky&ring
2512,pinky&ring
2617,pinky&ring
2520,pinky&ring
2313,pinky&ring
2134,pinky&ring
1963,pinky&ring
2092,pinky&ring
2222,pinky&ring
1981,pinky&ring
1550,pinky&ring
1276,pinky&ring
1185,pinky&ring
1195,pinky&ring
1368,pinky&ring
1548,pinky&ring
1726,pinky&ring
1584,pinky&ring
1449,pinky&ring
1697,pinky&ring
2160,pinky&ring
2514,pinky&ring
2614,pinky&ring
2515,pinky&ring
2309,pinky&ring
2129,pinky&ring
1953,pinky&ring
2105,pinky&ring
2232,pinky&ring
1981,pinky&ring
1546,pinky&ring
1280,pinky&ring
1186,pinky&ring
1195,pinky&ring
1367,pinky&ring
1541,pinky&ring
1729,pinky&ring
1589,pinky&ring
1460,pinky&ring
1702,pinky&ring
2166,pinky&ring
2521,pinky&ring
2619,pinky&ring
2520,pinky&ring
2308,pinky&ring
2130,pinky&ring
1958,pinky&ring
2115,pinky&ring
2235,pinky&ring
1975,pinky&ring
1532,pinky&ring
1271,pinky&ring
1183,pinky&ring
1192,pinky&ring
1386,pinky&ring
1569,pinky&ring
1727,pinky&ring
1591,pinky&ring
1441,pinky&ring
1671,pinky&ring
2153,pinky&ring
2489,pinky&ring
2598,pinky&ring
2510,pinky&ring
2311,pinky&ring
2127,pinky&ring
1962,pinky&ring
2115,pinky&ring
2225,pinky&ring
1981,pinky&ring
1546,pinky&ring
1275,pinky&ring
1181,pinky&ring
1198,pinky&ring
1371,pinky&ring
1550,pinky&ring
1722,pinky&ring
1584,pinky&ring
1463,pinky&ring
1707,pinky&ring
2167,pinky&ring
2507,pinky&ring
2610,pinky&ring
2519,pinky&ring
2311,pinky&ring
2122,pinky&ring
1955,pinky&ring
2106,pinky&ring
2218,pinky&ring
1989,pinky&ring
1552,pinky&ring
1284,pinky&ring
1192,pinky&ring
1195,pinky&ring
1365,pinky&ring
1542,pinky&ring
1718,pinky&ring
1579,pinky&ring
1471,pinky&ring
1714,pinky&ring
2177,pinky&ring
2517,pinky&ring
2605,pinky&ring
2500,pinky&ring
2269,pinky&ring
2091,pinky&ring
1929,pinky&ring
2157,pinky&ring
2261,pinky&ring
1986,pinky&ring
1548,pinky&ring
1276,pinky&ring
1176,pinky&ring
1206,pinky&ring
1370,pinky&ring
1526,pinky&ring
1708,pinky&ring
1578,pinky&ring
1461,pinky&ring
1712,pinky&ring
2181,pinky&ring
2527,pinky&ring
2617,pinky&ring
2508,pinky&ring
2299,pinky&ring
2127,pinky&ring
1962,pinky&ring
2115,pinky&ring
2214,pinky&ring
1961,pinky&ring
1530,pinky&ring
1272,pinky&ring
1179,pinky&ring
1196,pinky&ring
1375,pinky&ring
1545,pinky&ring
1719,pinky&ring
1578,pinky&ring
1478,pinky&ring
1722,pinky&ring
2171,pinky&ring
2516,pinky&ring
2615,pinky&ring
2519,pinky&ring
2306,pinky&ring
2121,pinky&ring
1956,pinky&ring
2129,pinky&ring
2213,pinky&ring
1955,pinky&ring
1515,pinky&ring
1269,pinky&ring
1182,pinky&ring
1193,pinky&ring
1370,pinky&ring
1550,pinky&ring
1725,pinky&ring
1569,pinky&ring
1475,pinky&ring
1717,pinky&ring
2178,pinky&ring
2516,pinky&ring
2597,pinky&ring
2503,pinky&ring
2294,pinky&ring
2115,pinky&ring
1952,pinky&ring
2128,pinky&ring
2221,pinky&ring
1966,pinky&ring
1529,pinky&ring
1271,pinky&ring
1180,pinky&ring
1196,pinky&ring
1376,pinky&ring
1561,pinky&ring
1728,pinky&ring
1568,pinky&ring
1477,pinky&ring
1723,pinky&ring
2185,pinky&ring
2527,pinky&ring
2615,pinky&ring
2511,pinky&ring
2300,pinky&ring
2120,pinky&ring
1950,pinky&ring
2123,pinky&ring
2205,pinky&ring
1948,pinky&ring
1515,pinky&ring
1275,pinky&ring
1194,pinky&ring
1209,pinky&ring
1377,pinky&ring
1540,pinky&ring
1745,pinky&ring
1598,pinky&ring
1480,pinky&ring
1709,pinky&ring
2159,pinky&ring
2509,pinky&ring
2618,pinky&ring
2500,pinky&ring
2281,pinky&ring
2126,pinky&ring
1963,pinky&ring
2139,pinky&ring
2219,pinky&ring
1961,pinky&ring
1518,pinky&ring
1268,pinky&ring
1169,pinky&ring
1196,pinky&ring
1399,pinky&ring
1560,pinky&ring
1714,pinky&ring
1527,pinky&ring
1431,pinky&ring
1703,pinky&ring
2186,pinky&ring
2537,pinky&ring
2633,pinky&ring
2516,pinky&ring
2304,pinky&ring
2129,pinky&ring
1962,pinky&ring
2142,pinky&ring
2215,pinky&ring
1961,pinky&ring
1520,pinky&ring
1271,pinky&ring
1180,pinky&ring
1192,pinky&ring
1368,pinky&ring
1547,pinky&ring
1722,pinky&ring
1562,pinky&ring
1483,pinky&ring
1733,pinky&ring
2195,pinky&ring
2529,pinky&ring
2608,pinky&ring
2502,pinky&ring
2291,pinky&ring
2116,pinky&ring
1959,pinky&ring
2152,pinky&ring
2210,pinky&ring
1946,pinky&ring
1511,pinky&ring
1266,pinky&ring
1181,pinky&ring
1197,pinky&ring
1371,pinky&ring
1559,pinky&ring
1723,pinky&ring
1552,pinky&ring
1472,pinky&ring
1736,pinky&ring
2199,pinky&ring
2536,pinky&ring
2612,pinky&ring
2489,pinky&ring
2290,pinky&ring
2134,pinky&ring
1970,pinky&ring
2147,pinky&ring
2212,pinky&ring
1964,pinky&ring
1513,pinky&ring
1253,pinky&ring
1174,pinky&ring
1196,pinky&ring
1377,pinky&ring
1562,pinky&ring
1728,pinky&ring
1552,pinky&ring
1483,pinky&ring
1744,pinky&ring
2203,pinky&ring
2536,pinky&ring
2604,pinky&ring
2499,pinky&ring
2291,pinky&ring
2116,pinky&ring
1949,pinky&ring
2148,pinky&ring
2203,pinky&ring
1943,pinky&ring
1505,pinky&ring
1263,pinky&ring
1184,pinky&ring
1204,pinky&ring
1382,pinky&ring
1560,pinky&ring
1729,pinky&ring
1554,pinky&ring
1493,pinky&ring
1737,pinky&ring
2194,pinky&ring
2532,pinky&ring
2625,pinky&ring
2509,pinky&ring
2290,pinky&ring
2085,pinky&ring
1910,pinky&ring
2131,pinky&ring
2205,pinky&ring
1944,pinky&ring
1508,pinky&ring
1268,pinky&ring
1203,pinky&ring
1227,pinky&ring
1399,pinky&ring
1562,pinky&ring
1722,pinky&ring
1524,pinky&ring
1475,pinky&ring
1740,pinky&ring
2188,pinky&ring
2535,pinky&ring
2611,pinky&ring
2507,pinky&ring
2300,pinky&ring
2119,pinky&ring
1953,pinky&ring
2153,pinky&ring
2204,pinky&ring
1941,pinky&ring
1506,pinky&ring
1266,pinky&ring
1184,pinky&ring
1209,pinky&ring
1376,pinky&ring
1561,pinky&ring
1738,pinky&ring
1543,pinky&ring
1477,pinky&ring
1749,pinky&ring
2211,pinky&ring
2545,pinky&ring
2612,pinky&ring
2495,pinky&ring
2290,pinky&ring
2105,pinky&ring
1947,pinky&ring
2157,pinky&ring
2205,pinky&ring
1935,pinky&ring
1490,pinky&ring
1259,pinky&ring
1176,pinky&ring
1205,pinky&ring
1385,pinky&ring
1572,pinky&ring
1733,pinky&ring
1548,pinky&ring
1497,pinky&ring
1766,pinky&ring
2220,pinky&ring
2541,pinky&ring
2604,pinky&ring
2490,pinky&ring
2281,pinky&ring
2098,pinky&ring
1941,pinky&ring
2158,pinky&ring
2204,pinky&ring
1937,pinky&ring
1500,pinky&ring
1258,pinky&ring
1181,pinky&ring
1219,pinky&ring
1385,pinky&ring
1564,pinky&ring
1735,pinky&ring
1537,pinky&ring
1491,pinky&ring
1752,pinky&ring
2214,pinky&ring
2538,pinky&ring
2598,pinky&ring
2486,pinky&ring
2281,pinky&ring
2106,pinky&ring
1946,pinky&ring
2160,pinky&ring
2198,pinky&ring
1919,pinky&ring
1487,pinky&ring
1247,pinky&ring
1177,pinky&ring
1210,pinky&ring
1390,pinky&ring
1588,pinky&ring
1751,pinky&ring
1537,pinky&ring
1494,pinky&ring
1759,pinky&ring
2215,pinky&ring
2537,pinky&ring
2600,pinky&ring
2488,pinky&ring
2283,pinky&ring
2100,pinky&ring
1941,pinky&ring
2174,pinky&ring
2204,pinky&ring
1925,pinky&ring
1486,pinky&ring
1247,pinky&ring
1174,pinky&ring
1211,pinky&ring
1393,pinky&ring
1571,pinky&ring
1744,pinky&ring
1552,pinky&ring
1501,pinky&ring
1764,pinky&ring
2229,pinky&ring
2547,pinky&ring
2600,pinky&ring
2487,pinky&ring
2280,pinky&ring
2100,pinky&ring
1947,pinky&ring
2168,pinky&ring
2197,pinky&ring
1920,pinky&ring
1475,pinky&ring
1239,pinky&ring
1169,pinky&ring
1197,pinky&ring
1379,pinky&ring
1583,pinky&ring
1758,pinky&ring
1561,pinky&ring
1532,pinky&ring
1797,pinky&ring
2231,pinky&ring
2536,pinky&ring
2586,pinky&ring
2472,pinky&ring
2259,pinky&ring
2082,pinky&ring
1924,pinky&ring
2173,pinky&ring
2184,pinky&ring
1905,pinky&ring
1478,pinky&ring
1261,pinky&ring
1180,pinky&ring
1199,pinky&ring
1367,pinky&ring
1553,pinky&ring
1726,pinky&ring
1525,pinky&ring
1512,pinky&ring
1786,pinky&ring
2238,pinky&ring
2564,pinky&ring
2613,pinky&ring
2500,pinky&ring
2290,pinky&ring
2117,pinky&ring
1955,pinky&ring
2192,pinky&ring
2212,pinky&ring
1927,pinky&ring
1480,pinky&ring
1229,pinky&ring
1151,pinky&ring
1201,pinky&ring
1383,pinky&ring
1569,pinky&ring
1734,pinky&ring
1523,pinky&ring
1499,pinky&ring
1772,pinky&ring
2232,pinky&ring
2557,pinky&ring
2604,pinky&ring
2487,pinky&ring
2278,pinky&ring
2098,pinky&ring
1938,pinky&ring
2177,pinky&ring
2195,pinky&ring
1911,pinky&ring
1477,pinky&ring
1255,pinky&ring
1191,pinky&ring
1227,pinky&ring
1411,pinky&ring
1592,pinky&ring
1750,pinky&ring
1536,pinky&ring
1501,pinky&ring
1750,pinky&ring
2214,pinky&ring
2548,pinky&ring
2597,pinky&ring
2476,pinky&ring
2270,pinky&ring
2090,pinky&ring
1926,pinky&ring
2166,pinky&ring
2186,pinky&ring
1912,pinky&ring
1477,pinky&ring
1258,pinky&ring
1190,pinky&ring
1223,pinky&ring
1398,pinky&ring
1582,pinky&ring
1749,pinky&ring
1532,pinky&ring
1510,pinky&ring
1790,pinky&ring
2249,pinky&ring
2575,pinky&ring
2616,pinky&ring
2485,pinky&ring
2264,pinky&ring
2085,pinky&ring
1923,pinky&ring
2160,pinky&ring
2164,pinky&ring
1864,pinky&ring
1428,pinky&ring
1240,pinky&ring
1180,pinky&ring
1223,pinky&ring
1413,pinky&ring
1596,pinky&ring
1767,pinky&ring
1537,pinky&ring
1518,pinky&ring
1799,pinky&ring
2257,pinky&ring
2584,pinky&ring
2619,pinky&ring
2489,pinky&ring
2284,pinky&ring
2108,pinky&ring
1947,pinky&ring
2171,pinky&ring
2139,pinky&ring
1870,pinky&ring
1436,pinky&ring
1208,pinky&ring
1155,pinky&ring
1207,pinky&ring
1388,pinky&ring
1579,pinky&ring
1753,pinky&ring
1534,pinky&ring
1529,pinky&ring
1807,pinky&ring
2261,pinky&ring
2566,pinky&ring
2604,pinky&ring
2483,pinky&ring
2276,pinky&ring
2100,pinky&ring
1933,pinky&ring
2177,pinky&ring
2174,pinky&ring
1899,pinky&ring
1475,pinky&ring
1259,pinky&ring
1183,pinky&ring
1218,pinky&ring
1394,pinky&ring
1565,pinky&ring
1726,pinky&ring
1498,pinky&ring
1507,pinky&ring
1801,pinky&ring
2251,pinky&ring
2567,pinky&ring
2599,pinky&ring
2465,pinky&ring
2263,pinky&ring
2087,pinky&ring
1936,pinky&ring
2185,pinky&ring
2180,pinky&ring
1904,pinky&ring
1491,pinky&ring
1267,pinky&ring
1193,pinky&ring
1241,pinky&ring
1421,pinky&ring
1586,pinky&ring
1734,pinky&ring
1480,pinky&ring
1463,pinky&ring
1771,pinky&ring
2234,pinky&ring
2561,pinky&ring
2599,pinky&ring
2475,pinky&ring
2271,pinky&ring
2092,pinky&ring
1930,pinky&ring
2185,pinky&ring
2178,pinky&ring
1883,pinky&ring
1465,pinky&ring
1267,pinky&ring
1201,pinky&ring
1244,pinky&ring
1441,pinky&ring
1635,pinky&ring
1783,pinky&ring
1498,pinky&ring
1491,pinky&ring
1785,pinky&ring
2224,pinky&ring
2524,pinky&ring
2555,pinky&ring
2441,pinky&ring
2247,pinky&ring
2073,pinky&ring
1921,pinky&ring
2178,pinky&ring
2177,pinky&ring
1894,pinky&ring
1467,pinky&ring
1258,pinky&ring
1199,pinky&ring
1241,pinky&ring
1415,pinky&ring
1597,pinky&ring
1769,pinky&ring
1544,pinky&ring
1554,pinky&ring
1843,pinky&ring
2295,pinky&ring
2585,pinky&ring
2601,pinky&ring
2456,pinky&ring
2251,pinky&ring
2021,pinky&ring
1851,pinky&ring
2121,pinky&ring
2121,pinky&ring
1855,pinky&ring
1440,pinky&ring
1238,pinky&ring
1188,pinky&ring
1243,pinky&ring
1425,pinky&ring
1609,pinky&ring
1772,pinky&ring
1527,pinky&ring
1545,pinky&ring
1827,pinky&ring
2261,pinky&ring
2568,pinky&ring
2595,pinky&ring
2472,pinky&ring
2260,pinky&ring
2095,pinky&ring
1946,pinky&ring
2199,pinky&ring
2172,pinky&ring
1876,pinky&ring
1466,pinky&ring
1249,pinky&ring
1189,pinky&ring
1224,pinky&ring
1381,pinky&ring
1575,pinky&ring
1742,pinky&ring
1503,pinky&ring
1525,pinky&ring
1820,pinky&ring
2279,pinky&ring
2581,pinky&ring
2603,pinky&ring
2463,pinky&ring
2261,pinky&ring
2088,pinky&ring
1919,pinky&ring
2174,pinky&ring
2137,pinky&ring
1859,pinky&ring
1450,pinky&ring
1231,pinky&ring
1174,pinky&ring
1234,pinky&ring
1422,pinky&ring
1607,pinky&ring
1762,pinky&ring
1518,pinky&ring
1541,pinky&ring
1830,pinky&ring
2289,pinky&ring
2587,pinky&ring
2601,pinky&ring
2449,pinky&ring
2230,pinky&ring
2064,pinky&ring
1910,pinky&ring
2178,pinky&ring
2144,pinky&ring
1861,pinky&ring
1447,pinky&ring
1246,pinky&ring
1180,pinky&ring
1240,pinky&ring
1415,pinky&ring
1617,pinky&ring
1798,pinky&ring
1530,pinky&ring
1553,pinky&ring
1838,pinky&ring
2256,pinky&ring
2532,pinky&ring
2551,pinky&ring
2427,pinky&ring
2235,pinky&ring
2074,pinky&ring
1926,pinky&ring
2181,pinky&ring
2148,pinky&ring
1859,pinky&ring
1462,pinky&ring
1257,pinky&ring
1197,pinky&ring
1247,pinky&ring
1426,pinky&ring
1606,pinky&ring
1761,pinky&ring
1505,pinky&ring
1542,pinky&ring
1834,pinky&ring
2303,pinky&ring
2602,pinky&ring
2593,pinky&ring
2441,pinky&ring
2216,pinky&ring
2029,pinky&ring
1892,pinky&ring
2177,pinky&ring
2159,pinky&ring
1878,pinky&ring
1470,pinky&ring
1281,pinky&ring
1210,pinky&ring
1221,pinky&ring
1353,pinky&ring
1566,pinky&ring
1759,pinky&ring
1505,pinky&ring
1538,pinky&ring
1838,pinky&ring
2261,pinky&ring
2564,pinky&ring
2595,pinky&ring
2461,pinky&ring
2250,pinky&ring
2063,pinky&ring
1905,pinky&ring
2203,pinky&ring
2188,pinky&ring
1884,pinky&ring
1460,pinky&ring
1270,pinky&ring
1198,pinky&ring
1245,pinky&ring
1425,pinky&ring
1573,pinky&ring
1733,pinky&ring
1492,pinky&ring
1538,pinky&ring
1832,pinky&ring
2273,pinky&ring
2573,pinky&ring
2579,pinky&ring
2435,pinky&ring
2245,pinky&ring
2067,pinky&ring
1923,pinky&ring
2203,pinky&ring
2162,pinky&ring
1869,pinky&ring
1452,pinky&ring
1246,pinky&ring
1188,pinky&ring
1231,pinky&ring
1408,pinky&ring
1596,pinky&ring
1751,pinky&ring
1495,pinky&ring
1539,pinky&ring
1855,pinky&ring
2282,pinky&ring
2582,pinky&ring
2597,pinky&ring
2432,pinky&ring
2223,pinky&ring
2057,pinky&ring
1905,pinky&ring
2203,pinky&ring
2153,pinky&ring
1856,pinky&ring
1465,pinky&ring
1263,pinky&ring
1195,pinky&ring
1286,pinky&ring
1431,pinky&ring
1578,pinky&ring
1723,pinky&ring
1453,pinky&ring
1514,pinky&ring
1835,pinky&ring
2276,pinky&ring
2568,pinky&ring
2583,pinky&ring
2458,pinky&ring
2283,pinky&ring
2117,pinky&ring
1951,pinky&ring
2219,pinky&ring
2166,pinky&ring
1861,pinky&ring
1425,pinky&ring
1230,pinky&ring
1203,pinky&ring
1238,pinky&ring
1407,pinky&ring
1574,pinky&ring
1720,pinky&ring
1443,pinky&ring
1483,pinky&ring
1839,pinky&ring
2291,pinky&ring
2595,pinky&ring
2599,pinky&ring
2453,pinky&ring
2241,pinky&ring
2075,pinky&ring
1935,pinky&ring
2211,pinky&ring
2145,pinky&ring
1854,pinky&ring
1457,pinky&ring
1260,pinky&ring
1211,pinky&ring
1259,pinky&ring
1415,pinky&ring
1604,pinky&ring
1756,pinky&ring
1472,pinky&ring
1530,pinky&ring
1860,pinky&ring
2289,pinky&ring
2572,pinky&ring
2596,pinky&ring
2461,pinky&ring
2249,pinky&ring
2086,pinky&ring
1932,pinky&ring
2199,pinky&ring
2135,pinky&ring
1806,pinky&ring
1392,pinky&ring
1207,pinky&ring
1193,pinky&ring
1266,pinky&ring
1432,pinky&ring
1585,pinky&ring
1739,pinky&ring
1488,pinky&ring
1542,pinky&ring
1855,pinky&ring
2291,pinky&ring
2589,pinky&ring
2582,pinky&ring
2446,pinky&ring
2265,pinky&ring
2074,pinky&ring
1908,pinky&ring
2204,pinky&ring
2132,pinky&ring
1828,pinky&ring
1426,pinky&ring
1241,pinky&ring
1198,pinky&ring
1268,pinky&ring
1449,pinky&ring
1631,pinky&ring
1774,pinky&ring
1480,pinky&ring
1580,pinky&ring
1882,pinky&ring
2267,pinky&ring
2551,pinky&ring
2562,pinky&ring
2386,pinky&ring
2204,pinky&ring
2027,pinky&ring
1894,pinky&ring
2197,pinky&ring
2133,pinky&ring
1827,pinky&ring
1409,pinky&ring
1234,pinky&ring
1202,pinky&ring
1284,pinky&ring
1455,pinky&ring
1638,pinky&ring
1793,pinky&ring
1482,pinky&ring
1519,pinky&ring
1838,pinky&ring
2281,pinky&ring
2583,pinky&ring
2636,pinky&ring
2501,pinky&ring
2285,pinky&ring
2099,pinky&ring
1942,pinky&ring
2187,pinky&ring
2033,pinky&ring
1773,pinky&ring
1394,pinky&ring
1191,pinky&ring
1153,pinky&ring
1244,pinky&ring
1426,pinky&ring
1634,pinky&ring
1799,pinky&ring
1497,pinky&ring
1574,pinky&ring
1884,pinky&ring
2306,pinky&ring
2595,pinky&ring
2580,pinky&ring
2442,pinky&ring
2277,pinky&ring
2108,pinky&ring
1947,pinky&ring
2252,pinky&ring
2155,pinky&ring
1801,pinky&ring
1381,pinky&ring
1183,pinky&ring
1104,pinky&ring
1197,pinky&ring
1366,pinky&ring
1592,pinky&ring
1767,pinky&ring
1479,pinky&ring
1557,pinky&ring
1895,pinky&ring
2325,pinky&ring
2598,pinky&ring
2619,pinky&ring
2486,pinky&ring
2261,pinky&ring
2040,pinky&ring
1867,pinky&ring
2205,pinky&ring
2128,pinky&ring
1782,pinky&ring
1407,pinky&ring
1239,pinky&ring
1198,pinky&ring
1258,pinky&ring
1439,pinky&ring
1634,pinky&ring
1775,pinky&ring
1476,pinky&ring
1559,pinky&ring
1883,pinky&ring
2301,pinky&ring
2593,pinky&ring
2599,pinky&ring
2454,pinky&ring
2249,pinky&ring
2051,pinky&ring
1908,pinky&ring
2245,pinky&ring
2141,pinky&ring
1798,pinky&ring
1391,pinky&ring
1232,pinky&ring
1174,pinky&ring
1252,pinky&ring
1449,pinky&ring
1636,pinky&ring
1765,pinky&ring
1448,pinky&ring
1528,pinky&ring
1866,pinky&ring
2299,pinky&ring
2602,pinky&ring
2607,pinky&ring
2446,pinky&ring
2237,pinky&ring
2059,pinky&ring
1882,pinky&ring
2217,pinky&ring
2123,pinky&ring
1809,pinky&ring
1443,pinky&ring
1266,pinky&ring
1187,pinky&ring
1218,pinky&ring
1396,pinky&ring
1607,pinky&ring
1784,pinky&ring
1488,pinky&ring
1552,pinky&ring
1885,pinky&ring
2274,pinky&ring
2543,pinky&ring
2566,pinky&ring
2439,pinky&ring
2294,pinky&ring
2118,pinky&ring
1932,pinky&ring
2263,pinky&ring
2144,pinky&ring
1817,pinky&ring
1404,pinky&ring
1191,pinky&ring
1115,pinky&ring
1200,pinky&ring
1455,pinky&ring
1638,pinky&ring
1770,pinky&ring
1474,pinky&ring
1562,pinky&ring
1884,pinky&ring
2291,pinky&ring
2569,pinky&ring
2595,pinky&ring
2451,pinky&ring
2236,pinky&ring
2026,pinky&ring
1906,pinky&ring
2259,pinky&ring
2151,pinky&ring
1828,pinky&ring
1404,pinky&ring
1178,pinky&ring
1173,pinky&ring
1268,pinky&ring
1451,pinky&ring
1660,pinky&ring
1785,pinky&ring
1434,pinky&ring
1496,pinky&ring
1859,pinky&ring
2335,pinky&ring
2612,pinky&ring
2595,pinky&ring
2432,pinky&ring
2238,pinky&ring
2046,pinky&ring
1908,pinky&ring
2252,pinky&ring
2139,pinky&ring
1779,pinky&ring
1375,pinky&ring
1228,pinky&ring
1182,pinky&ring
1255,pinky&ring
1417,pinky&ring
1619,pinky&ring
1794,pinky&ring
1481,pinky&ring
1587,pinky&ring
1926,pinky&ring
2334,pinky&ring
2605,pinky&ring
2584,pinky&ring
2422,pinky&ring
2215,pinky&ring
2034,pinky&ring
1900,pinky&ring
2224,pinky&ring
2122,pinky&ring
1808,pinky&ring
1405,pinky&ring
1211,pinky&ring
1193,pinky&ring
1291,pinky&ring
1477,pinky&ring
1645,pinky&ring
1770,pinky&ring
1426,pinky&ring
1492,pinky&ring
1846,pinky&ring
2295,pinky&ring
2621,pinky&ring
2609,pinky&ring
2433,pinky&ring
2238,pinky&ring
2027,pinky&ring
1883,pinky&ring
2241,pinky&ring
2121,pinky&ring
1789,pinky&ring
1404,pinky&ring
1238,pinky&ring
1187,pinky&ring
1254,pinky&ring
1436,pinky&ring
1654,pinky&ring
1781,pinky&ring
1436,pinky&ring
1522,pinky&ring
1854,pinky&ring
2292,pinky&ring
2612,pinky&ring
2612,pinky&ring
2432,pinky&ring
2256,pinky&ring
2070,pinky&ring
1929,pinky&ring
2253,pinky&ring
2128,pinky&ring
1790,pinky&ring
1387,pinky&ring
1196,pinky&ring
1154,pinky&ring
1258,pinky&ring
1445,pinky&ring
1623,pinky&ring
1768,pinky&ring
1448,pinky&ring
1563,pinky&ring
1911,pinky&ring
2333,pinky&ring
2611,pinky&ring
2587,pinky&ring
2417,pinky&ring
2222,pinky&ring
2052,pinky&ring
1926,pinky&ring
2243,pinky&ring
2125,pinky&ring
1792,pinky&ring
1389,pinky&ring
1207,pinky&ring
1177,pinky&ring
1272,pinky&ring
1450,pinky&ring
1628,pinky&ring
1762,pinky&ring
1466,pinky&ring
1593,pinky&ring
1924,pinky&ring
2324,pinky&ring
2579,pinky&ring
2538,pinky&ring
2383,pinky&ring
2196,pinky&ring
2031,pinky&ring
1962,pinky&ring
2293,pinky&ring
2146,pinky&ring
1798,pinky&ring
1392,pinky&ring
1218,pinky&ring
1171,pinky&ring
1255,pinky&ring
1449,pinky&ring
1650,pinky&ring
1794,pinky&ring
1442,pinky&ring
1551,pinky&ring
1897,pinky&ring
2304,pinky&ring
2589,pinky&ring
2571,pinky&ring
2397,pinky&ring
2221,pinky&ring
2045,pinky&ring
1912,pinky&ring
2236,pinky&ring
2120,pinky&ring
1813,pinky&ring
1417,pinky&ring
1229,pinky&ring
1168,pinky&ring
1256,pinky&ring
1440,pinky&ring
1626,pinky&ring
1751,pinky&ring
1430,pinky&ring
1561,pinky&ring
1922,pinky&ring
2330,pinky&ring
2603,pinky&ring
2598,pinky&ring
2425,pinky&ring
2230,pinky&ring
2045,pinky&ring
1927,pinky&ring
2249,pinky&ring
2121,pinky&ring
1773,pinky&ring
1389,pinky&ring
1223,pinky&ring
1175,pinky&ring
1268,pinky&ring
1442,pinky&ring
1630,pinky&ring
1761,pinky&ring
1445,pinky&ring
1566,pinky&ring
1924,pinky&ring
2332,pinky&ring
2605,pinky&ring
2589,pinky&ring
2420,pinky&ring
2188,pinky&ring
2022,pinky&ring
1942,pinky&ring
2252,pinky&ring
2122,pinky&ring
1782,pinky&ring
1385,pinky&ring
1217,pinky&ring
1179,pinky&ring
1271,pinky&ring
1449,pinky&ring
1632,pinky&ring
1751,pinky&ring
1426,pinky&ring
1563,pinky&ring
1918,pinky&ring
2338,pinky&ring
2596,pinky&ring
2578,pinky&ring
2408,pinky&ring
2226,pinky&ring
2076,pinky&ring
1951,pinky&ring
2256,pinky&ring
2118,pinky&ring
1772,pinky&ring
1420,pinky&ring
1232,pinky&ring
1156,pinky&ring
1232,pinky&ring
1410,pinky&ring
1615,pinky&ring
1755,pinky&ring
1441,pinky&ring
1564,pinky&ring
1928,pinky&ring
2345,pinky&ring
2611,pinky&ring
2585,pinky&ring
2414,pinky&ring
2225,pinky&ring
2042,pinky&ring
1939,pinky&ring
2258,pinky&ring
2122,pinky&ring
1775,pinky&ring
1383,pinky&ring
1213,pinky&ring
1166,pinky&ring
1267,pinky&ring
1448,pinky&ring
1647,pinky&ring
1754,pinky&ring
1439,pinky&ring
1569,pinky&ring
1920,pinky&ring
2328,pinky&ring
2605,pinky&ring
2584,pinky&ring
2413,pinky&ring
2220,pinky&ring
2024,pinky&ring
1939,pinky&ring
2258,pinky&ring
2117,pinky&ring
1772,pinky&ring
1383,pinky&ring
1217,pinky&ring
1176,pinky&ring
1273,pinky&ring
1451,pinky&ring
1639,pinky&ring
1749,pinky&ring
1434,pinky&ring
1569,pinky&ring
1926,pinky&ring
2345,pinky&ring
2603,pinky&ring
2578,pinky&ring
2403,pinky&ring
2217,pinky&ring
2051,pinky&ring
1952,pinky&ring
2261,pinky&ring
2108,pinky&ring
1763,pinky&ring
1362,pinky&ring
1203,pinky&ring
1173,pinky&ring
1275,pinky&ring
1459,pinky&ring
1648,pinky&ring
1752,pinky&ring
1431,pinky&ring
1573,pinky&ring
1929,pinky&ring
2335,pinky&ring
2595,pinky&ring
2573,pinky&ring
2399,pinky&ring
2224,pinky&ring
2044,pinky&ring
1951,pinky&ring
2266,pinky&ring
2122,pinky&ring
1768,pinky&ring
1385,pinky&ring
1202,pinky&ring
1161,pinky&ring
1275,pinky&ring
1459,pinky&ring
1638,pinky&ring
1746,pinky&ring
1440,pinky&ring
1571,pinky&ring
1941,pinky&ring
2354,pinky&ring
2610,pinky&ring
2580,pinky&ring
2407,pinky&ring
2214,pinky&ring
2027,pinky&ring
1945,pinky&ring
2259,pinky&ring
2103,pinky&ring
1759,pinky&ring
1376,pinky&ring
1212,pinky&ring
1177,pinky&ring
1286,pinky&ring
1450,pinky&ring
1634,pinky&ring
1730,pinky&ring
1436,pinky&ring
1574,pinky&ring
1935,pinky&ring
2354,pinky&ring
2602,pinky&ring
2572,pinky&ring
2429,pinky&ring
2258,pinky&ring
2078,pinky&ring
1958,pinky&ring
2228,pinky&ring
2052,pinky&ring
1717,pinky&ring
1359,pinky&ring
1200,pinky&ring
1160,pinky&ring
1272,pinky&ring
1465,pinky&ring
1650,pinky&ring
1749,pinky&ring
1442,pinky&ring
1591,pinky&ring
1950,pinky&ring
2363,pinky&ring
2614,pinky&ring
2582,pinky&ring
2401,pinky&ring
2213,pinky&ring
2035,pinky&ring
1951,pinky&ring
2259,pinky&ring
2092,pinky&ring
1745,pinky&ring
1372,pinky&ring
1213,pinky&ring
1177,pinky&ring
1281,pinky&ring
1462,pinky&ring
1652,pinky&ring
1723,pinky&ring
1413,pinky&ring
1564,pinky&ring
1942,pinky&ring
2376,pinky&ring
2654,pinky&ring
2609,pinky&ring
2400,pinky&ring
2184,pinky&ring
2017,pinky&ring
1951,pinky&ring
2254,pinky&ring
2092,pinky&ring
1740,pinky&ring
1368,pinky&ring
1198,pinky&ring
1175,pinky&ring
1286,pinky&ring
1460,pinky&ring
1650,pinky&ring
1745,pinky&ring
1435,pinky&ring
1582,pinky&ring
1947,pinky&ring
2360,pinky&ring
2610,pinky&ring
2572,pinky&ring
2397,pinky&ring
2210,pinky&ring
2025,pinky&ring
1953,pinky&ring
2255,pinky&ring
2091,pinky&ring
1740,pinky&ring
1364,pinky&ring
1210,pinky&ring
1175,pinky&ring
1288,pinky&ring
1463,pinky&ring
1654,pinky&ring
1742,pinky&ring
1435,pinky&ring
1586,pinky&ring
1950,pinky&ring
2359,pinky&ring
2603,pinky&ring
2569,pinky&ring
2395,pinky&ring
2208,pinky&ring
2029,pinky&ring
1960,pinky&ring
2261,pinky&ring
2093,pinky&ring
1737,pinky&ring
1364,pinky&ring
1212,pinky&ring
1178,pinky&ring
1288,pinky&ring
1472,pinky&ring
1643,pinky&ring
1725,pinky&ring
1429,pinky&ring
1589,pinky&ring
1965,pinky&ring
2374,pinky&ring
2611,pinky&ring
2573,pinky&ring
2390,pinky&ring
2206,pinky&ring
2025,pinky&ring
1960,pinky&ring
2254,pinky&ring
2094,pinky&ring
1738,pinky&ring
1364,pinky&ring
1208,pinky&ring
1179,pinky&ring
1295,pinky&ring
1462,pinky&ring
1643,pinky&ring
1719,pinky&ring
1421,pinky&ring
1590,pinky&ring
1970,pinky&ring
2394,pinky&ring
2636,pinky&ring
2583,pinky&ring
2376,pinky&ring
2169,pinky&ring
2002,pinky&ring
1981,pinky&ring
2262,pinky&ring
2076,pinky&ring
1720,pinky&ring
1366,pinky&ring
1209,pinky&ring
1180,pinky&ring
1291,pinky&ring
1470,pinky&ring
1654,pinky&ring
1729,pinky&ring
1440,pinky&ring
1602,pinky&ring
1978,pinky&ring
2368,pinky&ring
2603,pinky&ring
2561,pinky&ring
2386,pinky&ring
2200,pinky&ring
2051,pinky&ring
1998,pinky&ring
2263,pinky&ring
2068,pinky&ring
1702,pinky&ring
1335,pinky&ring
1203,pinky&ring
1174,pinky&ring
1283,pinky&ring
1470,pinky&ring
1656,pinky&ring
1728,pinky&ring
1420,pinky&ring
1587,pinky&ring
1978,pinky&ring
2392,pinky&ring
2615,pinky&ring
2570,pinky&ring
2390,pinky&ring
2201,pinky&ring
2018,pinky&ring
1967,pinky&ring
2262,pinky&ring
2083,pinky&ring
1720,pinky&ring
1352,pinky&ring
1203,pinky&ring
1182,pinky&ring
1299,pinky&ring
1471,pinky&ring
1657,pinky&ring
1717,pinky&ring
1431,pinky&ring
1608,pinky&ring
1986,pinky&ring
2379,pinky&ring
2607,pinky&ring
2565,pinky&ring
2381,pinky&ring
2200,pinky&ring
2014,pinky&ring
1966,pinky&ring
2255,pinky&ring
2081,pinky&ring
1715,pinky&ring
1347,pinky&ring
1219,pinky&ring
1182,pinky&ring
1304,pinky&ring
1481,pinky&ring
1658,pinky&ring
1714,pinky&ring
1425,pinky&ring
1594,pinky&ring
1984,pinky&ring
2383,pinky&ring
2607,pinky&ring
2573,pinky&ring
2393,pinky&ring
2194,pinky&ring
2006,pinky&ring
1973,pinky&ring
2258,pinky&ring
2064,pinky&ring
1701,pinky&ring
1343,pinky&ring
1208,pinky&ring
1186,pinky&ring
1302,pinky&ring
1481,pinky&ring
1667,pinky&ring
1717,pinky&ring
1434,pinky&ring
1609,pinky&ring
1994,pinky&ring
2398,pinky&ring
2615,pinky&ring
2568,pinky&ring
2386,pinky&ring
2198,pinky&ring
2020,pinky&ring
1971,pinky&ring
2250,pinky&ring
2070,pinky&ring
1706,pinky&ring
1349,pinky&ring
1200,pinky&ring
1175,pinky&ring
1299,pinky&ring
1470,pinky&ring
1659,pinky&ring
1709,pinky&ring
1431,pinky&ring
1606,pinky&ring
1995,pinky&ring
2390,pinky&ring
2613,pinky&ring
2567,pinky&ring
2377,pinky&ring
2194,pinky&ring
2014,pinky&ring
1975,pinky&ring
2248,pinky&ring
2071,pinky&ring
1704,pinky&ring
1348,pinky&ring
1202,pinky&ring
1187,pinky&ring
1303,pinky&ring
1483,pinky&ring
1666,pinky&ring
1717,pinky&ring
1437,pinky&ring
1601,pinky&ring
1997,pinky&ring
2393,pinky&ring
2605,pinky&ring
2557,pinky&ring
2376,pinky&ring
2184,pinky&ring
2006,pinky&ring
1985,pinky&ring
2258,pinky&ring
2071,pinky&ring
1695,pinky&ring
1343,pinky&ring
1206,pinky&ring
1181,pinky&ring
1306,pinky&ring
1482,pinky&ring
1668,pinky&ring
1710,pinky&ring
1440,pinky&ring
1612,pinky&ring
2002,pinky&ring
2394,pinky&ring
2613,pinky&ring
2558,pinky&ring
2378,pinky&ring
2194,pinky&ring
2014,pinky&ring
1979,pinky&ring
2246,pinky&ring
2062,pinky&ring
1705,pinky&ring
1342,pinky&ring
1202,pinky&ring
1177,pinky&ring
1302,pinky&ring
1478,pinky&ring
1665,pinky&ring
1706,pinky&ring
1437,pinky&ring
1619,pinky&ring
2013,pinky&ring
2414,pinky&ring
2624,pinky&ring
2566,pinky&ring
2372,pinky&ring
2187,pinky&ring
2000,pinky&ring
1976,pinky&ring
2250,pinky&ring
2069,pinky&ring
1693,pinky&ring
1339,pinky&ring
1193,pinky&ring
1176,pinky&ring
1312,pinky&ring
1491,pinky&ring
1677,pinky&ring
1708,pinky&ring
1436,pinky&ring
1618,pinky&ring
2005,pinky&ring
2399,pinky&ring
2613,pinky&ring
2556,pinky&ring
2368,pinky&ring
2192,pinky&ring
2015,pinky&ring
1994,pinky&ring
2254,pinky&ring
2055,pinky&ring
1681,pinky&ring
1329,pinky&ring
1196,pinky&ring
1172,pinky&ring
1299,pinky&ring
1470,pinky&ring
1681,pinky&ring
1709,pinky&ring
1438,pinky&ring
1623,pinky&ring
2020,pinky&ring
2412,pinky&ring
2619,pinky&ring
2558,pinky&ring
2375,pinky&ring
2196,pinky&ring
2001,pinky&ring
1991,pinky&ring
2256,pinky&ring
2051,pinky&ring
1670,pinky&ring
1329,pinky&ring
1192,pinky&ring
1174,pinky&ring
1302,pinky&ring
1480,pinky&ring
1675,pinky&ring
1704,pinky&ring
1454,pinky&ring
1638,pinky&ring
2032,pinky&ring
2418,pinky&ring
2617,pinky&ring
2557,pinky&ring
2368,pinky&ring
2176,pinky&ring
1973,pinky&ring
1983,pinky&ring
2244,pinky&ring
2040,pinky&ring
1670,pinky&ring
1326,pinky&ring
1190,pinky&ring
1179,pinky&ring
1317,pinky&ring
1488,pinky&ring
1675,pinky&ring
1713,pinky&ring
1453,pinky&ring
1644,pinky&ring
2042,pinky&ring
2431,pinky&ring
2621,pinky&ring
2547,pinky&ring
2330,pinky&ring
2162,pinky&ring
2000,pinky&ring
1998,pinky&ring
2250,pinky&ring
2052,pinky&ring
1673,pinky&ring
1331,pinky&ring
1201,pinky&ring
1183,pinky&ring
1321,pinky&ring
1494,pinky&ring
1677,pinky&ring
1700,pinky&ring
1449,pinky&ring
1634,pinky&ring
2046,pinky&ring
2453,pinky&ring
2645,pinky&ring
2566,pinky&ring
2355,pinky&ring
2166,pinky&ring
1982,pinky&ring
1982,pinky&ring
2220,pinky&ring
2021,pinky&ring
1642,pinky&ring
1320,pinky&ring
1196,pinky&ring
1186,pinky&ring
1334,pinky&ring
1510,pinky&ring
1688,pinky&ring
1696,pinky&ring
1450,pinky&ring
1634,pinky&ring
2026,pinky&ring
2418,pinky&ring
2616,pinky&ring
2552,pinky&ring
2358,pinky&ring
2179,pinky&ring
2006,pinky&ring
2010,pinky&ring
2254,pinky&ring
2057,pinky&ring
1683,pinky&ring
1348,pinky&ring
1213,pinky&ring
1198,pinky&ring
1326,pinky&ring
1502,pinky&ring
1690,pinky&ring
1682,pinky&ring
1400,pinky&ring
1580,pinky&ring
2008,pinky&ring
2408,pinky&ring
2610,pinky&ring
2547,pinky&ring
2357,pinky&ring
2186,pinky&ring
2006,pinky&ring
2017,pinky&ring
2257,pinky&ring
2061,pinky&ring
1687,pinky&ring
1341,pinky&ring
1200,pinky&ring
1182,pinky&ring
1318,pinky&ring
1491,pinky&ring
1678,pinky&ring
1688,pinky&ring
1442,pinky&ring
1626,pinky&ring
2035,pinky&ring
2409,pinky&ring
2597,pinky&ring
2535,pinky&ring
2354,pinky&ring
2174,pinky&ring
1999,pinky&ring
2015,pinky&ring
2253,pinky&ring
2056,pinky&ring
1673,pinky&ring
1341,pinky&ring
1208,pinky&ring
1189,pinky&ring
1333,pinky&ring
1506,pinky&ring
1677,pinky&ring
1665,pinky&ring
1425,pinky&ring
1622,pinky&ring
2032,pinky&ring
2423,pinky&ring
2615,pinky&ring
2551,pinky&ring
2359,pinky&ring
2183,pinky&ring
1999,pinky&ring
2024,pinky&ring
2260,pinky&ring
2070,pinky&ring
1682,pinky&ring
1352,pinky&ring
1220,pinky&ring
1207,pinky&ring
1328,pinky&ring
1474,pinky&ring
1628,pinky&ring
1626,pinky&ring
1387,pinky&ring
1607,pinky&ring
2035,pinky&ring
2428,pinky&ring
2620,pinky&ring
2546,pinky&ring
2351,pinky&ring
2182,pinky&ring
2005,pinky&ring
2032,pinky&ring
2264,pinky&ring
2057,pinky&ring
1668,pinky&ring
1342,pinky&ring
1207,pinky&ring
1193,pinky&ring
1332,pinky&ring
1502,pinky&ring
1687,pinky&ring
1681,pinky&ring
1445,pinky&ring
1640,pinky&ring
2056,pinky&ring
2438,pinky&ring
2608,pinky&ring
2529,pinky&ring
2332,pinky&ring
2151,pinky&ring
1978,pinky&ring
2022,pinky&ring
2248,pinky&ring
2038,pinky&ring
1645,pinky&ring
1328,pinky&ring
1205,pinky&ring
1194,pinky&ring
1346,pinky&ring
1530,pinky&ring
1704,pinky&ring
1703,pinky&ring
1508,pinky&ring
1695,pinky&ring
2100,pinky&ring
2438,pinky&ring
2580,pinky&ring
2494,pinky&ring
2275,pinky&ring
2064,pinky&ring
1889,pinky&ring
1951,pinky&ring
2223,pinky&ring
2037,pinky&ring
1648,pinky&ring
1326,pinky&ring
1206,pinky&ring
1206,pinky&ring
1359,pinky&ring
1529,pinky&ring
1710,pinky&ring
1694,pinky&ring
1463,pinky&ring
1652,pinky&ring
2062,pinky&ring
2452,pinky&ring
2625,pinky&ring
2569,pinky&ring
2375,pinky&ring
2192,pinky&ring
1996,pinky&ring
2035,pinky&ring
2251,pinky&ring
2030,pinky&ring
1601,pinky&ring
1291,pinky&ring
1166,pinky&ring
1156,pinky&ring
1313,pinky&ring
1493,pinky&ring
1670,pinky&ring
1646,pinky&ring
1439,pinky&ring
1642,pinky&ring
2072,pinky&ring
2442,pinky&ring
2613,pinky&ring
2549,pinky&ring
2359,pinky&ring
2184,pinky&ring
2004,pinky&ring
2051,pinky&ring
2267,pinky&ring
2046,pinky&ring
1638,pinky&ring
1319,pinky&ring
1196,pinky&ring
1172,pinky&ring
1318,pinky&ring
1500,pinky&ring
1684,pinky&ring
1649,pinky&ring
1435,pinky&ring
1646,pinky&ring
2076,pinky&ring
2456,pinky&ring
2614,pinky&ring
2538,pinky&ring
2337,pinky&ring
2167,pinky&ring
1989,pinky&ring
2038,pinky&ring
2247,pinky&ring
2038,pinky&ring
1634,pinky&ring
1321,pinky&ring
1210,pinky&ring
1214,pinky&ring
1374,pinky&ring
1543,pinky&ring
1725,pinky&ring
1677,pinky&ring
1444,pinky&ring
1620,pinky&ring
2024,pinky&ring
2380,pinky&ring
2563,pinky&ring
2504,pinky&ring
2309,pinky&ring
2148,pinky&ring
1991,pinky&ring
2056,pinky&ring
2258,pinky&ring
2036,pinky&ring
1643,pinky&ring
1329,pinky&ring
1214,pinky&ring
1206,pinky&ring
1366,pinky&ring
1535,pinky&ring
1683,pinky&ring
1636,pinky&ring
1432,pinky&ring
1662,pinky&ring
2088,pinky&ring
2463,pinky&ring
2628,pinky&ring
2526,pinky&ring
2319,pinky&ring
2156,pinky&ring
1992,pinky&ring
2049,pinky&ring
2223,pinky&ring
2015,pinky&ring
1610,pinky&ring
1312,pinky&ring
1205,pinky&ring
1186,pinky&ring
1336,pinky&ring
1542,pinky&ring
1731,pinky&ring
1660,pinky&ring
1424,pinky&ring
1612,pinky&ring
2038,pinky&ring
2440,pinky&ring
2629,pinky&ring
2553,pinky&ring
2374,pinky&ring
2197,pinky&ring
2021,pinky&ring
2089,pinky&ring
2296,pinky&ring
2034,pinky&ring
1612,pinky&ring
1265,pinky&ring
1108,pinky&ring
1126,pinky&ring
1281,pinky&ring
1474,pinky&ring
1664,pinky&ring
1618,pinky&ring
1430,pinky&ring
1652,pinky&ring
2098,pinky&ring
2477,pinky&ring
2633,pinky&ring
2550,pinky&ring
2351,pinky&ring
2179,pinky&ring
2004,pinky&ring
2076,pinky&ring
2246,pinky&ring
2020,pinky&ring
1605,pinky&ring
1291,pinky&ring
1207,pinky&ring
1213,pinky&ring
1350,pinky&ring
1535,pinky&ring
1708,pinky&ring
1645,pinky&ring
1433,pinky&ring
1641,pinky&ring
2083,pinky&ring
2465,pinky&ring
2626,pinky&ring
2546,pinky&ring
2349,pinky&ring
2155,pinky&ring
1972,pinky&ring
2044,pinky&ring
2232,pinky&ring
2016,pinky&ring
1606,pinky&ring
1297,pinky&ring
1169,pinky&ring
1171,pinky&ring
1339,pinky&ring
1532,pinky&ring
1704,pinky&ring
1638,pinky&ring
1443,pinky&ring
1660,pinky&ring
2095,pinky&ring
2482,pinky&ring
2635,pinky&ring
2555,pinky&ring
2347,pinky&ring
2159,pinky&ring
1973,pinky&ring
2015,pinky&ring
2219,pinky&ring
2021,pinky&ring
1615,pinky&ring
1315,pinky&ring
1195,pinky&ring
1177,pinky&ring
1338,pinky&ring
1530,pinky&ring
1714,pinky&ring
1628,pinky&ring
1431,pinky&ring
1653,pinky&ring
2088,pinky&ring
2465,pinky&ring
2625,pinky&ring
2530,pinky&ring
2333,pinky&ring
2153,pinky&ring
1973,pinky&ring
2054,pinky&ring
2284,pinky&ring
2076,pinky&ring
1656,pinky&ring
1323,pinky&ring
1166,pinky&ring
1150,pinky&ring
1299,pinky&ring
1445,pinky&ring
1656,pinky&ring
1624,pinky&ring
1446,pinky&ring
1673,pinky&ring
2101,pinky&ring
2476,pinky&ring
2619,pinky&ring
2544,pinky&ring
2343,pinky&ring
2158,pinky&ring
1981,pinky&ring
2076,pinky&ring
2262,pinky&ring
2024,pinky&ring
1587,pinky&ring
1301,pinky&ring
1189,pinky&ring
1198,pinky&ring
1394,pinky&ring
1603,pinky&ring
1745,pinky&ring
1670,pinky&ring
1481,pinky&ring
1663,pinky&ring
2010,pinky&ring
2366,pinky&ring
2526,pinky&ring
2502,pinky&ring
2294,pinky&ring
2099,pinky&ring
1952,pinky&ring
2067,pinky&ring
2264,pinky&ring
2034,pinky&ring
1621,pinky&ring
1342,pinky&ring
1226,pinky&ring
1204,pinky&ring
1334,pinky&ring
1525,pinky&ring
1744,pinky&ring
1669,pinky&ring
1475,pinky&ring
1672,pinky&ring
2098,pinky&ring
2474,pinky&ring
2622,pinky&ring
2513,pinky&ring
2273,pinky&ring
2123,pinky&ring
1966,pinky&ring
2039,pinky&ring
2209,pinky&ring
2021,pinky&ring
1602,pinky&ring
1298,pinky&ring
1196,pinky&ring
1201,pinky&ring
1358,pinky&ring
1535,pinky&ring
1705,pinky&ring
1633,pinky&ring
1450,pinky&ring
1670,pinky&ring
2148,pinky&ring
2511,pinky&ring
2631,pinky&ring
2536,pinky&ring
2316,pinky&ring
2126,pinky&ring
1960,pinky&ring
2089,pinky&ring
2263,pinky&ring
1997,pinky&ring
1555,pinky&ring
1278,pinky&ring
1194,pinky&ring
1211,pinky&ring
1388,pinky&ring
1557,pinky&ring
1721,pinky&ring
1593,pinky&ring
1394,pinky&ring
1636,pinky&ring
2086,pinky&ring
2439,pinky&ring
2601,pinky&ring
2541,pinky&ring
2349,pinky&ring
2172,pinky&ring
1994,pinky&ring
2089,pinky&ring
2247,pinky&ring
2012,pinky&ring
1581,pinky&ring
1333,pinky&ring
1243,pinky&ring
1203,pinky&ring
1348,pinky&ring
1513,pinky&ring
1687,pinky&ring
1561,pinky&ring
1416,pinky&ring
1652,pinky&ring
2088,pinky&ring
2481,pinky&ring
2642,pinky&ring
2537,pinky&ring
2335,pinky&ring
2152,pinky&ring
1992,pinky&ring
2104,pinky&ring
2249,pinky&ring
1995,pinky&ring
1559,pinky&ring
1318,pinky&ring
1215,pinky&ring
1194,pinky&ring
1352,pinky&ring
1542,pinky&ring
1697,pinky&ring
1593,pinky&ring
1426,pinky&ring
1670,pinky&ring
2117,pinky&ring
2492,pinky&ring
2616,pinky&ring
2525,pinky&ring
2336,pinky&ring
2153,pinky&ring
1966,pinky&ring
2071,pinky&ring
2230,pinky&ring
1990,pinky&ring
1566,pinky&ring
1316,pinky&ring
1200,pinky&ring
1178,pinky&ring
1336,pinky&ring
1501,pinky&ring
1712,pinky&ring
1615,pinky&ring
1456,pinky&ring
1680,pinky&ring
2121,pinky&ring
2487,pinky&ring
2618,pinky&ring
2549,pinky&ring
2349,pinky&ring
2181,pinky&ring
2034,pinky&ring
2161,pinky&ring
2296,pinky&ring
2028,pinky&ring
1542,pinky&ring
1254,pinky&ring
1105,pinky&ring
1091,pinky&ring
1274,pinky&ring
1481,pinky&ring
1691,pinky&ring
1627,pinky&ring
1499,pinky&ring
1662,pinky&ring
2119,pinky&ring
2528,pinky&ring
2646,pinky&ring
2525,pinky&ring
2314,pinky&ring
2149,pinky&ring
1977,pinky&ring
2101,pinky&ring
2250,pinky&ring
2006,pinky&ring
1554,pinky&ring
1274,pinky&ring
1177,pinky&ring
1204,pinky&ring
1404,pinky&ring
1606,pinky&ring
1706,pinky&ring
1568,pinky&ring
1381,pinky&ring
1654,pinky&ring
2178,pinky&ring
2579,pinky&ring
2664,pinky&ring
2487,pinky&ring
2257,pinky&ring
2070,pinky&ring
1938,pinky&ring
2091,pinky&ring
2249,pinky&ring
1992,pinky&ring
1554,pinky&ring
1289,pinky&ring
1187,pinky&ring
1207,pinky&ring
1375,pinky&ring
1539,pinky&ring
1718,pinky&ring
1590,pinky&ring
1447,pinky&ring
1714,pinky&ring
2163,pinky&ring
2512,pinky&ring
2608,pinky&ring
2501,pinky&ring
2273,pinky&ring
2101,pinky&ring
1961,pinky&ring
2114,pinky&ring
2254,pinky&ring
2009,pinky&ring
1559,pinky&ring
1294,pinky&ring
1216,pinky&ring
1240,pinky&ring
1372,pinky&ring
1527,pinky&ring
1718,pinky&ring
1577,pinky&ring
1430,pinky&ring
1643,pinky&ring
2097,pinky&ring
2463,pinky&ring
2645,pinky&ring
2571,pinky&ring
2337,pinky&ring
2144,pinky&ring
1954,pinky&ring
2106,pinky&ring
2237,pinky&ring
1982,pinky&ring
1553,pinky&ring
1303,pinky&ring
1205,pinky&ring
1199,pinky&ring
1363,pinky&ring
1544,pinky&ring
1705,pinky&ring
1576,pinky&ring
1450,pinky&ring
1690,pinky&ring
2165,pinky&ring
2519,pinky&ring
2638,pinky&ring
2565,pinky&ring
2366,pinky&ring
2126,pinky&ring
1899,pinky&ring
2064,pinky&ring
2204,pinky&ring
1983,pinky&ring
1563,pinky&ring
1303,pinky&ring
1180,pinky&ring
1164,pinky&ring
1329,pinky&ring
1557,pinky&ring
1769,pinky&ring
1610,pinky&ring
1457,pinky&ring
1657,pinky&ring
2133,pinky&ring
2517,pinky&ring
2591,pinky&ring
2489,pinky&ring
2264,pinky&ring
2109,pinky&ring
1976,pinky&ring
2166,pinky&ring
2315,pinky&ring
2024,pinky&ring
1574,pinky&ring
1282,pinky&ring
1154,pinky&ring
1170,pinky&ring
1352,pinky&ring
1540,pinky&ring
1712,pinky&ring
1571,pinky&ring
1435,pinky&ring
1676,pinky&ring
2180,pinky&ring
2558,pinky&ring
2667,pinky&ring
2548,pinky&ring
2306,pinky&ring
2081,pinky&ring
1867,pinky&ring
2103,pinky&ring
2244,pinky&ring
1989,pinky&ring
1546,pinky&ring
1286,pinky&ring
1195,pinky&ring
1202,pinky&ring
1346,pinky&ring
1533,pinky&ring
1709,pinky&ring
1549,pinky&ring
1427,pinky&ring
1667,pinky&ring
2155,pinky&ring
2531,pinky&ring
2650,pinky&ring
2549,pinky&ring
2314,pinky&ring
2129,pinky&ring
2000,pinky&ring
2172,pinky&ring
2256,pinky&ring
1981,pinky&ring
1521,pinky&ring
1251,pinky&ring
1169,pinky&ring
1186,pinky&ring
1365,pinky&ring
1557,pinky&ring
1700,pinky&ring
1551,pinky&ring
1440,pinky&ring
1690,pinky&ring
2159,pinky&ring
2518,pinky&ring
2636,pinky&ring
2552,pinky&ring
2327,pinky&ring
2124,pinky&ring
1955,pinky&ring
2132,pinky&ring
2253,pinky&ring
2024,pinky&ring
1574,pinky&ring
1253,pinky&ring
1139,pinky&ring
1148,pinky&ring
1327,pinky&ring
1529,pinky&ring
1727,pinky&ring
1555,pinky&ring
1429,pinky&ring
1696,pinky&ring
2168,pinky&ring
2526,pinky&ring
2635,pinky&ring
2533,pinky&ring
2331,pinky&ring
2150,pinky&ring
1954,pinky&ring
2149,pinky&ring
2264,pinky&ring
2010,pinky&ring
1547,pinky&ring
1269,pinky&ring
1171,pinky&ring
1171,pinky&ring
1354,pinky&ring
1536,pinky&ring
1706,pinky&ring
1548,pinky&ring
1435,pinky&ring
1696,pinky&ring
2178,pinky&ring
2575,pinky&ring
2678,pinky&ring
2530,pinky&ring
2268,pinky&ring
2055,pinky&ring
1906,pinky&ring
2147,pinky&ring
2273,pinky&ring
1987,pinky&ring
1524,pinky&ring
1266,pinky&ring
1178,pinky&ring
1198,pinky&ring
1371,pinky&ring
1545,pinky&ring
1716,pinky&ring
1540,pinky&ring
1442,pinky&ring
1709,pinky&ring
2184,pinky&ring
2535,pinky&ring
2632,pinky&ring
2528,pinky&ring
2321,pinky&ring
2131,pinky&ring
1941,pinky&ring
2147,pinky&ring
2243,pinky&ring
1977,pinky&ring
1526,pinky&ring
1292,pinky&ring
1197,pinky&ring
1194,pinky&ring
1345,pinky&ring
1525,pinky&ring
1704,pinky&ring
1543,pinky&ring
1448,pinky&ring
1695,pinky&ring
2183,pinky&ring
2544,pinky&ring
2626,pinky&ring
2516,pinky&ring
2307,pinky&ring
2126,pinky&ring
1956,pinky&ring
2159,pinky&ring
2251,pinky&ring
1985,pinky&ring
1524,pinky&ring
1261,pinky&ring
1158,pinky&ring
1173,pinky&ring
1354,pinky&ring
1565,pinky&ring
1750,pinky&ring
1558,pinky&ring
1446,pinky&ring
1706,pinky&ring
2190,pinky&ring
2539,pinky&ring
2622,pinky&ring
2506,pinky&ring
2290,pinky&ring
2118,pinky&ring
1952,pinky&ring
2160,pinky&ring
2242,pinky&ring
1978,pinky&ring
1534,pinky&ring
1275,pinky&ring
1177,pinky&ring
1183,pinky&ring
1360,pinky&ring
1545,pinky&ring
1719,pinky&ring
1536,pinky&ring
1454,pinky&ring
1716,pinky&ring
2190,pinky&ring
2538,pinky&ring
2620,pinky&ring
2508,pinky&ring
2301,pinky&ring
2124,pinky&ring
1968,pinky&ring
2169,pinky&ring
2260,pinky&ring
2008,pinky&ring
1532,pinky&ring
1254,pinky&ring
1140,pinky&ring
1154,pinky&ring
1352,pinky&ring
1537,pinky&ring
1692,pinky&ring
1510,pinky&ring
1450,pinky&ring
1719,pinky&ring
2185,pinky&ring
2538,pinky&ring
2640,pinky&ring
2528,pinky&ring
2305,pinky&ring
2132,pinky&ring
1974,pinky&ring
2177,pinky&ring
2244,pinky&ring
1969,pinky&ring
1513,pinky&ring
1262,pinky&ring
1172,pinky&ring
1192,pinky&ring
1376,pinky&ring
1565,pinky&ring
1743,pinky&ring
1533,pinky&ring
1451,pinky&ring
1711,pinky&ring
2176,pinky&ring
2546,pinky&ring
2620,pinky&ring
2511,pinky&ring
2295,pinky&ring
2113,pinky&ring
1944,pinky&ring
2166,pinky&ring
2229,pinky&ring
1959,pinky&ring
1508,pinky&ring
1258,pinky&ring
1175,pinky&ring
1198,pinky&ring
1373,pinky&ring
1555,pinky&ring
1721,pinky&ring
1526,pinky&ring
1451,pinky&ring
1721,pinky&ring
2196,pinky&ring
2541,pinky&ring
2616,pinky&ring
2508,pinky&ring
2303,pinky&ring
2117,pinky&ring
1952,pinky&ring
2173,pinky&ring
2230,pinky&ring
1971,pinky&ring
1525,pinky&ring
1272,pinky&ring
1176,pinky&ring
1170,pinky&ring
1349,pinky&ring
1558,pinky&ring
1734,pinky&ring
1518,pinky&ring
1462,pinky&ring
1729,pinky&ring
2204,pinky&ring
2547,pinky&ring
2617,pinky&ring
2499,pinky&ring
2307,pinky&ring
2148,pinky&ring
1960,pinky&ring
2166,pinky&ring
2207,pinky&ring
1933,pinky&ring
1499,pinky&ring
1252,pinky&ring
1173,pinky&ring
1209,pinky&ring
1386,pinky&ring
1561,pinky&ring
1732,pinky&ring
1504,pinky&ring
1444,pinky&ring
1716,pinky&ring
2197,pinky&ring
2558,pinky&ring
2649,pinky&ring
2535,pinky&ring
2293,pinky&ring
2110,pinky&ring
1935,pinky&ring
2165,pinky&ring
2213,pinky&ring
1949,pinky&ring
1543,pinky&ring
1293,pinky&ring
1190,pinky&ring
1203,pinky&ring
1372,pinky&ring
1555,pinky&ring
1721,pinky&ring
1495,pinky&ring
1458,pinky&ring
1728,pinky&ring
2200,pinky&ring
2552,pinky&ring
2620,pinky&ring
2514,pinky&ring
2302,pinky&ring
2116,pinky&ring
1950,pinky&ring
2182,pinky&ring
2224,pinky&ring
1947,pinky&ring
1502,pinky&ring
1259,pinky&ring
1172,pinky&ring
1202,pinky&ring
1381,pinky&ring
1583,pinky&ring
1737,pinky&ring
1500,pinky&ring
1449,pinky&ring
1716,pinky&ring
2193,pinky&ring
2532,pinky&ring
2626,pinky&ring
2523,pinky&ring
2298,pinky&ring
2097,pinky&ring
1919,pinky&ring
2175,pinky&ring
2227,pinky&ring
1938,pinky&ring
1486,pinky&ring
1264,pinky&ring
1189,pinky&ring
1208,pinky&ring
1388,pinky&ring
1571,pinky&ring
1733,pinky&ring
1511,pinky&ring
1472,pinky&ring
1745,pinky&ring
2218,pinky&ring
2549,pinky&ring
2611,pinky&ring
2488,pinky&ring
2282,pinky&ring
2099,pinky&ring
1940,pinky&ring
2180,pinky&ring
2214,pinky&ring
1942,pinky&ring
1502,pinky&ring
1266,pinky&ring
1188,pinky&ring
1219,pinky&ring
1389,pinky&ring
1564,pinky&ring
1732,pinky&ring
1507,pinky&ring
1471,pinky&ring
1749,pinky&ring
2218,pinky&ring
2550,pinky&ring
2604,pinky&ring
2494,pinky&ring
2287,pinky&ring
2105,pinky&ring
1943,pinky&ring
2187,pinky&ring
2216,pinky&ring
1933,pinky&ring
1486,pinky&ring
1255,pinky&ring
1175,pinky&ring
1202,pinky&ring
1388,pinky&ring
1571,pinky&ring
1732,pinky&ring
1503,pinky&ring
1479,pinky&ring
1757,pinky&ring
2222,pinky&ring
2560,pinky&ring
2611,pinky&ring
2495,pinky&ring
2290,pinky&ring
2108,pinky&ring
1949,pinky&ring
2194,pinky&ring
2211,pinky&ring
1918,pinky&ring
1469,pinky&ring
1236,pinky&ring
1153,pinky&ring
1183,pinky&ring
1400,pinky&ring
1601,pinky&ring
1764,pinky&ring
1529,pinky&ring
1484,pinky&ring
1767,pinky&ring
2235,pinky&ring
2535,pinky&ring
2600,pinky&ring
2485,pinky&ring
2283,pinky&ring
2119,pinky&ring
1969,pinky&ring
2202,pinky&ring
2190,pinky&ring
1892,pinky&ring
1454,pinky&ring
1241,pinky&ring
1176,pinky&ring
1199,pinky&ring
1394,pinky&ring
1576,pinky&ring
1739,pinky&ring
1498,pinky&ring
1474,pinky&ring
1759,pinky&ring
2227,pinky&ring
2558,pinky&ring
2604,pinky&ring
2479,pinky&ring
2274,pinky&ring
2093,pinky&ring
1942,pinky&ring
2202,pinky&ring
2213,pinky&ring
1921,pinky&ring
1486,pinky&ring
1249,pinky&ring
1174,pinky&ring
1210,pinky&ring
1387,pinky&ring
1577,pinky&ring
1741,pinky&ring
1495,pinky&ring
1478,pinky&ring
1771,pinky&ring
2236,pinky&ring
2565,pinky&ring
2614,pinky&ring
2493,pinky&ring
2277,pinky&ring
2097,pinky&ring
1938,pinky&ring
2190,pinky&ring
2199,pinky&ring
1913,pinky&ring
1472,pinky&ring
1243,pinky&ring
1177,pinky&ring
1208,pinky&ring
1396,pinky&ring
1578,pinky&ring
1743,pinky&ring
1494,pinky&ring
1487,pinky&ring
1775,pinky&ring
2238,pinky&ring
2567,pinky&ring
2609,pinky&ring
2487,pinky&ring
2280,pinky&ring
2092,pinky&ring
1931,pinky&ring
2197,pinky&ring
2205,pinky&ring
1920,pinky&ring
1473,pinky&ring
1244,pinky&ring
1180,pinky&ring
1217,pinky&ring
1400,pinky&ring
1585,pinky&ring
1743,pinky&ring
1481,pinky&ring
1478,pinky&ring
1774,pinky&ring
2246,pinky&ring
2569,pinky&ring
2606,pinky&ring
2479,pinky&ring
2277,pinky&ring
2102,pinky&ring
1943,pinky&ring
2210,pinky&ring
2204,pinky&ring
1913,pinky&ring
1467,pinky&ring
1238,pinky&ring
1174,pinky&ring
1215,pinky&ring
1400,pinky&ring
1584,pinky&ring
1739,pinky&ring
1484,pinky&ring
1485,pinky&ring
1782,pinky&ring
2239,pinky&ring
2564,pinky&ring
2608,pinky&ring
2478,pinky&ring
2278,pinky&ring
2094,pinky&ring
1940,pinky&ring
2216,pinky&ring
2203,pinky&ring
1903,pinky&ring
1466,pinky&ring
1241,pinky&ring
1171,pinky&ring
1222,pinky&ring
1407,pinky&ring
1584,pinky&ring
1731,pinky&ring
1474,pinky&ring
1477,pinky&ring
1781,pinky&ring
2249,pinky&ring
2575,pinky&ring
2612,pinky&ring
2480,pinky&ring
2268,pinky&ring
2091,pinky&ring
1940,pinky&ring
2216,pinky&ring
2195,pinky&ring
1903,pinky&ring
1462,pinky&ring
1240,pinky&ring
1178,pinky&ring
1224,pinky&ring
1404,pinky&ring
1580,pinky&ring
1742,pinky&ring
1481,pinky&ring
1493,pinky&ring
1790,pinky&ring
2246,pinky&ring
2569,pinky&ring
2605,pinky&ring
2484,pinky&ring
2281,pinky&ring
2089,pinky&ring
1934,pinky&ring
2213,pinky&ring
2194,pinky&ring
1897,pinky&ring
1456,pinky&ring
1236,pinky&ring
1173,pinky&ring
1217,pinky&ring
1400,pinky&ring
1585,pinky&ring
1745,pinky&ring
1479,pinky&ring
1498,pinky&ring
1803,pinky&ring
2261,pinky&ring
2570,pinky&ring
2599,pinky&ring
2470,pinky&ring
2264,pinky&ring
2081,pinky&ring
1928,pinky&ring
2219,pinky&ring
2194,pinky&ring
1884,pinky&ring
1460,pinky&ring
1244,pinky&ring
1176,pinky&ring
1226,pinky&ring
1405,pinky&ring
1594,pinky&ring
1751,pinky&ring
1476,pinky&ring
1500,pinky&ring
1805,pinky&ring
2262,pinky&ring
2575,pinky&ring
2612,pinky&ring
2478,pinky&ring
2269,pinky&ring
2081,pinky&ring
1933,pinky&ring
2207,pinky&ring
2182,pinky&ring
1876,pinky&ring
1455,pinky&ring
1246,pinky&ring
1175,pinky&ring
1221,pinky&ring
1408,pinky&ring
1587,pinky&ring
1747,pinky&ring
1475,pinky&ring
1505,pinky&ring
1808,pinky&ring
2264,pinky&ring
2580,pinky&ring
2601,pinky&ring
2467,pinky&ring
2266,pinky&ring
2082,pinky&ring
1932,pinky&ring
2218,pinky&ring
2181,pinky&ring
1874,pinky&ring
1442,pinky&ring
1236,pinky&ring
1172,pinky&ring
1224,pinky&ring
1405,pinky&ring
1593,pinky&ring
1758,pinky&ring
1475,pinky&ring
1509,pinky&ring
1824,pinky&ring
2266,pinky&ring
2583,pinky&ring
2601,pinky&ring
2470,pinky&ring
2267,pinky&ring
2080,pinky&ring
1924,pinky&ring
2226,pinky&ring
2183,pinky&ring
1872,pinky&ring
1442,pinky&ring
1228,pinky&ring
1174,pinky&ring
1226,pinky&ring
1407,pinky&ring
1597,pinky&ring
1755,pinky&ring
1474,pinky&ring
1512,pinky&ring
1828,pinky&ring
2266,pinky&ring
2585,pinky&ring
2606,pinky&ring
2464,pinky&ring
2260,pinky&ring
2073,pinky&ring
1919,pinky&ring
2215,pinky&ring
2167,pinky&ring
1858,pinky&ring
1440,pinky&ring
1228,pinky&ring
1178,pinky&ring
1236,pinky&ring
1409,pinky&ring
1597,pinky&ring
1761,pinky&ring
1475,pinky&ring
1510,pinky&ring
1824,pinky&ring
2274,pinky&ring
2584,pinky&ring
2604,pinky&ring
2457,pinky&ring
2253,pinky&ring
2075,pinky&ring
1926,pinky&ring
2226,pinky&ring
2171,pinky&ring
1863,pinky&ring
1440,pinky&ring
1228,pinky&ring
1176,pinky&ring
1234,pinky&ring
1414,pinky&ring
1597,pinky&ring
1758,pinky&ring
1470,pinky&ring
1528,pinky&ring
1837,pinky&ring
2280,pinky&ring
2587,pinky&ring
2601,pinky&ring
2457,pinky&ring
2256,pinky&ring
2073,pinky&ring
1928,pinky&ring
2231,pinky&ring
2172,pinky&ring
1859,pinky&ring
1438,pinky&ring
1231,pinky&ring
1164,pinky&ring
1233,pinky&ring
1415,pinky&ring
1596,pinky&ring
1758,pinky&ring
1464,pinky&ring
1521,pinky&ring
1841,pinky&ring
2279,pinky&ring
2584,pinky&ring
2598,pinky&ring
2453,pinky&ring
2251,pinky&ring
2071,pinky&ring
1924,pinky&ring
2230,pinky&ring
2172,pinky&ring
1851,pinky&ring
1438,pinky&ring
1232,pinky&ring
1175,pinky&ring
1236,pinky&ring
1424,pinky&ring
1616,pinky&ring
1764,pinky&ring
1467,pinky&ring
1520,pinky&ring
1839,pinky&ring
2281,pinky&ring
2584,pinky&ring
2591,pinky&ring
2446,pinky&ring
2243,pinky&ring
2074,pinky&ring
1921,pinky&ring
2234,pinky&ring
2163,pinky&ring
1850,pinky&ring
1428,pinky&ring
1219,pinky&ring
1168,pinky&ring
1233,pinky&ring
1415,pinky&ring
1606,pinky&ring
1764,pinky&ring
1462,pinky&ring
1526,pinky&ring
1847,pinky&ring
2287,pinky&ring
2599,pinky&ring
2605,pinky&ring
2452,pinky&ring
2249,pinky&ring
2068,pinky&ring
1921,pinky&ring
2232,pinky&ring
2158,pinky&ring
1833,pinky&ring
1422,pinky&ring
1223,pinky&ring
1171,pinky&ring
1240,pinky&ring
1419,pinky&ring
1608,pinky&ring
1763,pinky&ring
1458,pinky&ring
1529,pinky&ring
1855,pinky&ring
2290,pinky&ring
2597,pinky&ring
2596,pinky&ring
2444,pinky&ring
2247,pinky&ring
2070,pinky&ring
1917,pinky&ring
2231,pinky&ring
2148,pinky&ring
1839,pinky&ring
1424,pinky&ring
1226,pinky&ring
1174,pinky&ring
1244,pinky&ring
1418,pinky&ring
1611,pinky&ring
1755,pinky&ring
1455,pinky&ring
1528,pinky&ring
1864,pinky&ring
2299,pinky&ring
2597,pinky&ring
2598,pinky&ring
2440,pinky&ring
2245,pinky&ring
2065,pinky&ring
1919,pinky&ring
2239,pinky&ring
2158,pinky&ring
1831,pinky&ring
1418,pinky&ring
1221,pinky&ring
1174,pinky&ring
1242,pinky&ring
1427,pinky&ring
1606,pinky&ring
1768,pinky&ring
1456,pinky&ring
1526,pinky&ring
1870,pinky&ring
2301,pinky&ring
2600,pinky&ring
2602,pinky&ring
2459,pinky&ring
2254,pinky&ring
2068,pinky&ring
1919,pinky&ring
2240,pinky&ring
2141,pinky&ring
1810,pinky&ring
1396,pinky&ring
1215,pinky&ring
1166,pinky&ring
1244,pinky&ring
1422,pinky&ring
1615,pinky&ring
1774,pinky&ring
1464,pinky&ring
1548,pinky&ring
1884,pinky&ring
2328,pinky&ring
2628,pinky&ring
2626,pinky&ring
2451,pinky&ring
2219,pinky&ring
2027,pinky&ring
1898,pinky&ring
2222,pinky&ring
2120,pinky&ring
1799,pinky&ring
1400,pinky&ring
1225,pinky&ring
1174,pinky&ring
1244,pinky&ring
1428,pinky&ring
1621,pinky&ring
1771,pinky&ring
1451,pinky&ring
1538,pinky&ring
1885,pinky&ring
2307,pinky&ring
2591,pinky&ring
2580,pinky&ring
2453,pinky&ring
2256,pinky&ring
2064,pinky&ring
1912,pinky&ring
2256,pinky&ring
2152,pinky&ring
1815,pinky&ring
1413,pinky&ring
1221,pinky&ring
1164,pinky&ring
1236,pinky&ring
1421,pinky&ring
1613,pinky&ring
1769,pinky&ring
1439,pinky&ring
1503,pinky&ring
1873,pinky&ring
2311,pinky&ring
2615,pinky&ring
2613,pinky&ring
2450,pinky&ring
2243,pinky&ring
2060,pinky&ring
1908,pinky&ring
2243,pinky&ring
2136,pinky&ring
1803,pinky&ring
1398,pinky&ring
1215,pinky&ring
1175,pinky&ring
1260,pinky&ring
1441,pinky&ring
1627,pinky&ring
1770,pinky&ring
1442,pinky&ring
1538,pinky&ring
1886,pinky&ring
2316,pinky&ring
2606,pinky&ring
2596,pinky&ring
2443,pinky&ring
2248,pinky&ring
2061,pinky&ring
1921,pinky&ring
2260,pinky&ring
2150,pinky&ring
1805,pinky&ring
1400,pinky&ring
1212,pinky&ring
1166,pinky&ring
1253,pinky&ring
1432,pinky&ring
1620,pinky&ring
1765,pinky&ring
1437,pinky&ring
1537,pinky&ring
1898,pinky&ring
2324,pinky&ring
2612,pinky&ring
2600,pinky&ring
2446,pinky&ring
2247,pinky&ring
2066,pinky&ring
1924,pinky&ring
2233,pinky&ring
2111,pinky&ring
1776,pinky&ring
1381,pinky&ring
1200,pinky&ring
1157,pinky&ring
1250,pinky&ring
1441,pinky&ring
1633,pinky&ring
1775,pinky&ring
1446,pinky&ring
1549,pinky&ring
1900,pinky&ring
2332,pinky&ring
2622,pinky&ring
2607,pinky&ring
2452,pinky&ring
2261,pinky&ring
2089,pinky&ring
1954,pinky&ring
2266,pinky&ring
2123,pinky&ring
1761,pinky&ring
1365,pinky&ring
1190,pinky&ring
1137,pinky&ring
1205,pinky&ring
1418,pinky&ring
1608,pinky&ring
1738,pinky&ring
1409,pinky&ring
1519,pinky&ring
1885,pinky&ring
2333,pinky&ring
2616,pinky&ring
2600,pinky&ring
2448,pinky&ring
2277,pinky&ring
2087,pinky&ring
1950,pinky&ring
2244,pinky&ring
2125,pinky&ring
1777,pinky&ring
1369,pinky&ring
1206,pinky&ring
1162,pinky&ring
1277,pinky&ring
1468,pinky&ring
1653,pinky&ring
1776,pinky&ring
1422,pinky&ring
1522,pinky&ring
1864,pinky&ring
2303,pinky&ring
2604,pinky&ring
2595,pinky&ring
2420,pinky&ring
2231,pinky&ring
2056,pinky&ring
1932,pinky&ring
2268,pinky&ring
2137,pinky&ring
1795,pinky&ring
1384,pinky&ring
1208,pinky&ring
1165,pinky&ring
1260,pinky&ring
1440,pinky&ring
1628,pinky&ring
1759,pinky&ring
1431,pinky&ring
1546,pinky&ring
1910,pinky&ring
2336,pinky&ring
2615,pinky&ring
2604,pinky&ring
2439,pinky&ring
2233,pinky&ring
2042,pinky&ring
1933,pinky&ring
2268,pinky&ring
2132,pinky&ring
1777,pinky&ring
1375,pinky&ring
1196,pinky&ring
1159,pinky&ring
1261,pinky&ring
1449,pinky&ring
1627,pinky&ring
1750,pinky&ring
1423,pinky&ring
1556,pinky&ring
1911,pinky&ring
2342,pinky&ring
2615,pinky&ring
2596,pinky&ring
2431,pinky&ring
2243,pinky&ring
2061,pinky&ring
1941,pinky&ring
2278,pinky&ring
2134,pinky&ring
1781,pinky&ring
1339,pinky&ring
1180,pinky&ring
1154,pinky&ring
1254,pinky&ring
1446,pinky&ring
1639,pinky&ring
1775,pinky&ring
1446,pinky&ring
1570,pinky&ring
1933,pinky&ring
2337,pinky&ring
2603,pinky&ring
2573,pinky&ring
2398,pinky&ring
2202,pinky&ring
2034,pinky&ring
1944,pinky&ring
2275,pinky&ring
2131,pinky&ring
1779,pinky&ring
1381,pinky&ring
1206,pinky&ring
1159,pinky&ring
1258,pinky&ring
1458,pinky&ring
1643,pinky&ring
1769,pinky&ring
1424,pinky&ring
1541,pinky&ring
1923,pinky&ring
2338,pinky&ring
2605,pinky&ring
2584,pinky&ring
2429,pinky&ring
2245,pinky&ring
2047,pinky&ring
1931,pinky&ring
2252,pinky&ring
2115,pinky&ring
1768,pinky&ring
1392,pinky&ring
1229,pinky&ring
1189,pinky&ring
1301,pinky&ring
1474,pinky&ring
1606,pinky&ring
1708,pinky&ring
1374,pinky&ring
1510,pinky&ring
1902,pinky&ring
2346,pinky&ring
2628,pinky&ring
2622,pinky&ring
2455,pinky&ring
2242,pinky&ring
2049,pinky&ring
1930,pinky&ring
2272,pinky&ring
2114,pinky&ring
1768,pinky&ring
1367,pinky&ring
1196,pinky&ring
1162,pinky&ring
1268,pinky&ring
1450,pinky&ring
1627,pinky&ring
1733,pinky&ring
1414,pinky&ring
1575,pinky&ring
1956,pinky&ring
2378,pinky&ring
2623,pinky&ring
2581,pinky&ring
2398,pinky&ring
2194,pinky&ring
2030,pinky&ring
1959,pinky&ring
2286,pinky&ring
2128,pinky&ring
1763,pinky&ring
1351,pinky&ring
1173,pinky&ring
1161,pinky&ring
1290,pinky&ring
1475,pinky&ring
1639,pinky&ring
1727,pinky&ring
1392,pinky&ring
1547,pinky&ring
1936,pinky&ring
2344,pinky&ring
2598,pinky&ring
2583,pinky&ring
2424,pinky&ring
2236,pinky&ring
2044,pinky&ring
1959,pinky&ring
2291,pinky&ring
2146,pinky&ring
1791,pinky&ring
1388,pinky&ring
1203,pinky&ring
1126,pinky&ring
1212,pinky&ring
1425,pinky&ring
1641,pinky&ring
1745,pinky&ring
1415,pinky&ring
1558,pinky&ring
1947,pinky&ring
2367,pinky&ring
2638,pinky&ring
2605,pinky&ring
2429,pinky&ring
2220,pinky&ring
2037,pinky&ring
1932,pinky&ring
2232,pinky&ring
2117,pinky&ring
1770,pinky&ring
1362,pinky&ring
1177,pinky&ring
1141,pinky&ring
1257,pinky&ring
1446,pinky&ring
1637,pinky&ring
1745,pinky&ring
1418,pinky&ring
1570,pinky&ring
1948,pinky&ring
2388,pinky&ring
2651,pinky&ring
2600,pinky&ring
2415,pinky&ring
2214,pinky&ring
2030,pinky&ring
1962,pinky&ring
2298,pinky&ring
2115,pinky&ring
1726,pinky&ring
1328,pinky&ring
1186,pinky&ring
1161,pinky&ring
1270,pinky&ring
1464,pinky&ring
1662,pinky&ring
1748,pinky&ring
1405,pinky&ring
1571,pinky&ring
1945,pinky&ring
2359,pinky&ring
2634,pinky&ring
2603,pinky&ring
2419,pinky&ring
2215,pinky&ring
2040,pinky&ring
1968,pinky&ring
2282,pinky&ring
2090,pinky&ring
1717,pinky&ring
1340,pinky&ring
1175,pinky&ring
1143,pinky&ring
1288,pinky&ring
1479,pinky&ring
1663,pinky&ring
1753,pinky&ring
1414,pinky&ring
1550,pinky&ring
1948,pinky&ring
2389,pinky&ring
2636,pinky&ring
2578,pinky&ring
2395,pinky&ring
2209,pinky&ring
2029,pinky&ring
1958,pinky&ring
2279,pinky&ring
2108,pinky&ring
1740,pinky&ring
1365,pinky&ring
1218,pinky&ring
1170,pinky&ring
1262,pinky&ring
1429,pinky&ring
1622,pinky&ring
1719,pinky&ring
1414,pinky&ring
1588,pinky&ring
1989,pinky&ring
2400,pinky&ring
2640,pinky&ring
2583,pinky&ring
2358,pinky&ring
2178,pinky&ring
2006,pinky&ring
1954,pinky&ring
2280,pinky&ring
2126,pinky&ring
1739,pinky&ring
1344,pinky&ring
1205,pinky&ring
1169,pinky&ring
1273,pinky&ring
1464,pinky&ring
1659,pinky&ring
1724,pinky&ring
1387,pinky&ring
1567,pinky&ring
1974,pinky&ring
2397,pinky&ring
2644,pinky&ring
2584,pinky&ring
2396,pinky&ring
2214,pinky&ring
2029,pinky&ring
1988,pinky&ring
2306,pinky&ring
2114,pinky&ring
1731,pinky&ring
1372,pinky&ring
1228,pinky&ring
1174,pinky&ring
1259,pinky&ring
1392,pinky&ring
1574,pinky&ring
1668,pinky&ring
1383,pinky&ring
1567,pinky&ring
1976,pinky&ring
2416,pinky&ring
2664,pinky&ring
2612,pinky&ring
2410,pinky&ring
2214,pinky&ring
2022,pinky&ring
1983,pinky&ring
2291,pinky&ring
2114,pinky&ring
1733,pinky&ring
1324,pinky&ring
1166,pinky&ring
1145,pinky&ring
1274,pinky&ring
1461,pinky&ring
1651,pinky&ring
1710,pinky&ring
1393,pinky&ring
1575,pinky&ring
1989,pinky&ring
2420,pinky&ring
2650,pinky&ring
2610,pinky&ring
2416,pinky&ring
2204,pinky&ring
2015,pinky&ring
1968,pinky&ring
2279,pinky&ring
2085,pinky&ring
1703,pinky&ring
1328,pinky&ring
1188,pinky&ring
1164,pinky&ring
1287,pinky&ring
1469,pinky&ring
1651,pinky&ring
1708,pinky&ring
1389,pinky&ring
1594,pinky&ring
2001,pinky&ring
2409,pinky&ring
2636,pinky&ring
2584,pinky&ring
2409,pinky&ring
2219,pinky&ring
2021,pinky&ring
1996,pinky&ring
2310,pinky&ring
2118,pinky&ring
1727,pinky&ring
1333,pinky&ring
1137,pinky&ring
1063,pinky&ring
1233,pinky&ring
1455,pinky&ring
1653,pinky&ring
1713,pinky&ring
1403,pinky&ring
1579,pinky&ring
1972,pinky&ring
2407,pinky&ring
2657,pinky&ring
2608,pinky&ring
2419,pinky&ring
2226,pinky&ring
2043,pinky&ring
2006,pinky&ring
2300,pinky&ring
2104,pinky&ring
1707,pinky&ring
1320,pinky&ring
1165,pinky&ring
1136,pinky&ring
1270,pinky&ring
1458,pinky&ring
1669,pinky&ring
1713,pinky&ring
1390,pinky&ring
1581,pinky&ring
2005,pinky&ring
2420,pinky&ring
2650,pinky&ring
2576,pinky&ring
2382,pinky&ring
2212,pinky&ring
2020,pinky&ring
1989,pinky&ring
2302,pinky&ring
2108,pinky&ring
1702,pinky&ring
1322,pinky&ring
1165,pinky&ring
1138,pinky&ring
1261,pinky&ring
1459,pinky&ring
1662,pinky&ring
1723,pinky&ring
1412,pinky&ring
1600,pinky&ring
2022,pinky&ring
2421,pinky&ring
2633,pinky&ring
2536,pinky&ring
2367,pinky&ring
2183,pinky&ring
1997,pinky&ring
2001,pinky&ring
2304,pinky&ring
2106,pinky&ring
1707,pinky&ring
1320,pinky&ring
1169,pinky&ring
1152,pinky&ring
1286,pinky&ring
1480,pinky&ring
1683,pinky&ring
1736,pinky&ring
1429,pinky&ring
1612,pinky&ring
2010,pinky&ring
2417,pinky&ring
2614,pinky&ring
2575,pinky&ring
2375,pinky&ring
2163,pinky&ring
1981,pinky&ring
1990,pinky&ring
2298,pinky&ring
2095,pinky&ring
1700,pinky&ring
1330,pinky&ring
1180,pinky&ring
1156,pinky&ring
1287,pinky&ring
1468,pinky&ring
1665,pinky&ring
1685,pinky&ring
1382,pinky&ring
1587,pinky&ring
2009,pinky&ring
2435,pinky&ring
2658,pinky&ring
2590,pinky&ring
2374,pinky&ring
2197,pinky&ring
2015,pinky&ring
2018,pinky&ring
2315,pinky&ring
2117,pinky&ring
1714,pinky&ring
1335,pinky&ring
1184,pinky&ring
1123,pinky&ring
1263,pinky&ring
1436,pinky&ring
1636,pinky&ring
1675,pinky&ring
1371,pinky&ring
1575,pinky&ring
2003,pinky&ring
2421,pinky&ring
2655,pinky&ring
2603,pinky&ring
2409,pinky&ring
2212,pinky&ring
2027,pinky&ring
2023,pinky&ring
2315,pinky&ring
2090,pinky&ring
1669,pinky&ring
1311,pinky&ring
1171,pinky&ring
1146,pinky&ring
1276,pinky&ring
1470,pinky&ring
1664,pinky&ring
1685,pinky&ring
1380,pinky&ring
1593,pinky&ring
2022,pinky&ring
2448,pinky&ring
2662,pinky&ring
2587,pinky&ring
2375,pinky&ring
2186,pinky&ring
2009,pinky&ring
2022,pinky&ring
2310,pinky&ring
2086,pinky&ring
1662,pinky&ring
1310,pinky&ring
1173,pinky&ring
1154,pinky&ring
1283,pinky&ring
1467,pinky&ring
1665,pinky&ring
1675,pinky&ring
1381,pinky&ring
1588,pinky&ring
2024,pinky&ring
2444,pinky&ring
2657,pinky&ring
2591,pinky&ring
2390,pinky&ring
2204,pinky&ring
2008,pinky&ring
2025,pinky&ring
2334,pinky&ring
2118,pinky&ring
1683,pinky&ring
1301,pinky&ring
1143,pinky&ring
1112,pinky&ring
1270,pinky&ring
1472,pinky&ring
1667,pinky&ring
1664,pinky&ring
1382,pinky&ring
1598,pinky&ring
2026,pinky&ring
2435,pinky&ring
2638,pinky&ring
2578,pinky&ring
2385,pinky&ring
2210,pinky&ring
2013,pinky&ring
2026,pinky&ring
2300,pinky&ring
2090,pinky&ring
1673,pinky&ring
1327,pinky&ring
1176,pinky&ring
1148,pinky&ring
1296,pinky&ring
1478,pinky&ring
1676,pinky&ring
1664,pinky&ring
1384,pinky&ring
1595,pinky&ring
2034,pinky&ring
2454,pinky&ring
2659,pinky&ring
2570,pinky&ring
2373,pinky&ring
2193,pinky&ring
2005,pinky&ring
2024,pinky&ring
2288,pinky&ring
2084,pinky&ring
1676,pinky&ring
1312,pinky&ring
1178,pinky&ring
1153,pinky&ring
1288,pinky&ring
1490,pinky&ring
1676,pinky&ring
1659,pinky&ring
1387,pinky&ring
1596,pinky&ring
2037,pinky&ring
2447,pinky&ring
2648,pinky&ring
2578,pinky&ring
2380,pinky&ring
2185,pinky&ring
2006,pinky&ring
2031,pinky&ring
2292,pinky&ring
2073,pinky&ring
1662,pinky&ring
1316,pinky&ring
1177,pinky&ring
1160,pinky&ring
1300,pinky&ring
1485,pinky&ring
1675,pinky&ring
1664,pinky&ring
1393,pinky&ring
1604,pinky&ring
2046,pinky&ring
2439,pinky&ring
2633,pinky&ring
2568,pinky&ring
2365,pinky&ring
2180,pinky&ring
1997,pinky&ring
2033,pinky&ring
2285,pinky&ring
2077,pinky&ring
1662,pinky&ring
1320,pinky&ring
1177,pinky&ring
1164,pinky&ring
1306,pinky&ring
1486,pinky&ring
1682,pinky&ring
1667,pinky&ring
1398,pinky&ring
1605,pinky&ring
2038,pinky&ring
2444,pinky&ring
2637,pinky&ring
2569,pinky&ring
2371,pinky&ring
2183,pinky&ring
1991,pinky&ring
2029,pinky&ring
2280,pinky&ring
2067,pinky&ring
1658,pinky&ring
1311,pinky&ring
1175,pinky&ring
1157,pinky&ring
1314,pinky&ring
1497,pinky&ring
1682,pinky&ring
1650,pinky&ring
1387,pinky&ring
1605,pinky&ring
2054,pinky&ring
2453,pinky&ring
2639,pinky&ring
2564,pinky&ring
2365,pinky&ring
2179,pinky&ring
1990,pinky&ring
2035,pinky&ring
2270,pinky&ring
2060,pinky&ring
1657,pinky&ring
1315,pinky&ring
1180,pinky&ring
1165,pinky&ring
1317,pinky&ring
1496,pinky&ring
1684,pinky&ring
1662,pinky&ring
1411,pinky&ring
1619,pinky&ring
2056,pinky&ring
2446,pinky&ring
2631,pinky&ring
2557,pinky&ring
2356,pinky&ring
2176,pinky&ring
1995,pinky&ring
2041,pinky&ring
2285,pinky&ring
2069,pinky&ring
1654,pinky&ring
1311,pinky&ring
1179,pinky&ring
1163,pinky&ring
1306,pinky&ring
1496,pinky&ring
1686,pinky&ring
1659,pinky&ring
1410,pinky&ring
1618,pinky&ring
2055,pinky&ring
2447,pinky&ring
2633,pinky&ring
2560,pinky&ring
2361,pinky&ring
2177,pinky&ring
1998,pinky&ring
2053,pinky&ring
2280,pinky&ring
2054,pinky&ring
1633,pinky&ring
1307,pinky&ring
1177,pinky&ring
1160,pinky&ring
1317,pinky&ring
1499,pinky&ring
1687,pinky&ring
1650,pinky&ring
1406,pinky&ring
1625,pinky&ring
2055,pinky&ring
2452,pinky&ring
2640,pinky&ring
2560,pinky&ring
2359,pinky&ring
2176,pinky&ring
1992,pinky&ring
2052,pinky&ring
2275,pinky&ring
2058,pinky&ring
1639,pinky&ring
1311,pinky&ring
1178,pinky&ring
1169,pinky&ring
1323,pinky&ring
1503,pinky&ring
1690,pinky&ring
1647,pinky&ring
1408,pinky&ring
1620,pinky&ring
2059,pinky&ring
2454,pinky&ring
2631,pinky&ring
2554,pinky&ring
2354,pinky&ring
2170,pinky&ring
1992,pinky&ring
2065,pinky&ring
2290,pinky&ring
2065,pinky&ring
1639,pinky&ring
1313,pinky&ring
1185,pinky&ring
1169,pinky&ring
1321,pinky&ring
1499,pinky&ring
1687,pinky&ring
1641,pinky&ring
1406,pinky&ring
1620,pinky&ring
2066,pinky&ring
2453,pinky&ring
2631,pinky&ring
2549,pinky&ring
2349,pinky&ring
2162,pinky&ring
1979,pinky&ring
2059,pinky&ring
2283,pinky&ring
2052,pinky&ring
1630,pinky&ring
1301,pinky&ring
1175,pinky&ring
1169,pinky&ring
1325,pinky&ring
1510,pinky&ring
1692,pinky&ring
1642,pinky&ring
1417,pinky&ring
1630,pinky&ring
2069,pinky&ring
2465,pinky&ring
2634,pinky&ring
2552,pinky&ring
2348,pinky&ring
2168,pinky&ring
1986,pinky&ring
2064,pinky&ring
2279,pinky&ring
2050,pinky&ring
1625,pinky&ring
1297,pinky&ring
1172,pinky&ring
1168,pinky&ring
1332,pinky&ring
1508,pinky&ring
1684,pinky&ring
1628,pinky&ring
1411,pinky&ring
1634,pinky&ring
2079,pinky&ring
2461,pinky&ring
2633,pinky&ring
2555,pinky&ring
2354,pinky&ring
2166,pinky&ring
1987,pinky&ring
2066,pinky&ring
2273,pinky&ring
2042,pinky&ring
1622,pinky&ring
1308,pinky&ring
1181,pinky&ring
1176,pinky&ring
1329,pinky&ring
1504,pinky&ring
1692,pinky&ring
1632,pinky&ring
1408,pinky&ring
1627,pinky&ring
2080,pinky&ring
2464,pinky&ring
2628,pinky&ring
2549,pinky&ring
2347,pinky&ring
2167,pinky&ring
1989,pinky&ring
2070,pinky&ring
2272,pinky&ring
2040,pinky&ring
1620,pinky&ring
1300,pinky&ring
1173,pinky&ring
1173,pinky&ring
1328,pinky&ring
1510,pinky&ring
1692,pinky&ring
1628,pinky&ring
1418,pinky&ring
1639,pinky&ring
2090,pinky&ring
2471,pinky&ring
2628,pinky&ring
2541,pinky&ring
2343,pinky&ring
2170,pinky&ring
1987,pinky&ring
2071,pinky&ring
2266,pinky&ring
2038,pinky&ring
1609,pinky&ring
1300,pinky&ring
1183,pinky&ring
1183,pinky&ring
1338,pinky&ring
1514,pinky&ring
1695,pinky&ring
1626,pinky&ring
1406,pinky&ring
1622,pinky&ring
2089,pinky&ring
2475,pinky&ring
2630,pinky&ring
2543,pinky&ring
2337,pinky&ring
2156,pinky&ring
1977,pinky&ring
2080,pinky&ring
2272,pinky&ring
2040,pinky&ring
1614,pinky&ring
1304,pinky&ring
1186,pinky&ring
1181,pinky&ring
1339,pinky&ring
1519,pinky&ring
1702,pinky&ring
1624,pinky&ring
1418,pinky&ring
1647,pinky&ring
2108,pinky&ring
2478,pinky&ring
2627,pinky&ring
2540,pinky&ring
2335,pinky&ring
2151,pinky&ring
1971,pinky&ring
2077,pinky&ring
2267,pinky&ring
2033,pinky&ring
1604,pinky&ring
1298,pinky&ring
1176,pinky&ring
1174,pinky&ring
1340,pinky&ring
1517,pinky&ring
1704,pinky&ring
1619,pinky&ring
1420,pinky&ring
1645,pinky&ring
2107,pinky&ring
2487,pinky&ring
2627,pinky&ring
2530,pinky&ring
2324,pinky&ring
2148,pinky&ring
1970,pinky&ring
2079,pinky&ring
2259,pinky&ring
2029,pinky&ring
1604,pinky&ring
1300,pinky&ring
1179,pinky&ring
1181,pinky&ring
1341,pinky&ring
1522,pinky&ring
1705,pinky&ring
1615,pinky&ring
1427,pinky&ring
1656,pinky&ring
2113,pinky&ring
2486,pinky&ring
2628,pinky&ring
2544,pinky&ring
2329,pinky&ring
2146,pinky&ring
1973,pinky&ring
2082,pinky&ring
2254,pinky&ring
2020,pinky&ring
1593,pinky&ring
1294,pinky&ring
1176,pinky&ring
1179,pinky&ring
1347,pinky&ring
1522,pinky&ring
1703,pinky&ring
1611,pinky&ring
1425,pinky&ring
1649,pinky&ring
2113,pinky&ring
2487,pinky&ring
2626,pinky&ring
2536,pinky&ring
2329,pinky&ring
2153,pinky&ring
1978,pinky&ring
2095,pinky&ring
2265,pinky&ring
2026,pinky&ring
1591,pinky&ring
1291,pinky&ring
1183,pinky&ring
1181,pinky&ring
1344,pinky&ring
1527,pinky&ring
1708,pinky&ring
1611,pinky&ring
1425,pinky&ring
1655,pinky&ring
2110,pinky&ring
2484,pinky&ring
2625,pinky&ring
2534,pinky&ring
2330,pinky&ring
2147,pinky&ring
1974,pinky&ring
2097,pinky&ring
2263,pinky&ring
2025,pinky&ring
1588,pinky&ring
1287,pinky&ring
1173,pinky&ring
1174,pinky&ring
1338,pinky&ring
1518,pinky&ring
1704,pinky&ring
1604,pinky&ring
1431,pinky&ring
1664,pinky&ring
2127,pinky&ring
2492,pinky&ring
2623,pinky&ring
2538,pinky&ring
2330,pinky&ring
2145,pinky&ring
1977,pinky&ring
2100,pinky&ring
2265,pinky&ring
2022,pinky&ring
1583,pinky&ring
1286,pinky&ring
1174,pinky&ring
1173,pinky&ring
1348,pinky&ring
1522,pinky&ring
1702,pinky&ring
1598,pinky&ring
1430,pinky&ring
1657,pinky&ring
2126,pinky&ring
2498,pinky&ring
2630,pinky&ring
2540,pinky&ring
2328,pinky&ring
2141,pinky&ring
1973,pinky&ring
2103,pinky&ring
2266,pinky&ring
2015,pinky&ring
1573,pinky&ring
1286,pinky&ring
1164,pinky&ring
1172,pinky&ring
1350,pinky&ring
1528,pinky&ring
1709,pinky&ring
1589,pinky&ring
1431,pinky&ring
1669,pinky&ring
2132,pinky&ring
2499,pinky&ring
2630,pinky&ring
2537,pinky&ring
2328,pinky&ring
2151,pinky&ring
1971,pinky&ring
2108,pinky&ring
2260,pinky&ring
2008,pinky&ring
1567,pinky&ring
1278,pinky&ring
1183,pinky&ring
1187,pinky&ring
1351,pinky&ring
1535,pinky&ring
1708,pinky&ring
1590,pinky&ring
1431,pinky&ring
1665,pinky&ring
2138,pinky&ring
2509,pinky&ring
2629,pinky&ring
2533,pinky&ring
2321,pinky&ring
2136,pinky&ring
1966,pinky&ring
2109,pinky&ring
2257,pinky&ring
2008,pinky&ring
1566,pinky&ring
1278,pinky&ring
1171,pinky&ring
1181,pinky&ring
1352,pinky&ring
1533,pinky&ring
1709,pinky&ring
1587,pinky&ring
1427,pinky&ring
1663,pinky&ring
2137,pinky&ring
2506,pinky&ring
2629,pinky&ring
2529,pinky&ring
2316,pinky&ring
2140,pinky&ring
1970,pinky&ring
2119,pinky&ring
2259,pinky&ring
2008,pinky&ring
1564,pinky&ring
1284,pinky&ring
1177,pinky&ring
1183,pinky&ring
1351,pinky&ring
1531,pinky&ring
1714,pinky&ring
1580,pinky&ring
1432,pinky&ring
1674,pinky&ring
2144,pinky&ring
2506,pinky&ring
2623,pinky&ring
2527,pinky&ring
2324,pinky&ring
2142,pinky&ring
1964,pinky&ring
2117,pinky&ring
2254,pinky&ring
2006,pinky&ring
1560,pinky&ring
1274,pinky&ring
1172,pinky&ring
1180,pinky&ring
1358,pinky&ring
1540,pinky&ring
1713,pinky&ring
1579,pinky&ring
1433,pinky&ring
1679,pinky&ring
2149,pinky&ring
2510,pinky&ring
2624,pinky&ring
2528,pinky&ring
2316,pinky&ring
2135,pinky&ring
1960,pinky&ring
2120,pinky&ring
2256,pinky&ring
1999,pinky&ring
1554,pinky&ring
1271,pinky&ring
1172,pinky&ring
1184,pinky&ring
1355,pinky&ring
1538,pinky&ring
1713,pinky&ring
1581,pinky&ring
1436,pinky&ring
1680,pinky&ring
2154,pinky&ring
2508,pinky&ring
2628,pinky&ring
2533,pinky&ring
2315,pinky&ring
2132,pinky&ring
1960,pinky&ring
2126,pinky&ring
2251,pinky&ring
1994,pinky&ring
1547,pinky&ring
1271,pinky&ring
1174,pinky&ring
1185,pinky&ring
1364,pinky&ring
1540,pinky&ring
1714,pinky&ring
1566,pinky&ring
1439,pinky&ring
1685,pinky&ring
2161,pinky&ring
2521,pinky&ring
2628,pinky&ring
2526,pinky&ring
2308,pinky&ring
2135,pinky&ring
1971,pinky&ring
2134,pinky&ring
2248,pinky&ring
1993,pinky&ring
1544,pinky&ring
1273,pinky&ring
1177,pinky&ring
1187,pinky&ring
1360,pinky&ring
1538,pinky&ring
1721,pinky&ring
1570,pinky&ring
1436,pinky&ring
1692,pinky&ring
2170,pinky&ring
2519,pinky&ring
2623,pinky&ring
2521,pinky&ring
2305,pinky&ring
2125,pinky&ring
1957,pinky&ring
2126,pinky&ring
2246,pinky&ring
1990,pinky&ring
1554,pinky&ring
1281,pinky&ring
1180,pinky&ring
1194,pinky&ring
1358,pinky&ring
1542,pinky&ring
1716,pinky&ring
1554,pinky&ring
1432,pinky&ring
1687,pinky&ring
2164,pinky&ring
2523,pinky&ring
2626,pinky&ring
2524,pinky&ring
2311,pinky&ring
2130,pinky&ring
1965,pinky&ring
2145,pinky&ring
2258,pinky&ring
1996,pinky&ring
1542,pinky&ring
1270,pinky&ring
1176,pinky&ring
1186,pinky&ring
1358,pinky&ring
1539,pinky&ring
1714,pinky&ring
1554,pinky&ring
1443,pinky&ring
1696,pinky&ring
2173,pinky&ring
2532,pinky&ring
2629,pinky&ring
2526,pinky&ring
2311,pinky&ring
2128,pinky&ring
1955,pinky&ring
2142,pinky&ring
2242,pinky&ring
1980,pinky&ring
1529,pinky&ring
1264,pinky&ring
1170,pinky&ring
1183,pinky&ring
1364,pinky&ring
1549,pinky&ring
1720,pinky&ring
1557,pinky&ring
1447,pinky&ring
1703,pinky&ring
2177,pinky&ring
2534,pinky&ring
2628,pinky&ring
2516,pinky&ring
2310,pinky&ring
2124,pinky&ring
1956,pinky&ring
2144,pinky&ring
2245,pinky&ring
1981,pinky&ring
1529,pinky&ring
1267,pinky&ring
1177,pinky&ring
1189,pinky&ring
1367,pinky&ring
1542,pinky&ring
1715,pinky&ring
1544,pinky&ring
1444,pinky&ring
1699,pinky&ring
2186,pinky&ring
2541,pinky&ring
2625,pinky&ring
2514,pinky&ring
2304,pinky&ring
2124,pinky&ring
1955,pinky&ring
2155,pinky&ring
2241,pinky&ring
1969,pinky&ring
1517,pinky&ring
1260,pinky&ring
1168,pinky&ring
1194,pinky&ring
1384,pinky&ring
1560,pinky&ring
1735,pinky&ring
1553,pinky&ring
1455,pinky&ring
1704,pinky&ring
2175,pinky&ring
2531,pinky&ring
2613,pinky&ring
2514,pinky&ring
2312,pinky&ring
2133,pinky&ring
1969,pinky&ring
2156,pinky&ring
2236,pinky&ring
1964,pinky&ring
1504,pinky&ring
1249,pinky&ring
1168,pinky&ring
1203,pinky&ring
1390,pinky&ring
1570,pinky&ring
1721,pinky&ring
1516,pinky&ring
1441,pinky&ring
1698,pinky&ring
2187,pinky&ring
2546,pinky&ring
2631,pinky&ring
2530,pinky&ring
2309,pinky&ring
2094,pinky&ring
1938,pinky&ring
2151,pinky&ring
2235,pinky&ring
1970,pinky&ring
1529,pinky&ring
1294,pinky&ring
1207,pinky&ring
1220,pinky&ring
1393,pinky&ring
1560,pinky&ring
1691,pinky&ring
1472,pinky&ring
1401,pinky&ring
1698,pinky&ring
2188,pinky&ring
2543,pinky&ring
2627,pinky&ring
2517,pinky&ring
2304,pinky&ring
2127,pinky&ring
1964,pinky&ring
2176,pinky&ring
2245,pinky&ring
1979,pinky&ring
1515,pinky&ring
1259,pinky&ring
1175,pinky&ring
1197,pinky&ring
1375,pinky&ring
1560,pinky&ring
1729,pinky&ring
1533,pinky&ring
1448,pinky&ring
1721,pinky&ring
2203,pinky&ring
2550,pinky&ring
2627,pinky&ring
2515,pinky&ring
2308,pinky&ring
2120,pinky&ring
1952,pinky&ring
2177,pinky&ring
2248,pinky&ring
1965,pinky&ring
1500,pinky&ring
1241,pinky&ring
1132,pinky&ring
1178,pinky&ring
1380,pinky&ring
1567,pinky&ring
1728,pinky&ring
1526,pinky&ring
1458,pinky&ring
1719,pinky&ring
2202,pinky&ring
2559,pinky&ring
2628,pinky&ring
2507,pinky&ring
2296,pinky&ring
2112,pinky&ring
1949,pinky&ring
2177,pinky&ring
2246,pinky&ring
1975,pinky&ring
1525,pinky&ring
1270,pinky&ring
1176,pinky&ring
1189,pinky&ring
1370,pinky&ring
1556,pinky&ring
1704,pinky&ring
1486,pinky&ring
1422,pinky&ring
1704,pinky&ring
2191,pinky&ring
2554,pinky&ring
2631,pinky&ring
2523,pinky&ring
2299,pinky&ring
2124,pinky&ring
1968,pinky&ring
2190,pinky&ring
2251,pinky&ring
1975,pinky&ring
1513,pinky&ring
1263,pinky&ring
1174,pinky&ring
1196,pinky&ring
1367,pinky&ring
1562,pinky&ring
1747,pinky&ring
1529,pinky&ring
1470,pinky&ring
1747,pinky&ring
2212,pinky&ring
2569,pinky&ring
2642,pinky&ring
2532,pinky&ring
2303,pinky&ring
2065,pinky&ring
1881,pinky&ring
2101,pinky&ring
2162,pinky&ring
1928,pinky&ring
1498,pinky&ring
1242,pinky&ring
1167,pinky&ring
1194,pinky&ring
1384,pinky&ring
1576,pinky&ring
1753,pinky&ring
1530,pinky&ring
1472,pinky&ring
1751,pinky&ring
2228,pinky&ring
2570,pinky&ring
2637,pinky&ring
2521,pinky&ring
2297,pinky&ring
2113,pinky&ring
1958,pinky&ring
2229,pinky&ring
2272,pinky&ring
1982,pinky&ring
1516,pinky&ring
1247,pinky&ring
1134,pinky&ring
1149,pinky&ring
1336,pinky&ring
1526,pinky&ring
1712,pinky&ring
1495,pinky&ring
1448,pinky&ring
1718,pinky&ring
2198,pinky&ring
2552,pinky&ring
2630,pinky&ring
2515,pinky&ring
2299,pinky&ring
2114,pinky&ring
1952,pinky&ring
2198,pinky&ring
2239,pinky&ring
1961,pinky&ring
1494,pinky&ring
1249,pinky&ring
1176,pinky&ring
1203,pinky&ring
1393,pinky&ring
1577,pinky&ring
1730,pinky&ring
1486,pinky&ring
1437,pinky&ring
1737,pinky&ring
2228,pinky&ring
2584,pinky&ring
2645,pinky&ring
2513,pinky&ring
2290,pinky&ring
2092,pinky&ring
1910,pinky&ring
2191,pinky&ring
2232,pinky&ring
1942,pinky&ring
1486,pinky&ring
1237,pinky&ring
1162,pinky&ring
1191,pinky&ring
1378,pinky&ring
1568,pinky&ring
1738,pinky&ring
1511,pinky&ring
1481,pinky&ring
1763,pinky&ring
2282,pinky&ring
2628,pinky&ring
2622,pinky&ring
2508,pinky&ring
2277,pinky&ring
2069,pinky&ring
1876,pinky&ring
2128,pinky&ring
2197,pinky&ring
1920,pinky&ring
1458,pinky&ring
1228,pinky&ring
1156,pinky&ring
1196,pinky&ring
1408,pinky&ring
1603,pinky&ring
1761,pinky&ring
1497,pinky&ring
1464,pinky&ring
1755,pinky&ring
2240,pinky&ring
2589,pinky&ring
2641,pinky&ring
2517,pinky&ring
2296,pinky&ring
2109,pinky&ring
1942,pinky&ring
2210,pinky&ring
2235,pinky&ring
1939,pinky&ring
1462,pinky&ring
1221,pinky&ring
1168,pinky&ring
1203,pinky&ring
1393,pinky&ring
1566,pinky&ring
1728,pinky&ring
1470,pinky&ring
1443,pinky&ring
1741,pinky&ring
2227,pinky&ring
2588,pinky&ring
2666,pinky&ring
2563,pinky&ring
2354,pinky&ring
2154,pinky&ring
1971,pinky&ring
2190,pinky&ring
2156,pinky&ring
1834,pinky&ring
1397,pinky&ring
1211,pinky&ring
1154,pinky&ring
1185,pinky&ring
1376,pinky&ring
1566,pinky&ring
1736,pinky&ring
1467,pinky&ring
1448,pinky&ring
1754,pinky&ring
2255,pinky&ring
2607,pinky&ring
2658,pinky&ring
2525,pinky&ring
2308,pinky&ring
2119,pinky&ring
1949,pinky&ring
2233,pinky&ring
2242,pinky&ring
1920,pinky&ring
1458,pinky&ring
1236,pinky&ring
1161,pinky&ring
1195,pinky&ring
1377,pinky&ring
1573,pinky&ring
1729,pinky&ring
1448,pinky&ring
1452,pinky&ring
1758,pinky&ring
2245,pinky&ring
2596,pinky&ring
2650,pinky&ring
2513,pinky&ring
2280,pinky&ring
2086,pinky&ring
1929,pinky&ring
2259,pinky&ring
2259,pinky&ring
1941,pinky&ring
1472,pinky&ring
1226,pinky&ring
1128,pinky&ring
1143,pinky&ring
1341,pinky&ring
1563,pinky&ring
1738,pinky&ring
1459,pinky&ring
1453,pinky&ring
1758,pinky&ring
2261,pinky&ring
2618,pinky&ring
2657,pinky&ring
2524,pinky&ring
2312,pinky&ring
2135,pinky&ring
1973,pinky&ring
2265,pinky&ring
2250,pinky&ring
1913,pinky&ring
1401,pinky&ring
1179,pinky&ring
1101,pinky&ring
1146,pinky&ring
1363,pinky&ring
1579,pinky&ring
1756,pinky&ring
1452,pinky&ring
1453,pinky&ring
1778,pinky&ring
2297,pinky&ring
2633,pinky&ring
2663,pinky&ring
2524,pinky&ring
2287,pinky&ring
2085,pinky&ring
1915,pinky&ring
2241,pinky&ring
2254,pinky&ring
1930,pinky&ring
1446,pinky&ring
1193,pinky&ring
1122,pinky&ring
1179,pinky&ring
1382,pinky&ring
1565,pinky&ring
1737,pinky&ring
1434,pinky&ring
1451,pinky&ring
1779,pinky&ring
2290,pinky&ring
2636,pinky&ring
2662,pinky&ring
2513,pinky&ring
2286,pinky&ring
2105,pinky&ring
1933,pinky&ring
2257,pinky&ring
2263,pinky&ring
1921,pinky&ring
1401,pinky&ring
1194,pinky&ring
1138,pinky&ring
1163,pinky&ring
1336,pinky&ring
1564,pinky&ring
1732,pinky&ring
1421,pinky&ring
1434,pinky&ring
1780,pinky&ring
2298,pinky&ring
2668,pinky&ring
2684,pinky&ring
2519,pinky&ring
2282,pinky&ring
2080,pinky&ring
1930,pinky&ring
2310,pinky&ring
2262,pinky&ring
1868,pinky&ring
1383,pinky&ring
1169,pinky&ring
1110,pinky&ring
1168,pinky&ring
1373,pinky&ring
1578,pinky&ring
1749,pinky&ring
1430,pinky&ring
1450,pinky&ring
1775,pinky&ring
2285,pinky&ring
2647,pinky&ring
2678,pinky&ring
2527,pinky&ring
2294,pinky&ring
2101,pinky&ring
1939,pinky&ring
2278,pinky&ring
2251,pinky&ring
1915,pinky&ring
1423,pinky&ring
1186,pinky&ring
1111,pinky&ring
1165,pinky&ring
1381,pinky&ring
1601,pinky&ring
1773,pinky&ring
1439,pinky&ring
1458,pinky&ring
1754,pinky&ring
2233,pinky&ring
2584,pinky&ring
2622,pinky&ring
2502,pinky&ring
2299,pinky&ring
2104,pinky&ring
1940,pinky&ring
2293,pinky&ring
2250,pinky&ring
1916,pinky&ring
1422,pinky&ring
1179,pinky&ring
1109,pinky&ring
1165,pinky&ring
1374,pinky&ring
1580,pinky&ring
1756,pinky&ring
1404,pinky&ring
1434,pinky&ring
1797,pinky&ring
2298,pinky&ring
2681,pinky&ring
2692,pinky&ring
2517,pinky&ring
2298,pinky&ring
2110,pinky&ring
1938,pinky&ring
2273,pinky&ring
2221,pinky&ring
1858,pinky&ring
1380,pinky&ring
1144,pinky&ring
1105,pinky&ring
1175,pinky&ring
1380,pinky&ring
1584,pinky&ring
1765,pinky&ring
1416,pinky&ring
1464,pinky&ring
1817,pinky&ring
2326,pinky&ring
2650,pinky&ring
2650,pinky&ring
2499,pinky&ring
2292,pinky&ring
2094,pinky&ring
1930,pinky&ring
2284,pinky&ring
2241,pinky&ring
1904,pinky&ring
1425,pinky&ring
1210,pinky&ring
1144,pinky&ring
1197,pinky&ring
1396,pinky&ring
1542,pinky&ring
1709,pinky&ring
1340,pinky&ring
1391,pinky&ring
1759,pinky&ring
2304,pinky&ring
2667,pinky&ring
2689,pinky&ring
2535,pinky&ring
2314,pinky&ring
2101,pinky&ring
1903,pinky&ring
2277,pinky&ring
2245,pinky&ring
1917,pinky&ring
1438,pinky&ring
1187,pinky&ring
1113,pinky&ring
1162,pinky&ring
1362,pinky&ring
1567,pinky&ring
1758,pinky&ring
1382,pinky&ring
1439,pinky&ring
1812,pinky&ring
2317,pinky&ring
2645,pinky&ring
2691,pinky&ring
2553,pinky&ring
2291,pinky&ring
2080,pinky&ring
1890,pinky&ring
2295,pinky&ring
2250,pinky&ring
1895,pinky&ring
1399,pinky&ring
1152,pinky&ring
1082,pinky&ring
1157,pinky&ring
1367,pinky&ring
1582,pinky&ring
1785,pinky&ring
1405,pinky&ring
1435,pinky&ring
1791,pinky&ring
2292,pinky&ring
2650,pinky&ring
2672,pinky&ring
2515,pinky&ring
2296,pinky&ring
2104,pinky&ring
1933,pinky&ring
2341,pinky&ring
2289,pinky&ring
1909,pinky&ring
1401,pinky&ring
1157,pinky&ring
1090,pinky&ring
1154,pinky&ring
1348,pinky&ring
1565,pinky&ring
1744,pinky&ring
1360,pinky&ring
1427,pinky&ring
1797,pinky&ring
2326,pinky&ring
2668,pinky&ring
2678,pinky&ring
2533,pinky&ring
2327,pinky&ring
2131,pinky&ring
1948,pinky&ring
2339,pinky&ring
2256,pinky&ring
1888,pinky&ring
1372,pinky&ring
1130,pinky&ring
1085,pinky&ring
1154,pinky&ring
1358,pinky&ring
1582,pinky&ring
1754,pinky&ring
1357,pinky&ring
1419,pinky&ring
1787,pinky&ring
2307,pinky&ring
2682,pinky&ring
2690,pinky&ring
2527,pinky&ring
2287,pinky&ring
2102,pinky&ring
1952,pinky&ring
2358,pinky&ring
2273,pinky&ring
1890,pinky&ring
1384,pinky&ring
1146,pinky&ring
1087,pinky&ring
1163,pinky&ring
1372,pinky&ring
1584,pinky&ring
1760,pinky&ring
1364,pinky&ring
1430,pinky&ring
1816,pinky&ring
2319,pinky&ring
2662,pinky&ring
2658,pinky&ring
2505,pinky&ring
2282,pinky&ring
2113,pinky&ring
1951,pinky&ring
2344,pinky&ring
2265,pinky&ring
1892,pinky&ring
1387,pinky&ring
1136,pinky&ring
1081,pinky&ring
1163,pinky&ring
1391,pinky&ring
1595,pinky&ring
1756,pinky&ring
1351,pinky&ring
1419,pinky&ring
1800,pinky&ring
2316,pinky&ring
2674,pinky&ring
2686,pinky&ring
2531,pinky&ring
2305,pinky&ring
2102,pinky&ring
1934,pinky&ring
2349,pinky&ring
2268,pinky&ring
1906,pinky&ring
1382,pinky&ring
1155,pinky&ring
1088,pinky&ring
1145,pinky&ring
1350,pinky&ring
1560,pinky&ring
1740,pinky&ring
1346,pinky&ring
1423,pinky&ring
1809,pinky&ring
2332,pinky&ring
2686,pinky&ring
2686,pinky&ring
2517,pinky&ring
2293,pinky&ring
2093,pinky&ring
1930,pinky&ring
2356,pinky&ring
2260,pinky&ring
1882,pinky&ring
1385,pinky&ring
1144,pinky&ring
1082,pinky&ring
1170,pinky&ring
1371,pinky&ring
1572,pinky&ring
1745,pinky&ring
1349,pinky&ring
1436,pinky&ring
1807,pinky&ring
2324,pinky&ring
2684,pinky&ring
2688,pinky&ring
2525,pinky&ring
2298,pinky&ring
2096,pinky&ring
1931,pinky&ring
2344,pinky&ring
2252,pinky&ring
1880,pinky&ring
1399,pinky&ring
1177,pinky&ring
1101,pinky&ring
1159,pinky&ring
1364,pinky&ring
1565,pinky&ring
1737,pinky&ring
1349,pinky&ring
1437,pinky&ring
1819,pinky&ring
2315,pinky&ring
2673,pinky&ring
2686,pinky&ring
2521,pinky&ring
2274,pinky&ring
2082,pinky&ring
1926,pinky&ring
2344,pinky&ring
2246,pinky&ring
1878,pinky&ring
1400,pinky&ring
1162,pinky&ring
1097,pinky&ring
1175,pinky&ring
1377,pinky&ring
1588,pinky&ring
1751,pinky&ring
1362,pinky&ring
1441,pinky&ring
1811,pinky&ring
2312,pinky&ring
2665,pinky&ring
2709,pinky&ring
2539,pinky&ring
2300,pinky&ring
2080,pinky&ring
1904,pinky&ring
2310,pinky&ring
2231,pinky&ring
1860,pinky&ring
1367,pinky&ring
1141,pinky&ring
1100,pinky&ring
1184,pinky&ring
1388,pinky&ring
1596,pinky&ring
1766,pinky&ring
1380,pinky&ring
1465,pinky&ring
1828,pinky&ring
2303,pinky&ring
2655,pinky&ring
2667,pinky&ring
2503,pinky&ring
2288,pinky&ring
2090,pinky&ring
1932,pinky&ring
2325,pinky&ring
2231,pinky&ring
1868,pinky&ring
1397,pinky&ring
1178,pinky&ring
1111,pinky&ring
1191,pinky&ring
1383,pinky&ring
1586,pinky&ring
1748,pinky&ring
1373,pinky&ring
1455,pinky&ring
1824,pinky&ring
2313,pinky&ring
2646,pinky&ring
2650,pinky&ring
2494,pinky&ring
2284,pinky&ring
2089,pinky&ring
1934,pinky&ring
2321,pinky&ring
2222,pinky&ring
1862,pinky&ring
1398,pinky&ring
1179,pinky&ring
1120,pinky&ring
1201,pinky&ring
1396,pinky&ring
1588,pinky&ring
1753,pinky&ring
1372,pinky&ring
1456,pinky&ring
1830,pinky&ring
2318,pinky&ring
2650,pinky&ring
2654,pinky&ring
2487,pinky&ring
2279,pinky&ring
2089,pinky&ring
1943,pinky&ring
2325,pinky&ring
2211,pinky&ring
1856,pinky&ring
1401,pinky&ring
1182,pinky&ring
1119,pinky&ring
1193,pinky&ring
1388,pinky&ring
1588,pinky&ring
1741,pinky&ring
1364,pinky&ring
1471,pinky&ring
1843,pinky&ring
2315,pinky&ring
2646,pinky&ring
2650,pinky&ring
2465,pinky&ring
2258,pinky&ring
2083,pinky&ring
1937,pinky&ring
2324,pinky&ring
2214,pinky&ring
1846,pinky&ring
1392,pinky&ring
1180,pinky&ring
1124,pinky&ring
1204,pinky&ring
1399,pinky&ring
1594,pinky&ring
1749,pinky&ring
1376,pinky&ring
1483,pinky&ring
1853,pinky&ring
2320,pinky&ring
2643,pinky&ring
2645,pinky&ring
2472,pinky&ring
2261,pinky&ring
2074,pinky&ring
1934,pinky&ring
2320,pinky&ring
2205,pinky&ring
1849,pinky&ring
1391,pinky&ring
1177,pinky&ring
1125,pinky&ring
1211,pinky&ring
1397,pinky&ring
1595,pinky&ring
1754,pinky&ring
1379,pinky&ring
1474,pinky&ring
1844,pinky&ring
2318,pinky&ring
2643,pinky&ring
2647,pinky&ring
2479,pinky&ring
2271,pinky&ring
2078,pinky&ring
1933,pinky&ring
2319,pinky&ring
2199,pinky&ring
1838,pinky&ring
1383,pinky&ring
1178,pinky&ring
1124,pinky&ring
1209,pinky&ring
1400,pinky&ring
1599,pinky&ring
1752,pinky&ring
1378,pinky&ring
1485,pinky&ring
1855,pinky&ring
2322,pinky&ring
2636,pinky&ring
2633,pinky&ring
2475,pinky&ring
2267,pinky&ring
2075,pinky&ring
1935,pinky&ring
2318,pinky&ring
2195,pinky&ring
1838,pinky&ring
1394,pinky&ring
1182,pinky&ring
1123,pinky&ring
1210,pinky&ring
1407,pinky&ring
1600,pinky&ring
1747,pinky&ring
1368,pinky&ring
1483,pinky&ring
1863,pinky&ring
2327,pinky&ring
2645,pinky&ring
2642,pinky&ring
2471,pinky&ring
2264,pinky&ring
2072,pinky&ring
1937,pinky&ring
2325,pinky&ring
2196,pinky&ring
1823,pinky&ring
1382,pinky&ring
1182,pinky&ring
1122,pinky&ring
1203,pinky&ring
1398,pinky&ring
1600,pinky&ring
1745,pinky&ring
1376,pinky&ring
1486,pinky&ring
1872,pinky&ring
2328,pinky&ring
2641,pinky&ring
2642,pinky&ring
2469,pinky&ring
2266,pinky&ring
2069,pinky&ring
1942,pinky&ring
2321,pinky&ring
2187,pinky&ring
1826,pinky&ring
1380,pinky&ring
1170,pinky&ring
1121,pinky&ring
1214,pinky&ring
1409,pinky&ring
1602,pinky&ring
1745,pinky&ring
1385,pinky&ring
1499,pinky&ring
1874,pinky&ring
2346,pinky&ring
2651,pinky&ring
2636,pinky&ring
2468,pinky&ring
2260,pinky&ring
2070,pinky&ring
1940,pinky&ring
2323,pinky&ring
2183,pinky&ring
1817,pinky&ring
1381,pinky&ring
1175,pinky&ring
1125,pinky&ring
1214,pinky&ring
1408,pinky&ring
1604,pinky&ring
1741,pinky&ring
1368,pinky&ring
1496,pinky&ring
1878,pinky&ring
2338,pinky&ring
2649,pinky&ring
2637,pinky&ring
2462,pinky&ring
2256,pinky&ring
2070,pinky&ring
1944,pinky&ring
2317,pinky&ring
2184,pinky&ring
1818,pinky&ring
1383,pinky&ring
1178,pinky&ring
1127,pinky&ring
1221,pinky&ring
1420,pinky&ring
1609,pinky&ring
1742,pinky&ring
1368,pinky&ring
1490,pinky&ring
1876,pinky&ring
2337,pinky&ring
2634,pinky&ring
2624,pinky&ring
2451,pinky&ring
2256,pinky&ring
2066,pinky&ring
1942,pinky&ring
2324,pinky&ring
2189,pinky&ring
1812,pinky&ring
1375,pinky&ring
1179,pinky&ring
1130,pinky&ring
1220,pinky&ring
1414,pinky&ring
1610,pinky&ring
1747,pinky&ring
1376,pinky&ring
1504,pinky&ring
1887,pinky&ring
2346,pinky&ring
2641,pinky&ring
2620,pinky&ring
2452,pinky&ring
2252,pinky&ring
2065,pinky&ring
1954,pinky&ring
2325,pinky&ring
2177,pinky&ring
1803,pinky&ring
1372,pinky&ring
1177,pinky&ring
1127,pinky&ring
1228,pinky&ring
1415,pinky&ring
1612,pinky&ring
1745,pinky&ring
1379,pinky&ring
1503,pinky&ring
1897,pinky&ring
2344,pinky&ring
2649,pinky&ring
2638,pinky&ring
2461,pinky&ring
2258,pinky&ring
2065,pinky&ring
1948,pinky&ring
2325,pinky&ring
2169,pinky&ring
1797,pinky&ring
1376,pinky&ring
1178,pinky&ring
1134,pinky&ring
1233,pinky&ring
2516,middle
2078,middle
1503,middle
1355,middle
956,middle
873,middle
1095,middle
1364,middle
1633,middle
1495,middle
1119,middle
1546,middle
2071,middle
2361,middle
2961,middle
2880,middle
2571,middle
2295,middle
2039,middle
2178,middle
2554,middle
2091,middle
1513,middle
1355,middle
974,middle
895,middle
1117,middle
1389,middle
1648,middle
1503,middle
1137,middle
1556,middle
2065,middle
2668,middle
3041,middle
2897,middle
2553,middle
2265,middle
1992,middle
2136,middle
2505,middle
2038,middle
1467,middle
1319,middle
943,middle
868,middle
1099,middle
1370,middle
1639,middle
1493,middle
1132,middle
1590,middle
2072,middle
2550,middle
2946,middle
2861,middle
2548,middle
2276,middle
2010,middle
2162,middle
2530,middle
2031,middle
1489,middle
1309,middle
947,middle
881,middle
1116,middle
1392,middle
1655,middle
1497,middle
1145,middle
1609,middle
2071,middle
2582,middle
2978,middle
2876,middle
2554,middle
2274,middle
2010,middle
2164,middle
2525,middle
2039,middle
1474,middle
1284,middle
934,middle
882,middle
1121,middle
1391,middle
1665,middle
1497,middle
1147,middle
1625,middle
2073,middle
2632,middle
3020,middle
2892,middle
2556,middle
2274,middle
2003,middle
2171,middle
2525,middle
2003,middle
1500,middle
1388,middle
976,middle
882,middle
1109,middle
1368,middle
1635,middle
1462,middle
1116,middle
1624,middle
2060,middle
2632,middle
2958,middle
2837,middle
2512,middle
2239,middle
1975,middle
2153,middle
2497,middle
1961,middle
1482,middle
1275,middle
922,middle
868,middle
1113,middle
1382,middle
1653,middle
1474,middle
1142,middle
1658,middle
2078,middle
2641,middle
2986,middle
2870,middle
2539,middle
2261,middle
2000,middle
2180,middle
2508,middle
1962,middle
1502,middle
1300,middle
934,middle
870,middle
1118,middle
1389,middle
1657,middle
1471,middle
1138,middle
1686,middle
2072,middle
2649,middle
2996,middle
2870,middle
2532,middle
2255,middle
1991,middle
2179,middle
2508,middle
1927,middle
1481,middle
1276,middle
924,middle
863,middle
1116,middle
1395,middle
1663,middle
1469,middle
1149,middle
1700,middle
2074,middle
2576,middle
3001,middle
2889,middle
2561,middle
2280,middle
2015,middle
2206,middle
2525,middle
1909,middle
1516,middle
1308,middle
944,middle
879,middle
1126,middle
1398,middle
1664,middle
1461,middle
1146,middle
1710,middle
2068,middle
2561,middle
2994,middle
2885,middle
2560,middle
2284,middle
2024,middle
2220,middle
2530,middle
1915,middle
1476,middle
1272,middle
933,middle
877,middle
1128,middle
1409,middle
1668,middle
1461,middle
1154,middle
1729,middle
2068,middle
2683,middle
3015,middle
2881,middle
2536,middle
2250,middle
1994,middle
2199,middle
2503,middle
1892,middle
1482,middle
1302,middle
937,middle
872,middle
1116,middle
1391,middle
1650,middle
1436,middle
1131,middle
1714,middle
2069,middle
2758,middle
3036,middle
2871,middle
2514,middle
2221,middle
1962,middle
2183,middle
2478,middle
1858,middle
1461,middle
1315,middle
935,middle
871,middle
1111,middle
1379,middle
1641,middle
1423,middle
1136,middle
1741,middle
2071,middle
2615,middle
2959,middle
2844,middle
2521,middle
2245,middle
1987,middle
2211,middle
2506,middle
1863,middle
1493,middle
1235,middle
914,middle
876,middle
1132,middle
1409,middle
1673,middle
1450,middle
1162,middle
1773,middle
2079,middle
2721,middle
3065,middle
2902,middle
2553,middle
2264,middle
1996,middle
2219,middle
2495,middle
1844,middle
1525,middle
1245,middle
911,middle
867,middle
1125,middle
1397,middle
1655,middle
1429,middle
1143,middle
1766,middle
2073,middle
2648,middle
2992,middle
2864,middle
2527,middle
2249,middle
1993,middle
2231,middle
2507,middle
1828,middle
1507,middle
1281,middle
935,middle
888,middle
1134,middle
1410,middle
1663,middle
1423,middle
1156,middle
1791,middle
2071,middle
2684,middle
2998,middle
2854,middle
2509,middle
2238,middle
1983,middle
2226,middle
2498,middle
1813,middle
1463,middle
1230,middle
911,middle
878,middle
1142,middle
1415,middle
1678,middle
1433,middle
1170,middle
1812,middle
2071,middle
2687,middle
3005,middle
2865,middle
2525,middle
2246,middle
1989,middle
2240,middle
2500,middle
1805,middle
1416,middle
1245,middle
917,middle
879,middle
1142,middle
1414,middle
1677,middle
1415,middle
1158,middle
1812,middle
2073,middle
2652,middle
2987,middle
2861,middle
2525,middle
2252,middle
1995,middle
2250,middle
2505,middle
1791,middle
1411,middle
1266,middle
936,middle
898,middle
1152,middle
1437,middle
1693,middle
1423,middle
1173,middle
1817,middle
2063,middle
2672,middle
2999,middle
2860,middle
2516,middle
2229,middle
1972,middle
2236,middle
2475,middle
1764,middle
1508,middle
1233,middle
916,middle
890,middle
1152,middle
1425,middle
1682,middle
1409,middle
1164,middle
1834,middle
2087,middle
2692,middle
3000,middle
2863,middle
2522,middle
2244,middle
1996,middle
2275,middle
2508,middle
1757,middle
1508,middle
1239,middle
912,middle
877,middle
1138,middle
1415,middle
1665,middle
1385,middle
1147,middle
1841,middle
2083,middle
2783,middle
3022,middle
2844,middle
2495,middle
2222,middle
1974,middle
2244,middle
2469,middle
1741,middle
1501,middle
1201,middle
896,middle
879,middle
1148,middle
1421,middle
1689,middle
1406,middle
1166,middle
1854,middle
2093,middle
2673,middle
2994,middle
2854,middle
2526,middle
2247,middle
1985,middle
2268,middle
2498,middle
1742,middle
1551,middle
1216,middle
906,middle
885,middle
1159,middle
1440,middle
1694,middle
1407,middle
1187,middle
1869,middle
2088,middle
2746,middle
3102,middle
2910,middle
2549,middle
2250,middle
1978,middle
2265,middle
2463,middle
1720,middle
1512,middle
1165,middle
874,middle
866,middle
1140,middle
1417,middle
1681,middle
1399,middle
1193,middle
1872,middle
2090,middle
2790,middle
3032,middle
2858,middle
2505,middle
2218,middle
1956,middle
2269,middle
2479,middle
1717,middle
1540,middle
1219,middle
896,middle
852,middle
1118,middle
1398,middle
1669,middle
1376,middle
1176,middle
1871,middle
2092,middle
2688,middle
2972,middle
2820,middle
2474,middle
2243,middle
2028,middle
2321,middle
2516,middle
1718,middle
1568,middle
1211,middle
858,middle
836,middle
1141,middle
1456,middle
1695,middle
1360,middle
1184,middle
1889,middle
2085,middle
2678,middle
2965,middle
2823,middle
2487,middle
2207,middle
1985,middle
2287,middle
2484,middle
1715,middle
1540,middle
1212,middle
916,middle
902,middle
1187,middle
1478,middle
1737,middle
1405,middle
1205,middle
1891,middle
2091,middle
2659,middle
2964,middle
2817,middle
2500,middle
2236,middle
1997,middle
2319,middle
2488,middle
1695,middle
1571,middle
1226,middle
934,middle
909,middle
1166,middle
1435,middle
1712,middle
1359,middle
1174,middle
1902,middle
2100,middle
2759,middle
2985,middle
2799,middle
2424,middle
2200,middle
1997,middle
2331,middle
2501,middle
1684,middle
1530,middle
1176,middle
886,middle
922,middle
1214,middle
1464,middle
1670,middle
1312,middle
1098,middle
1890,middle
2116,middle
2724,middle
3023,middle
2873,middle
2539,middle
2243,middle
1966,middle
2290,middle
2454,middle
1674,middle
1515,middle
1153,middle
909,middle
930,middle
1211,middle
1482,middle
1736,middle
1358,middle
1156,middle
1907,middle
2125,middle
2719,middle
2985,middle
2882,middle
2565,middle
2278,middle
2008,middle
2277,middle
2385,middle
1653,middle
1552,middle
1187,middle
913,middle
891,middle
1122,middle
1342,middle
1617,middle
1331,middle
1188,middle
1940,middle
2127,middle
2799,middle
3023,middle
2867,middle
2519,middle
2283,middle
2036,middle
2356,middle
2465,middle
1640,middle
1494,middle
1081,middle
830,middle
829,middle
1112,middle
1401,middle
1695,middle
1371,middle
1219,middle
1944,middle
2148,middle
2747,middle
2967,middle
2826,middle
2496,middle
2241,middle
1994,middle
2353,middle
2505,middle
1663,middle
1634,middle
1210,middle
889,middle
851,middle
1130,middle
1459,middle
1709,middle
1354,middle
1164,middle
1936,middle
2135,middle
2768,middle
3037,middle
2869,middle
2425,middle
2162,middle
1909,middle
2292,middle
2439,middle
1637,middle
1523,middle
1114,middle
895,middle
912,middle
1212,middle
1485,middle
1691,middle
1306,middle
1184,middle
1952,middle
2152,middle
2771,middle
3018,middle
2856,middle
2486,middle
2191,middle
1966,middle
2346,middle
2468,middle
1649,middle
1565,middle
1223,middle
947,middle
888,middle
1212,middle
1443,middle
1665,middle
1276,middle
1120,middle
1952,middle
2154,middle
2839,middle
3018,middle
2838,middle
2425,middle
2144,middle
1942,middle
2331,middle
2425,middle
1635,middle
1657,middle
1198,middle
903,middle
891,middle
1135,middle
1403,middle
1661,middle
1306,middle
1195,middle
1965,middle
2178,middle
2736,middle
2962,middle
2833,middle
2486,middle
2205,middle
1977,middle
2378,middle
2475,middle
1629,middle
1583,middle
1156,middle
888,middle
899,middle
1167,middle
1424,middle
1696,middle
1318,middle
1210,middle
1970,middle
2138,middle
2752,middle
3012,middle
2858,middle
2529,middle
2233,middle
1967,middle
2355,middle
2450,middle
1628,middle
1571,middle
1172,middle
923,middle
948,middle
1190,middle
1474,middle
1743,middle
1331,middle
1224,middle
1954,middle
2135,middle
2747,middle
2948,middle
2793,middle
2462,middle
2173,middle
1937,middle
2352,middle
2434,middle
1622,middle
1661,middle
1192,middle
918,middle
921,middle
1192,middle
1452,middle
1689,middle
1289,middle
1195,middle
1969,middle
2074,middle
2832,middle
3016,middle
2816,middle
2467,middle
2187,middle
1951,middle
2375,middle
2445,middle
1607,middle
1625,middle
1160,middle
891,middle
900,middle
1185,middle
1455,middle
1693,middle
1291,middle
1210,middle
1978,middle
2081,middle
2749,middle
2984,middle
2814,middle
2485,middle
2208,middle
1966,middle
2373,middle
2441,middle
1618,middle
1616,middle
1190,middle
917,middle
921,middle
1195,middle
1465,middle
1716,middle
1294,middle
1227,middle
1977,middle
2130,middle
2757,middle
2959,middle
2789,middle
2461,middle
2190,middle
1956,middle
2377,middle
2431,middle
1614,middle
1691,middle
1248,middle
948,middle
936,middle
1193,middle
1450,middle
1689,middle
1267,middle
1205,middle
1972,middle
2071,middle
2798,middle
2969,middle
2778,middle
2437,middle
2167,middle
1931,middle
2357,middle
2410,middle
1604,middle
1621,middle
1221,middle
935,middle
929,middle
1201,middle
1463,middle
1698,middle
1261,middle
1214,middle
1984,middle
1983,middle
2762,middle
2971,middle
2802,middle
2474,middle
2199,middle
1959,middle
2388,middle
2422,middle
1606,middle
1592,middle
1210,middle
939,middle
938,middle
1209,middle
1478,middle
1706,middle
1264,middle
1216,middle
1986,middle
1974,middle
2797,middle
2977,middle
2791,middle
2455,middle
2170,middle
1938,middle
2387,middle
2415,middle
1602,middle
1692,middle
1258,middle
962,middle
951,middle
1205,middle
1466,middle
1690,middle
1238,middle
1199,middle
1980,middle
1993,middle
2744,middle
2953,middle
2786,middle
2450,middle
2176,middle
1947,middle
2399,middle
2422,middle
1608,middle
1676,middle
1201,middle
950,middle
958,middle
1230,middle
1490,middle
1714,middle
1250,middle
1218,middle
1987,middle
2106,middle
2827,middle
2956,middle
2754,middle
2417,middle
2140,middle
1913,middle
2374,middle
2391,middle
1592,middle
1731,middle
1210,middle
937,middle
935,middle
1204,middle
1468,middle
1689,middle
1225,middle
1206,middle
1992,middle
2084,middle
2776,middle
2936,middle
2749,middle
2420,middle
2155,middle
1930,middle
2398,middle
2400,middle
1600,middle
1711,middle
1217,middle
949,middle
957,middle
1225,middle
1481,middle
1701,middle
1221,middle
1206,middle
1992,middle
2125,middle
2763,middle
2913,middle
2731,middle
2408,middle
2142,middle
1915,middle
2398,middle
2398,middle
1600,middle
1592,middle
1159,middle
954,middle
982,middle
1263,middle
1520,middle
1737,middle
1247,middle
1244,middle
1996,middle
1879,middle
2834,middle
2955,middle
2758,middle
2423,middle
2142,middle
1917,middle
2400,middle
2392,middle
1592,middle
1649,middle
1186,middle
958,middle
987,middle
1259,middle
1517,middle
1727,middle
1226,middle
1225,middle
1992,middle
1804,middle
2803,middle
2952,middle
2755,middle
2422,middle
2149,middle
1923,middle
2420,middle
2391,middle
1596,middle
1621,middle
1146,middle
944,middle
990,middle
1268,middle
1527,middle
1743,middle
1236,middle
1233,middle
1996,middle
1997,middle
2860,middle
2953,middle
2729,middle
2399,middle
2129,middle
1902,middle
2400,middle
2376,middle
1585,middle
1634,middle
1152,middle
954,middle
991,middle
1264,middle
1517,middle
1729,middle
1214,middle
1230,middle
1995,middle
1761,middle
2776,middle
2916,middle
2730,middle
2411,middle
2142,middle
1924,middle
2423,middle
2398,middle
1594,middle
1702,middle
1198,middle
974,middle
1004,middle
1263,middle
1518,middle
1725,middle
1207,middle
1228,middle
1998,middle
2256,middle
2775,middle
2891,middle
2691,middle
2376,middle
2116,middle
1895,middle
2413,middle
2371,middle
1589,middle
1622,middle
1151,middle
949,middle
991,middle
1267,middle
1525,middle
1736,middle
1212,middle
1243,middle
2009,middle
2187,middle
2822,middle
2919,middle
2712,middle
2387,middle
2115,middle
1898,middle
2424,middle
2367,middle
1585,middle
1659,middle
1161,middle
960,middle
1001,middle
1268,middle
1518,middle
1731,middle
1200,middle
1242,middle
2003,middle
2162,middle
2821,middle
2882,middle
2668,middle
2356,middle
2088,middle
1878,middle
2413,middle
2368,middle
1581,middle
1612,middle
1125,middle
945,middle
1009,middle
1280,middle
1538,middle
1739,middle
1207,middle
1255,middle
2011,middle
2160,middle
2789,middle
2894,middle
2695,middle
2374,middle
2107,middle
1899,middle
2427,middle
2364,middle
1582,middle
1618,middle
1142,middle
961,middle
1012,middle
1287,middle
1547,middle
1750,middle
1205,middle
1260,middle
2014,middle
1934,middle
2871,middle
2949,middle
2720,middle
2383,middle
2109,middle
1897,middle
2432,middle
2359,middle
1570,middle
1555,middle
1101,middle
937,middle
1009,middle
1287,middle
1547,middle
1757,middle
1210,middle
1264,middle
2015,middle
2029,middle
2848,middle
2927,middle
2709,middle
2386,middle
2115,middle
1896,middle
2442,middle
2371,middle
1571,middle
1609,middle
1128,middle
955,middle
1018,middle
1291,middle
1538,middle
1743,middle
1191,middle
1254,middle
2011,middle
1820,middle
2840,middle
2928,middle
2711,middle
2389,middle
2120,middle
1909,middle
2455,middle
2366,middle
1572,middle
1562,middle
1107,middle
943,middle
1019,middle
1302,middle
1556,middle
1765,middle
1201,middle
1269,middle
2017,middle
1968,middle
2854,middle
2926,middle
2711,middle
2388,middle
2116,middle
1905,middle
2457,middle
2356,middle
1569,middle
1607,middle
1124,middle
949,middle
1019,middle
1293,middle
1549,middle
1753,middle
1183,middle
1264,middle
2011,middle
1986,middle
2835,middle
2906,middle
2683,middle
2380,middle
2107,middle
1898,middle
2458,middle
2358,middle
1570,middle
1628,middle
1152,middle
971,middle
1037,middle
1301,middle
1550,middle
1748,middle
1173,middle
1258,middle
2011,middle
2321,middle
2674,middle
2811,middle
2636,middle
2350,middle
2104,middle
1902,middle
2475,middle
2368,middle
1580,middle
1588,middle
1121,middle
966,middle
1049,middle
1321,middle
1578,middle
1771,middle
1192,middle
1291,middle
2019,middle
1895,middle
2862,middle
2929,middle
2690,middle
2378,middle
2110,middle
1904,middle
2474,middle
2354,middle
1558,middle
1606,middle
1127,middle
951,middle
1030,middle
1296,middle
1555,middle
1742,middle
1155,middle
1273,middle
2018,middle
2185,middle
2828,middle
2891,middle
2672,middle
2357,middle
2089,middle
1893,middle
2469,middle
2342,middle
1561,middle
1584,middle
1129,middle
960,middle
1040,middle
1307,middle
1556,middle
1752,middle
1173,middle
1282,middle
2020,middle
1977,middle
2813,middle
2891,middle
2678,middle
2371,middle
2106,middle
1901,middle
2482,middle
2349,middle
1560,middle
1604,middle
1142,middle
962,middle
1039,middle
1306,middle
1559,middle
1751,middle
1173,middle
1286,middle
2021,middle
2164,middle
2912,middle
2928,middle
2676,middle
2357,middle
2083,middle
1879,middle
2462,middle
2313,middle
1542,middle
1635,middle
1138,middle
950,middle
1006,middle
1267,middle
1525,middle
1720,middle
1143,middle
1277,middle
2026,middle
2290,middle
2922,middle
2920,middle
2657,middle
2331,middle
2060,middle
1862,middle
2444,middle
2299,middle
1550,middle
1602,middle
1118,middle
952,middle
1036,middle
1299,middle
1549,middle
1737,middle
1148,middle
1278,middle
2031,middle
2326,middle
2919,middle
2905,middle
2632,middle
2304,middle
2039,middle
1847,middle
2437,middle
2293,middle
1555,middle
1600,middle
1124,middle
950,middle
1045,middle
1301,middle
1555,middle
1729,middle
1143,middle
1295,middle
2031,middle
1998,middle
2808,middle
2884,middle
2664,middle
2361,middle
2099,middle
1894,middle
2473,middle
2316,middle
1566,middle
1628,middle
1150,middle
977,middle
1066,middle
1325,middle
1565,middle
1731,middle
1145,middle
1306,middle
2034,middle
2249,middle
2872,middle
2900,middle
2650,middle
2332,middle
2068,middle
1882,middle
2473,middle
2302,middle
1549,middle
1500,middle
1074,middle
939,middle
1054,middle
1332,middle
1589,middle
1756,middle
1181,middle
1340,middle
2036,middle
2239,middle
2888,middle
2904,middle
2622,middle
2316,middle
2064,middle
1885,middle
2473,middle
2289,middle
1551,middle
1566,middle
1110,middle
956,middle
1054,middle
1318,middle
1578,middle
1751,middle
1168,middle
1321,middle
2030,middle
2165,middle
2848,middle
2895,middle
2655,middle
2349,middle
2087,middle
1918,middle
2489,middle
2286,middle
1541,middle
1500,middle
1058,middle
924,middle
1056,middle
1331,middle
1588,middle
1752,middle
1155,middle
1307,middle
2037,middle
2156,middle
2890,middle
2937,middle
2695,middle
2377,middle
2106,middle
1918,middle
2497,middle
2270,middle
1530,middle
1396,middle
1024,middle
905,middle
1036,middle
1313,middle
1582,middle
1749,middle
1169,middle
1351,middle
2053,middle
2316,middle
2870,middle
2901,middle
2650,middle
2359,middle
2096,middle
1915,middle
2501,middle
2306,middle
1535,middle
1522,middle
1078,middle
954,middle
1081,middle
1330,middle
1586,middle
1747,middle
1145,middle
1290,middle
2028,middle
1615,middle
2427,middle
2716,middle
2618,middle
2412,middle
2199,middle
2067,middle
2660,middle
2454,middle
1589,middle
1758,middle
1232,middle
1019,middle
1101,middle
1363,middle
1572,middle
1728,middle
1144,middle
1331,middle
2020,middle
2524,middle
2976,middle
2941,middle
2656,middle
2331,middle
2053,middle
1869,middle
2424,middle
2179,middle
1499,middle
1433,middle
1004,middle
882,middle
1028,middle
1315,middle
1569,middle
1711,middle
1117,middle
1304,middle
2046,middle
2678,middle
2962,middle
2918,middle
2651,middle
2328,middle
2047,middle
1877,middle
2433,middle
2186,middle
1518,middle
1486,middle
1037,middle
880,middle
1013,middle
1292,middle
1563,middle
1710,middle
1132,middle
1336,middle
2055,middle
2210,middle
2971,middle
2946,middle
2632,middle
2296,middle
1974,middle
1887,middle
2512,middle
2285,middle
1551,middle
1509,middle
1102,middle
971,middle
1089,middle
1351,middle
1596,middle
1702,middle
1155,middle
1360,middle
2041,middle
1595,middle
2516,middle
2756,middle
2607,middle
2399,middle
2178,middle
2034,middle
2643,middle
2416,middle
1589,middle
1726,middle
1254,middle
1086,middle
1170,middle
1383,middle
1652,middle
1748,middle
1140,middle
1353,middle
2005,middle
2419,middle
2950,middle
2828,middle
2553,middle
2203,middle
1987,middle
1872,middle
2464,middle
2243,middle
1528,middle
1523,middle
1093,middle
949,middle
1071,middle
1318,middle
1578,middle
1699,middle
1135,middle
1351,middle
2036,middle
2388,middle
2920,middle
2900,middle
2630,middle
2315,middle
2071,middle
1931,middle
2502,middle
2224,middle
1515,middle
1514,middle
1079,middle
951,middle
1089,middle
1337,middle
1543,middle
1670,middle
1072,middle
1264,middle
2046,middle
2354,middle
2895,middle
2892,middle
2613,middle
2309,middle
2036,middle
1916,middle
2503,middle
2278,middle
1534,middle
1593,middle
1149,middle
976,middle
1077,middle
1308,middle
1534,middle
1675,middle
1115,middle
1317,middle
2039,middle
1729,middle
2533,middle
2760,middle
2588,middle
2337,middle
2113,middle
2047,middle
2642,middle
2380,middle
1582,middle
1561,middle
1148,middle
1029,middle
1164,middle
1400,middle
1640,middle
1721,middle
1167,middle
1387,middle
2039,middle
2408,middle
2909,middle
2889,middle
2614,middle
2325,middle
2053,middle
1933,middle
2505,middle
2254,middle
1511,middle
1474,middle
1094,middle
949,middle
1078,middle
1317,middle
1563,middle
1701,middle
1152,middle
1382,middle
2029,middle
2266,middle
2897,middle
2869,middle
2577,middle
2267,middle
2010,middle
1958,middle
2531,middle
2285,middle
1526,middle
1544,middle
1145,middle
985,middle
1098,middle
1263,middle
1546,middle
1673,middle
1113,middle
1333,middle
2040,middle
2256,middle
2884,middle
2883,middle
2608,middle
2335,middle
2095,middle
2012,middle
2560,middle
2269,middle
1513,middle
1410,middle
1049,middle
952,middle
1094,middle
1335,middle
1523,middle
1630,middle
1119,middle
1360,middle
2054,middle
2300,middle
2891,middle
2902,middle
2630,middle
2334,middle
2063,middle
1939,middle
2499,middle
2251,middle
1528,middle
1509,middle
1084,middle
953,middle
1103,middle
1351,middle
1598,middle
1670,middle
1125,middle
1375,middle
2047,middle
2229,middle
2892,middle
2900,middle
2653,middle
2325,middle
2038,middle
1958,middle
2470,middle
2212,middle
1533,middle
1494,middle
1054,middle
937,middle
1101,middle
1362,middle
1618,middle
1673,middle
1139,middle
1376,middle
2045,middle
2290,middle
2859,middle
2856,middle
2593,middle
2330,middle
2073,middle
1990,middle
2535,middle
2260,middle
1524,middle
1483,middle
1073,middle
942,middle
1084,middle
1345,middle
1601,middle
1656,middle
1116,middle
1366,middle
2043,middle
2252,middle
2860,middle
2867,middle
2598,middle
2315,middle
2059,middle
2000,middle
2532,middle
2262,middle
1527,middle
1477,middle
1063,middle
941,middle
1097,middle
1360,middle
1605,middle
1648,middle
1128,middle
1385,middle
2049,middle
2227,middle
2869,middle
2876,middle
2602,middle
2326,middle
2068,middle
2017,middle
2545,middle
2259,middle
1524,middle
1558,middle
1111,middle
954,middle
1100,middle
1347,middle
1593,middle
1627,middle
1106,middle
1371,middle
2037,middle
2541,middle
3001,middle
2891,middle
2572,middle
2255,middle
1989,middle
1940,middle
2472,middle
2183,middle
1508,middle
1454,middle
1034,middle
908,middle
1078,middle
1338,middle
1590,middle
1617,middle
1115,middle
1381,middle
2054,middle
2355,middle
2876,middle
2851,middle
2570,middle
2285,middle
2037,middle
2007,middle
2530,middle
2239,middle
1535,middle
1458,middle
1052,middle
929,middle
1101,middle
1362,middle
1616,middle
1637,middle
1123,middle
1401,middle
2055,middle
2327,middle
2875,middle
2857,middle
2581,middle
2304,middle
2044,middle
2021,middle
2542,middle
2247,middle
1529,middle
1519,middle
1091,middle
951,middle
1111,middle
1360,middle
1606,middle
1616,middle
1105,middle
1385,middle
2048,middle
2317,middle
2856,middle
2837,middle
2566,middle
2296,middle
2036,middle
2023,middle
2540,middle
2247,middle
1529,middle
1446,middle
1054,middle
945,middle
1118,middle
1370,middle
1627,middle
1628,middle
1125,middle
1399,middle
2052,middle
2278,middle
2840,middle
2840,middle
2579,middle
2307,middle
2056,middle
2047,middle
2555,middle
2254,middle
1526,middle
1423,middle
1049,middle
951,middle
1125,middle
1385,middle
1641,middle
1628,middle
1123,middle
1413,middle
2052,middle
2445,middle
2843,middle
2822,middle
2563,middle
2288,middle
2033,middle
2042,middle
2546,middle
2249,middle
1524,middle
1486,middle
1068,middle
948,middle
1119,middle
1371,middle
1628,middle
1598,middle
1093,middle
1382,middle
2044,middle
2414,middle
2874,middle
2826,middle
2541,middle
2267,middle
2014,middle
2031,middle
2538,middle
2233,middle
1521,middle
1487,middle
1065,middle
938,middle
1114,middle
1365,middle
1625,middle
1597,middle
1098,middle
1398,middle
2048,middle
1843,middle
2592,middle
2738,middle
2567,middle
2361,middle
2128,middle
2158,middle
2656,middle
2338,middle
1560,middle
1555,middle
1142,middle
995,middle
1161,middle
1415,middle
1671,middle
1626,middle
1136,middle
1422,middle
2036,middle
2505,middle
2909,middle
2841,middle
2549,middle
2261,middle
2004,middle
2030,middle
2525,middle
2210,middle
1500,middle
1441,middle
1037,middle
922,middle
1104,middle
1366,middle
1620,middle
1580,middle
1097,middle
1398,middle
2043,middle
2383,middle
2915,middle
2866,middle
2568,middle
2285,middle
2025,middle
2058,middle
2545,middle
2220,middle
1514,middle
1423,middle
1030,middle
928,middle
1108,middle
1367,middle
1626,middle
1583,middle
1105,middle
1409,middle
2057,middle
2453,middle
2938,middle
2858,middle
2554,middle
2275,middle
2017,middle
2058,middle
2538,middle
2223,middle
1513,middle
1462,middle
1047,middle
922,middle
1101,middle
1359,middle
1619,middle
1548,middle
1085,middle
1400,middle
2058,middle
2450,middle
2888,middle
2833,middle
2542,middle
2271,middle
2016,middle
2065,middle
2544,middle
2221,middle
1522,middle
1466,middle
1056,middle
934,middle
1111,middle
1367,middle
1622,middle
1556,middle
1097,middle
1412,middle
2065,middle
2425,middle
2905,middle
2857,middle
2562,middle
2287,middle
2024,middle
2087,middle
2553,middle
2215,middle
1517,middle
1484,middle
1062,middle
926,middle
1108,middle
1366,middle
1618,middle
1547,middle
1091,middle
1414,middle
2061,middle
2387,middle
2893,middle
2850,middle
2555,middle
2282,middle
2027,middle
2095,middle
2560,middle
2225,middle
1521,middle
1461,middle
1037,middle
924,middle
1123,middle
1371,middle
1627,middle
1553,middle
1104,middle
1424,middle
2055,middle
2604,middle
2995,middle
2870,middle
2537,middle
2249,middle
1983,middle
2051,middle
2511,middle
2175,middle
1505,middle
1436,middle
1017,middle
908,middle
1107,middle
1362,middle
1615,middle
1524,middle
1092,middle
1417,middle
2061,middle
2584,middle
2950,middle
2849,middle
2534,middle
2249,middle
1983,middle
2065,middle
2516,middle
2176,middle
1509,middle
1448,middle
1020,middle
894,middle
1084,middle
1343,middle
1612,middle
1524,middle
1089,middle
1430,middle
2067,middle
2566,middle
2998,middle
2882,middle
2546,middle
2265,middle
1998,middle
2084,middle
2524,middle
2171,middle
1516,middle
1466,middle
1026,middle
905,middle
1094,middle
1350,middle
1612,middle
1509,middle
1084,middle
1437,middle
2069,middle
2483,middle
2928,middle
2849,middle
2539,middle
2271,middle
2015,middle
2101,middle
2533,middle
2182,middle
1523,middle
1456,middle
1043,middle
927,middle
1117,middle
1367,middle
1623,middle
1514,middle
1095,middle
1462,middle
2067,middle
2530,middle
2969,middle
2864,middle
2548,middle
2267,middle
2007,middle
2110,middle
2529,middle
2158,middle
1514,middle
1370,middle
991,middle
899,middle
1111,middle
1371,middle
1637,middle
1518,middle
1101,middle
1471,middle
2071,middle
2504,middle
2941,middle
2861,middle
2545,middle
2273,middle
2017,middle
2126,middle
2543,middle
2164,middle
1516,middle
1421,middle
1017,middle
914,middle
1116,middle
1377,middle
1636,middle
1512,middle
1100,middle
1473,middle
2066,middle
2549,middle
2959,middle
2856,middle
2534,middle
2259,middle
1992,middle
2113,middle
2526,middle
2146,middle
1522,middle
1429,middle
1018,middle
915,middle
1112,middle
1370,middle
1633,middle
1504,middle
1103,middle
1490,middle
2061,middle
2502,middle
2931,middle
2843,middle
2532,middle
2268,middle
2002,middle
2127,middle
2537,middle
2137,middle
1519,middle
1436,middle
1018,middle
911,middle
1121,middle
1370,middle
1623,middle
1488,middle
1091,middle
1525,middle
2058,middle
2478,middle
2953,middle
2862,middle
2546,middle
2270,middle
2011,middle
2139,middle
2539,middle
2105,middle
1521,middle
1438,middle
1014,middle
908,middle
1115,middle
1370,middle
1629,middle
1481,middle
1094,middle
1522,middle
2062,middle
2503,middle
2910,middle
2827,middle
2523,middle
2250,middle
1995,middle
2142,middle
2532,middle
2116,middle
1531,middle
1456,middle
1022,middle
912,middle
1110,middle
1368,middle
1619,middle
1471,middle
1090,middle
1537,middle
2064,middle
2508,middle
2925,middle
2838,middle
2527,middle
2258,middle
1999,middle
2154,middle
2543,middle
2102,middle
1527,middle
1472,middle
1043,middle
930,middle
1135,middle
1383,middle
1632,middle
1464,middle
1079,middle
1550,middle
2057,middle
2256,middle
2935,middle
2866,middle
2558,middle
2292,middle
2035,middle
2187,middle
2566,middle
2102,middle
1506,middle
1452,middle
1026,middle
923,middle
1131,middle
1388,middle
1637,middle
1472,middle
1100,middle
1564,middle
2059,middle
2489,middle
2909,middle
2833,middle
2522,middle
2259,middle
2007,middle
2173,middle
2545,middle
2077,middle
1492,middle
1418,middle
1013,middle
919,middle
1134,middle
1392,middle
1648,middle
1474,middle
1107,middle
1584,middle
2060,middle
2555,middle
2957,middle
2852,middle
2520,middle
2243,middle
1985,middle
2165,middle
2528,middle
2053,middle
1471,middle
1346,middle
977,middle
906,middle
1138,middle
1407,middle
1660,middle
1487,middle
1120,middle
1616,middle
2064,middle
2647,middle
2991,middle
2853,middle
2521,middle
2242,middle
1985,middle
2150,middle
2509,middle
2005,middle
1489,middle
1370,middle
1000,middle
921,middle
1138,middle
1396,middle
1642,middle
1454,middle
1100,middle
1623,middle
2060,middle
2533,middle
2914,middle
2812,middle
2503,middle
2240,middle
1991,middle
2176,middle
2523,middle
2033,middle
1487,middle
1410,middle
1036,middle
949,middle
1176,middle
1435,middle
1691,middle
1477,middle
1114,middle
1625,middle
2045,middle
2611,middle
2908,middle
2759,middle
2425,middle
2169,middle
1938,middle
2154,middle
2505,middle
2017,middle
1580,middle
1340,middle
999,middle
931,middle
1161,middle
1433,middle
1686,middle
1494,middle
1146,middle
1654,middle
2052,middle
2679,middle
2999,middle
2822,middle
2470,middle
2190,middle
1946,middle
2140,middle
2487,middle
1986,middle
1580,middle
1316,middle
993,middle
947,middle
1173,middle
1419,middle
1659,middle
1432,middle
1099,middle
1669,middle
2066,middle
2657,middle
3007,middle
2876,middle
2530,middle
2271,middle
2000,middle
2189,middle
2489,middle
1964,middle
1641,middle
1359,middle
952,middle
858,middle
1125,middle
1388,middle
1633,middle
1417,middle
1105,middle
1687,middle
2070,middle
2593,middle
2935,middle
2822,middle
2500,middle
2226,middle
1966,middle
2189,middle
2513,middle
1981,middle
1611,middle
1309,middle
999,middle
950,middle
1190,middle
1440,middle
1684,middle
1451,middle
1131,middle
1703,middle
2060,middle
2609,middle
2943,middle
2807,middle
2485,middle
2231,middle
1989,middle
2203,middle
2518,middle
1939,middle
1602,middle
1274,middle
966,middle
935,middle
1178,middle
1436,middle
1687,middle
1459,middle
1135,middle
1731,middle
2057,middle
2526,middle
2979,middle
2846,middle
2517,middle
2245,middle
1989,middle
2214,middle
2518,middle
1930,middle
1600,middle
1325,middle
1010,middle
962,middle
1193,middle
1440,middle
1685,middle
1438,middle
1124,middle
1732,middle
2058,middle
2665,middle
2995,middle
2837,middle
2463,middle
2138,middle
1872,middle
2124,middle
2493,middle
1937,middle
1657,middle
1273,middle
997,middle
964,middle
1214,middle
1469,middle
1716,middle
1455,middle
1152,middle
1749,middle
2055,middle
2585,middle
2917,middle
2808,middle
2501,middle
2230,middle
1980,middle
2209,middle
2476,middle
1887,middle
1681,middle
1306,middle
1005,middle
955,middle
1189,middle
1440,middle
1680,middle
1424,middle
1133,middle
1748,middle
2070,middle
2684,middle
2984,middle
2817,middle
2476,middle
2212,middle
1945,middle
2170,middle
2474,middle
1875,middle
1610,middle
1198,middle
950,middle
931,middle
1179,middle
1438,middle
1683,middle
1433,middle
1138,middle
1765,middle
2088,middle
2622,middle
2928,middle
2803,middle
2483,middle
2240,middle
1991,middle
2237,middle
2507,middle
1881,middle
1622,middle
1245,middle
971,middle
934,middle
1156,middle
1415,middle
1696,middle
1431,middle
1142,middle
1766,middle
2061,middle
2063,middle
2671,middle
2730,middle
2515,middle
2312,middle
2095,middle
2356,middle
2621,middle
1958,middle
1768,middle
1387,middle
1072,middle
1016,middle
1251,middle
1502,middle
1731,middle
1447,middle
1165,middle
1762,middle
2059,middle
2669,middle
2960,middle
2807,middle
2474,middle
2211,middle
1966,middle
2245,middle
2527,middle
1846,middle
1663,middle
1339,middle
948,middle
858,middle
1082,middle
1366,middle
1657,middle
1406,middle
1136,middle
1786,middle
2090,middle
2665,middle
2943,middle
2808,middle
2484,middle
2215,middle
1967,middle
2242,middle
2490,middle
1828,middle
1696,middle
1318,middle
997,middle
946,middle
1202,middle
1464,middle
1702,middle
1395,middle
1114,middle
1773,middle
2082,middle
2660,middle
2894,middle
2752,middle
2424,middle
2161,middle
1926,middle
2217,middle
2474,middle
1809,middle
1667,middle
1274,middle
982,middle
944,middle
1211,middle
1478,middle
1709,middle
1414,middle
1124,middle
1804,middle
2105,middle
2834,middle
3029,middle
2775,middle
2366,middle
2086,middle
1880,middle
2167,middle
2426,middle
1811,middle
1712,middle
1299,middle
996,middle
965,middle
1220,middle
1478,middle
1721,middle
1411,middle
1139,middle
1806,middle
2102,middle
2700,middle
2969,middle
2863,middle
2551,middle
2277,middle
1988,middle
2208,middle
2373,middle
1741,middle
1608,middle
1150,middle
879,middle
887,middle
1171,middle
1409,middle
1669,middle
1382,middle
1158,middle
1852,middle
2128,middle
2686,middle
2950,middle
2806,middle
2478,middle
2217,middle
1966,middle
2263,middle
2500,middle
1795,middle
1702,middle
1323,middle
1031,middle
976,middle
1210,middle
1426,middle
1638,middle
1331,middle
1116,middle
1835,middle
2114,middle
2637,middle
2920,middle
2798,middle
2477,middle
2201,middle
1944,middle
2244,middle
2477,middle
1778,middle
1626,middle
1249,middle
985,middle
960,middle
1217,middle
1477,middle
1722,middle
1398,middle
1160,middle
1852,middle
2123,middle
2711,middle
2954,middle
2795,middle
2453,middle
2177,middle
1926,middle
2240,middle
2466,middle
1760,middle
1687,middle
1296,middle
1001,middle
918,middle
1103,middle
1401,middle
1659,middle
1359,middle
1164,middle
1871,middle
2136,middle
2687,middle
2941,middle
2798,middle
2474,middle
2203,middle
1958,middle
2263,middle
2448,middle
1742,middle
1648,middle
1256,middle
970,middle
945,middle
1172,middle
1460,middle
1707,middle
1386,middle
1190,middle
1866,middle
2113,middle
2715,middle
2955,middle
2789,middle
2441,middle
2177,middle
1941,middle
2272,middle
2472,middle
1754,middle
1670,middle
1271,middle
986,middle
966,middle
1217,middle
1470,middle
1709,middle
1369,middle
1165,middle
1863,middle
2116,middle
2717,middle
2863,middle
2738,middle
2423,middle
2171,middle
1919,middle
2233,middle
2451,middle
1739,middle
1611,middle
1232,middle
978,middle
960,middle
1227,middle
1477,middle
1708,middle
1376,middle
1184,middle
1884,middle
2113,middle
2672,middle
2937,middle
2787,middle
2462,middle
2198,middle
1959,middle
2292,middle
2467,middle
1722,middle
1663,middle
1314,middle
1001,middle
965,middle
1203,middle
1448,middle
1686,middle
1340,middle
1164,middle
1878,middle
2120,middle
2683,middle
2882,middle
2743,middle
2417,middle
2164,middle
1934,middle
2280,middle
2460,middle
1722,middle
1618,middle
1273,middle
981,middle
961,middle
1221,middle
1473,middle
1703,middle
1346,middle
1172,middle
1894,middle
2090,middle
2687,middle
2942,middle
2789,middle
2458,middle
2194,middle
1950,middle
2299,middle
2471,middle
1713,middle
1572,middle
1218,middle
977,middle
967,middle
1238,middle
1491,middle
1724,middle
1366,middle
1190,middle
1905,middle
2097,middle
2319,middle
3097,middle
2893,middle
2524,middle
2234,middle
1981,middle
2327,middle
2479,middle
1693,middle
1664,middle
1280,middle
981,middle
956,middle
1210,middle
1461,middle
1689,middle
1331,middle
1172,middle
1898,middle
2104,middle
2636,middle
2890,middle
2757,middle
2443,middle
2183,middle
1953,middle
2318,middle
2468,middle
1706,middle
1678,middle
1251,middle
980,middle
972,middle
1229,middle
1479,middle
1708,middle
1328,middle
1172,middle
1899,middle
2053,middle
2693,middle
2919,middle
2767,middle
2436,middle
2176,middle
1939,middle
2309,middle
2455,middle
1693,middle
1720,middle
1265,middle
988,middle
966,middle
1220,middle
1472,middle
1704,middle
1318,middle
1170,middle
1903,middle
2007,middle
2673,middle
2917,middle
2770,middle
2446,middle
2187,middle
1946,middle
2327,middle
2466,middle
1686,middle
1655,middle
1229,middle
968,middle
961,middle
1229,middle
1484,middle
1717,middle
1330,middle
1188,middle
1922,middle
2188,middle
2733,middle
2924,middle
2759,middle
2426,middle
2163,middle
1934,middle
2320,middle
2446,middle
1671,middle
1685,middle
1239,middle
963,middle
945,middle
1209,middle
1466,middle
1701,middle
1307,middle
1176,middle
1926,middle
1996,middle
2836,middle
2987,middle
2784,middle
2441,middle
2156,middle
1919,middle
2311,middle
2434,middle
1656,middle
1632,middle
1186,middle
941,middle
950,middle
1215,middle
1471,middle
1707,middle
1306,middle
1181,middle
1937,middle
2134,middle
2740,middle
2918,middle
2756,middle
2422,middle
2159,middle
1924,middle
2332,middle
2449,middle
1667,middle
1659,middle
1208,middle
959,middle
964,middle
1231,middle
1490,middle
1714,middle
1302,middle
1189,middle
1940,middle
2191,middle
2744,middle
2924,middle
2758,middle
2425,middle
2156,middle
1922,middle
2340,middle
2444,middle
1661,middle
1744,middle
1243,middle
960,middle
951,middle
1211,middle
1464,middle
1697,middle
1278,middle
1172,middle
1932,middle
2127,middle
2710,middle
2908,middle
2740,middle
2411,middle
2154,middle
1927,middle
2348,middle
2444,middle
1667,middle
1736,middle
1263,middle
983,middle
965,middle
1222,middle
1479,middle
1704,middle
1274,middle
1179,middle
1941,middle
1975,middle
2681,middle
2903,middle
2751,middle
2430,middle
2172,middle
1946,middle
2368,middle
2455,middle
1651,middle
1705,middle
1237,middle
978,middle
977,middle
1238,middle
1493,middle
1712,middle
1277,middle
1189,middle
1949,middle
2197,middle
2748,middle
2883,middle
2720,middle
2391,middle
2134,middle
1910,middle
2335,middle
2421,middle
1631,middle
1704,middle
1218,middle
952,middle
949,middle
1216,middle
1473,middle
1704,middle
1268,middle
1191,middle
1961,middle
2034,middle
2780,middle
2943,middle
2760,middle
2422,middle
2158,middle
1926,middle
2363,middle
2434,middle
1635,middle
1610,middle
1159,middle
932,middle
948,middle
1224,middle
1488,middle
1724,middle
1280,middle
1206,middle
1970,middle
2079,middle
2728,middle
3006,middle
2820,middle
2488,middle
2216,middle
1974,middle
2411,middle
2471,middle
1638,middle
1701,middle
1238,middle
974,middle
969,middle
1234,middle
1487,middle
1715,middle
1267,middle
1197,middle
1956,middle
1873,middle
2760,middle
2950,middle
2778,middle
2443,middle
2173,middle
1942,middle
2380,middle
2435,middle
1623,middle
1662,middle
1205,middle
966,middle
974,middle
1242,middle
1502,middle
1719,middle
1272,middle
1203,middle
1961,middle
1956,middle
2768,middle
2934,middle
2752,middle
2418,middle
2157,middle
1931,middle
2381,middle
2428,middle
1621,middle
1701,middle
1242,middle
968,middle
959,middle
1227,middle
1482,middle
1698,middle
1244,middle
1195,middle
1959,middle
2005,middle
2756,middle
2934,middle
2747,middle
2427,middle
2168,middle
1939,middle
2401,middle
2441,middle
1621,middle
1657,middle
1218,middle
973,middle
981,middle
1245,middle
1503,middle
1724,middle
1256,middle
1209,middle
1965,middle
2158,middle
2746,middle
2907,middle
2722,middle
2403,middle
2144,middle
1924,middle
2388,middle
2423,middle
1612,middle
1749,middle
1268,middle
972,middle
958,middle
1218,middle
1472,middle
1698,middle
1228,middle
1190,middle
1972,middle
1999,middle
2774,middle
2929,middle
2752,middle
2421,middle
2153,middle
1933,middle
2396,middle
2406,middle
1604,middle
1654,middle
1221,middle
958,middle
961,middle
1224,middle
1484,middle
1703,middle
1233,middle
1205,middle
1984,middle
1836,middle
2779,middle
2961,middle
2786,middle
2452,middle
2176,middle
1948,middle
2419,middle
2433,middle
1603,middle
1681,middle
1229,middle
968,middle
977,middle
1236,middle
1493,middle
1711,middle
1233,middle
1212,middle
1981,middle
2047,middle
2856,middle
2962,middle
2754,middle
2416,middle
2144,middle
1916,middle
2394,middle
2397,middle
1584,middle
1683,middle
1181,middle
926,middle
941,middle
1217,middle
1478,middle
1705,middle
1220,middle
1206,middle
1989,middle
1973,middle
2869,middle
2976,middle
2750,middle
2409,middle
2138,middle
1910,middle
2390,middle
2392,middle
1586,middle
1664,middle
1215,middle
947,middle
956,middle
1220,middle
1482,middle
1706,middle
1212,middle
1201,middle
1993,middle
2048,middle
2855,middle
2962,middle
2754,middle
2415,middle
2137,middle
1911,middle
2396,middle
2395,middle
1583,middle
1720,middle
1234,middle
949,middle
950,middle
1208,middle
1470,middle
1692,middle
1195,middle
1206,middle
1994,middle
2378,middle
2801,middle
2904,middle
2708,middle
2377,middle
2112,middle
1899,middle
2386,middle
2389,middle
1590,middle
1657,middle
1181,middle
944,middle
965,middle
1234,middle
1494,middle
1718,middle
1223,middle
1225,middle
2007,middle
2074,middle
2799,middle
2935,middle
2739,middle
2413,middle
2142,middle
1919,middle
2420,middle
2407,middle
1589,middle
1683,middle
1192,middle
938,middle
960,middle
1229,middle
1492,middle
1716,middle
1216,middle
1236,middle
2006,middle
2001,middle
2805,middle
3005,middle
2807,middle
2466,middle
2187,middle
1960,middle
2457,middle
2423,middle
1581,middle
1681,middle
1178,middle
931,middle
966,middle
1241,middle
1507,middle
1725,middle
1215,middle
1238,middle
2003,middle
2125,middle
2821,middle
2932,middle
2738,middle
2408,middle
2147,middle
1923,middle
2438,middle
2409,middle
1571,middle
1740,middle
1206,middle
939,middle
950,middle
1217,middle
1478,middle
1707,middle
1192,middle
1215,middle
2002,middle
2080,middle
2825,middle
2930,middle
2729,middle
2409,middle
2137,middle
1907,middle
2419,middle
2391,middle
1572,middle
1675,middle
1153,middle
905,middle
940,middle
1221,middle
1498,middle
1719,middle
1204,middle
1240,middle
2016,middle
2257,middle
2800,middle
2918,middle
2727,middle
2405,middle
2138,middle
1923,middle
2442,middle
2395,middle
1569,middle
1765,middle
1206,middle
936,middle
960,middle
1221,middle
1488,middle
1709,middle
1189,middle
1236,middle
2005,middle
2206,middle
2750,middle
2894,middle
2714,middle
2407,middle
2142,middle
1923,middle
2450,middle
2397,middle
1572,middle
1773,middle
1228,middle
958,middle
974,middle
1227,middle
1489,middle
1709,middle
1175,middle
1214,middle
2004,middle
1765,middle
2818,middle
2935,middle
2742,middle
2421,middle
2148,middle
1924,middle
2453,middle
2385,middle
1570,middle
1708,middle
1173,middle
932,middle
957,middle
1224,middle
1490,middle
1722,middle
1200,middle
1250,middle
2019,middle
1841,middle
2900,middle
3007,middle
2777,middle
2450,middle
2173,middle
1934,middle
2444,middle
2354,middle
1539,middle
1527,middle
1032,middle
833,middle
918,middle
1227,middle
1520,middle
1750,middle
1215,middle
1277,middle
2040,middle
2034,middle
2891,middle
2982,middle
2769,middle
2438,middle
2154,middle
1933,middle
2471,middle
2392,middle
1549,middle
1650,middle
1133,middle
911,middle
963,middle
1242,middle
1515,middle
1732,middle
1186,middle
1259,middle
2014,middle
1910,middle
2862,middle
2944,middle
2728,middle
2405,middle
2148,middle
1935,middle
2468,middle
2391,middle
1557,middle
1688,middle
1165,middle
934,middle
974,middle
1248,middle
1501,middle
1710,middle
1169,middle
1226,middle
2020,middle
2114,middle
2795,middle
2916,middle
2715,middle
2409,middle
2144,middle
1928,middle
2478,middle
2390,middle
1553,middle
1645,middle
1127,middle
915,middle
969,middle
1245,middle
1517,middle
1736,middle
1193,middle
1288,middle
2026,middle
1985,middle
2958,middle
2999,middle
2743,middle
2397,middle
2093,middle
1881,middle
2431,middle
2339,middle
1546,middle
1566,middle
1074,middle
888,middle
963,middle
1255,middle
1536,middle
1765,middle
1209,middle
1289,middle
2032,middle
2222,middle
2904,middle
2953,middle
2728,middle
2411,middle
2136,middle
1916,middle
2464,middle
2356,middle
1531,middle
1574,middle
1083,middle
874,middle
940,middle
1235,middle
1498,middle
1719,middle
1168,middle
1272,middle
2041,middle
2199,middle
2939,middle
2991,middle
2744,middle
2411,middle
2122,middle
1896,middle
2445,middle
2355,middle
1533,middle
1522,middle
1070,middle
881,middle
952,middle
1239,middle
1519,middle
1743,middle
1197,middle
1296,middle
2043,middle
2281,middle
2870,middle
2943,middle
2729,middle
2398,middle
2135,middle
1917,middle
2479,middle
2376,middle
1535,middle
1553,middle
1078,middle
880,middle
958,middle
1240,middle
1527,middle
1756,middle
1198,middle
1299,middle
2038,middle
1984,middle
2852,middle
2954,middle
2729,middle
2419,middle
2148,middle
1933,middle
2495,middle
2374,middle
1539,middle
1560,middle
1088,middle
887,middle
962,middle
1252,middle
1532,middle
1761,middle
1202,middle
1317,middle
2038,middle
2234,middle
2886,middle
2949,middle
2725,middle
2398,middle
2107,middle
1889,middle
2471,middle
2342,middle
1533,middle
1597,middle
1111,middle
903,middle
989,middle
1272,middle
1524,middle
1738,middle
1187,middle
1299,middle
2032,middle
2294,middle
2858,middle
2908,middle
2697,middle
2403,middle
2143,middle
1915,middle
2470,middle
2328,middle
1528,middle
1502,middle
1081,middle
899,middle
997,middle
1254,middle
1496,middle
1739,middle
1181,middle
1305,middle
2045,middle
2035,middle
2881,middle
2962,middle
2752,middle
2443,middle
2172,middle
1949,middle
2485,middle
2339,middle
1531,middle
1504,middle
1067,middle
875,middle
952,middle
1242,middle
1545,middle
1754,middle
1191,middle
1305,middle
2045,middle
1897,middle
2908,middle
2988,middle
2752,middle
2431,middle
2152,middle
1940,middle
2492,middle
2333,middle
1525,middle
1535,middle
1081,middle
903,middle
990,middle
1261,middle
1525,middle
1727,middle
1170,middle
1311,middle
2044,middle
2101,middle
2892,middle
2970,middle
2726,middle
2422,middle
2151,middle
1954,middle
2510,middle
2349,middle
1517,middle
1460,middle
1007,middle
869,middle
1002,middle
1328,middle
1599,middle
1781,middle
1184,middle
1266,middle
2034,middle
2104,middle
2845,middle
2919,middle
2709,middle
2403,middle
2123,middle
1908,middle
2498,middle
2344,middle
1529,middle
1497,middle
1061,middle
884,middle
987,middle
1275,middle
1554,middle
1757,middle
1181,middle
1321,middle
2052,middle
2144,middle
2941,middle
2984,middle
2734,middle
2416,middle
2121,middle
1906,middle
2478,middle
2323,middle
1519,middle
1561,middle
1073,middle
907,middle
1010,middle
1265,middle
1510,middle
1707,middle
1136,middle
1332,middle
2046,middle
1896,middle
2874,middle
2935,middle
2679,middle
2363,middle
2118,middle
1939,middle
2514,middle
2350,middle
1530,middle
1557,middle
1080,middle
896,middle
1001,middle
1281,middle
1553,middle
1751,middle
1178,middle
1344,middle
2044,middle
2136,middle
2984,middle
3011,middle
2686,middle
2339,middle
2070,middle
1866,middle
2479,middle
2319,middle
1523,middle
1467,middle
1032,middle
886,middle
999,middle
1269,middle
1528,middle
1712,middle
1168,middle
1339,middle
2063,middle
2195,middle
2935,middle
2990,middle
2740,middle
2418,middle
2117,middle
1917,middle
2502,middle
2320,middle
1517,middle
1504,middle
1022,middle
859,middle
974,middle
1269,middle
1544,middle
1738,middle
1177,middle
1335,middle
2058,middle
2203,middle
2967,middle
2998,middle
2731,middle
2408,middle
2121,middle
1924,middle
2485,middle
2299,middle
1508,middle
1532,middle
1031,middle
869,middle
1008,middle
1282,middle
1552,middle
1721,middle
1123,middle
1270,middle
2052,middle
2204,middle
2944,middle
2966,middle
2709,middle
2387,middle
2104,middle
1920,middle
2499,middle
2305,middle
1515,middle
1516,middle
1028,middle
859,middle
982,middle
1273,middle
1549,middle
1720,middle
1146,middle
1331,middle
2057,middle
2281,middle
2946,middle
2960,middle
2692,middle
2389,middle
2113,middle
1926,middle
2507,middle
2314,middle
1515,middle
1492,middle
1020,middle
859,middle
984,middle
1269,middle
1556,middle
1733,middle
1167,middle
1346,middle
2059,middle
2489,middle
2929,middle
2948,middle
2683,middle
2369,middle
2099,middle
1920,middle
2502,middle
2296,middle
1509,middle
1499,middle
1026,middle
859,middle
972,middle
1267,middle
1549,middle
1720,middle
1146,middle
1340,middle
2059,middle
2087,middle
2925,middle
2964,middle
2705,middle
2395,middle
2120,middle
1948,middle
2517,middle
2312,middle
1517,middle
1510,middle
1043,middle
876,middle
1013,middle
1290,middle
1550,middle
1712,middle
1155,middle
1342,middle
2058,middle
2270,middle
2917,middle
2950,middle
2695,middle
2380,middle
2106,middle
1945,middle
2521,middle
2294,middle
1511,middle
1483,middle
1031,middle
864,middle
982,middle
1270,middle
1548,middle
1716,middle
1153,middle
1360,middle
2061,middle
2144,middle
2909,middle
2966,middle
2707,middle
2400,middle
2127,middle
1966,middle
2536,middle
2313,middle
1514,middle
1471,middle
1024,middle
875,middle
1013,middle
1300,middle
1560,middle
1710,middle
1154,middle
1362,middle
2059,middle
2266,middle
2936,middle
2952,middle
2691,middle
2384,middle
2114,middle
1957,middle
2518,middle
2291,middle
1507,middle
1484,middle
1027,middle
873,middle
1005,middle
1290,middle
1563,middle
1705,middle
1139,middle
1350,middle
2057,middle
2267,middle
2926,middle
2944,middle
2676,middle
2374,middle
2094,middle
1953,middle
2528,middle
2297,middle
1508,middle
1498,middle
1032,middle
877,middle
1012,middle
1288,middle
1562,middle
1700,middle
1140,middle
1364,middle
2057,middle
2214,middle
2940,middle
2956,middle
2686,middle
2376,middle
2100,middle
1957,middle
2536,middle
2289,middle
1509,middle
1515,middle
1039,middle
871,middle
1009,middle
1289,middle
1559,middle
1686,middle
1124,middle
1349,middle
2058,middle
2276,middle
2937,middle
2951,middle
2667,middle
2358,middle
2085,middle
1949,middle
2524,middle
2276,middle
1510,middle
1553,middle
1056,middle
883,middle
1010,middle
1287,middle
1549,middle
1670,middle
1112,middle
1340,middle
2055,middle
2281,middle
2903,middle
2921,middle
2653,middle
2353,middle
2086,middle
1959,middle
2533,middle
2288,middle
1514,middle
1523,middle
1040,middle
880,middle
1022,middle
1298,middle
1565,middle
1675,middle
1120,middle
1350,middle
2059,middle
2336,middle
2885,middle
2911,middle
2658,middle
2356,middle
2086,middle
1971,middle
2533,middle
2282,middle
1513,middle
1491,middle
1027,middle
879,middle
1028,middle
1304,middle
1580,middle
1681,middle
1127,middle
1369,middle
2062,middle
2287,middle
2988,middle
2958,middle
2661,middle
2343,middle
2070,middle
1953,middle
2521,middle
2270,middle
1510,middle
1572,middle
1060,middle
890,middle
1014,middle
1271,middle
1549,middle
1654,middle
1105,middle
1346,middle
2059,middle
2455,middle
2945,middle
2917,middle
2629,middle
2321,middle
2043,middle
1943,middle
2502,middle
2251,middle
1514,middle
1480,middle
1021,middle
881,middle
1034,middle
1307,middle
1579,middle
1666,middle
1115,middle
1364,middle
2065,middle
2653,middle
2898,middle
2879,middle
2614,middle
2317,middle
2049,middle
1955,middle
2518,middle
2254,middle
1516,middle
1485,middle
1039,middle
892,middle
1048,middle
1316,middle
1580,middle
1659,middle
1109,middle
1374,middle
2068,middle
2309,middle
2887,middle
2905,middle
2639,middle
2349,middle
2085,middle
1993,middle
2551,middle
2275,middle
1519,middle
1564,middle
1075,middle
901,middle
1041,middle
1313,middle
1581,middle
1650,middle
1104,middle
1362,middle
2058,middle
2289,middle
2904,middle
2902,middle
2623,middle
2336,middle
2070,middle
1987,middle
2540,middle
2264,middle
1518,middle
1505,middle
1057,middle
914,middle
1062,middle
1326,middle
1586,middle
1642,middle
1102,middle
1360,middle
2059,middle
2304,middle
2900,middle
2898,middle
2622,middle
2338,middle
2070,middle
1993,middle
2544,middle
2267,middle
1520,middle
1508,middle
1052,middle
908,middle
1063,middle
1327,middle
1590,middle
1647,middle
1114,middle
1374,middle
2055,middle
2341,middle
2869,middle
2873,middle
2607,middle
2324,middle
2062,middle
1993,middle
2538,middle
2262,middle
1520,middle
1505,middle
1056,middle
907,middle
1060,middle
1329,middle
1585,middle
1643,middle
1109,middle
1373,middle
2061,middle
2363,middle
2922,middle
2900,middle
2616,middle
2325,middle
2060,middle
1990,middle
2535,middle
2252,middle
1515,middle
1483,middle
1037,middle
899,middle
1062,middle
1330,middle
1590,middle
1635,middle
1106,middle
1376,middle
2059,middle
2379,middle
2958,middle
2918,middle
2624,middle
2321,middle
2036,middle
1984,middle
2520,middle
2228,middle
1511,middle
1448,middle
1028,middle
897,middle
1065,middle
1333,middle
1599,middle
1630,middle
1112,middle
1383,middle
2058,middle
2368,middle
2896,middle
2887,middle
2615,middle
2321,middle
2057,middle
2006,middle
2543,middle
2243,middle
1517,middle
1514,middle
1056,middle
898,middle
1054,middle
1320,middle
1585,middle
1616,middle
1102,middle
1382,middle
2061,middle
2335,middle
2933,middle
2911,middle
2615,middle
2329,middle
2061,middle
2011,middle
2540,middle
2243,middle
1516,middle
1488,middle
1032,middle
893,middle
1064,middle
1333,middle
1594,middle
1615,middle
1101,middle
1380,middle
2063,middle
2379,middle
2927,middle
2897,middle
2595,middle
2314,middle
2046,middle
2016,middle
2539,middle
2242,middle
1516,middle
1468,middle
1020,middle
899,middle
1073,middle
1341,middle
1600,middle
1610,middle
1102,middle
1385,middle
2065,middle
2313,middle
2973,middle
2927,middle
2622,middle
2320,middle
2050,middle
2027,middle
2541,middle
2237,middle
1514,middle
1456,middle
1021,middle
897,middle
1065,middle
1338,middle
1595,middle
1607,middle
1105,middle
1397,middle
2066,middle
2422,middle
2955,middle
2914,middle
2612,middle
2315,middle
2042,middle
2017,middle
2538,middle
2220,middle
1510,middle
1445,middle
1004,middle
883,middle
1062,middle
1323,middle
1593,middle
1597,middle
1098,middle
1399,middle
2070,middle
2422,middle
2960,middle
2903,middle
2602,middle
2307,middle
2036,middle
2025,middle
2539,middle
2229,middle
1509,middle
1542,middle
1056,middle
901,middle
1063,middle
1322,middle
1582,middle
1577,middle
1082,middle
1382,middle
2061,middle
2438,middle
2971,middle
2900,middle
2593,middle
2295,middle
2023,middle
2019,middle
2524,middle
2213,middle
1513,middle
1494,middle
1028,middle
889,middle
1058,middle
1322,middle
1585,middle
1573,middle
1085,middle
1388,middle
2069,middle
2475,middle
2960,middle
2902,middle
2593,middle
2304,middle
2029,middle
2027,middle
2533,middle
2209,middle
1511,middle
1460,middle
1000,middle
863,middle
1052,middle
1320,middle
1593,middle
1576,middle
1098,middle
1395,middle
2072,middle
2463,middle
2961,middle
2896,middle
2591,middle
2301,middle
2035,middle
2055,middle
2553,middle
2228,middle
1508,middle
1474,middle
1028,middle
903,middle
1077,middle
1344,middle
1590,middle
1549,middle
1068,middle
1380,middle
2071,middle
2370,middle
2897,middle
2859,middle
2581,middle
2310,middle
2048,middle
2075,middle
2562,middle
2230,middle
1524,middle
1517,middle
1058,middle
914,middle
1089,middle
1346,middle
1609,middle
1568,middle
1094,middle
1403,middle
2066,middle
2450,middle
2989,middle
2915,middle
2596,middle
2295,middle
2022,middle
2052,middle
2532,middle
2204,middle
1506,middle
1415,middle
993,middle
878,middle
1068,middle
1335,middle
1601,middle
1564,middle
1100,middle
1413,middle
2072,middle
2518,middle
2889,middle
2862,middle
2575,middle
2292,middle
2026,middle
2061,middle
2546,middle
2222,middle
1516,middle
1492,middle
1064,middle
934,middle
1108,middle
1365,middle
1616,middle
1556,middle
1072,middle
1379,middle
2061,middle
2468,middle
2995,middle
2900,middle
2575,middle
2280,middle
2013,middle
2056,middle
2530,middle
2210,middle
1508,middle
1486,middle
1036,middle
907,middle
1088,middle
1341,middle
1605,middle
1535,middle
1089,middle
1416,middle
2063,middle
2437,middle
2901,middle
2855,middle
2564,middle
2288,middle
2002,middle
2036,middle
2506,middle
2185,middle
1527,middle
1397,middle
1007,middle
908,middle
1109,middle
1377,middle
1662,middle
1587,middle
1129,middle
1451,middle
2069,middle
2377,middle
2927,middle
2871,middle
2582,middle
2318,middle
2056,middle
2105,middle
2569,middle
2216,middle
1515,middle
1418,middle
1016,middle
906,middle
1107,middle
1368,middle
1624,middle
1552,middle
1107,middle
1446,middle
2069,middle
2426,middle
2965,middle
2906,middle
2595,middle
2313,middle
2040,middle
2099,middle
2547,middle
2201,middle
1508,middle
1422,middle
1007,middle
895,middle
1098,middle
1357,middle
1617,middle
1533,middle
1086,middle
1449,middle
2062,middle
2434,middle
2938,middle
2889,middle
2585,middle
2314,middle
2048,middle
2121,middle
2552,middle
2179,middle
1499,middle
1405,middle
987,middle
872,middle
1080,middle
1356,middle
1615,middle
1535,middle
1107,middle
1471,middle
2064,middle
2489,middle
2967,middle
2892,middle
2576,middle
2280,middle
2004,middle
2072,middle
2530,middle
2171,middle
1511,middle
1425,middle
997,middle
891,middle
1105,middle
1367,middle
1626,middle
1526,middle
1091,middle
1462,middle
2067,middle
2449,middle
2932,middle
2873,middle
2577,middle
2294,middle
2027,middle
2119,middle
2537,middle
2159,middle
1511,middle
1428,middle
967,middle
870,middle
1097,middle
1365,middle
1623,middle
1515,middle
1101,middle
1492,middle
2069,middle
2504,middle
3008,middle
2899,middle
2549,middle
2272,middle
2011,middle
2098,middle
2514,middle
2137,middle
1514,middle
1416,middle
974,middle
881,middle
1088,middle
1358,middle
1621,middle
1504,middle
1095,middle
1500,middle
2073,middle
2460,middle
2954,middle
2889,middle
2592,middle
2325,middle
2058,middle
2150,middle
2563,middle
2145,middle
1502,middle
1381,middle
973,middle
859,middle
1051,middle
1324,middle
1614,middle
1507,middle
1101,middle
1532,middle
2079,middle
2600,middle
3021,middle
2906,middle
2576,middle
2282,middle
2010,middle
2118,middle
2531,middle
2130,middle
1501,middle
1390,middle
977,middle
885,middle
1093,middle
1359,middle
1622,middle
1495,middle
1083,middle
1530,middle
2069,middle
2645,middle
2978,middle
2859,middle
2529,middle
2220,middle
1963,middle
2106,middle
2524,middle
2105,middle
1513,middle
1377,middle
977,middle
895,middle
1130,middle
1397,middle
1643,middle
1498,middle
1087,middle
1516,middle
2069,middle
2442,middle
2938,middle
2860,middle
2572,middle
2283,middle
2015,middle
2155,middle
2553,middle
2105,middle
1495,middle
1367,middle
973,middle
885,middle
1109,middle
1402,middle
1662,middle
1527,middle
1136,middle
1593,middle
2070,middle
2441,middle
2967,middle
2882,middle
2572,middle
2310,middle
2059,middle
2183,middle
2555,middle
2089,middle
1479,middle
1391,middle
990,middle
888,middle
1112,middle
1373,middle
1626,middle
1511,middle
1119,middle
1566,middle
2060,middle
2568,middle
2974,middle
2880,middle
2553,middle
2240,middle
1981,middle
2138,middle
2532,middle
2070,middle
1486,middle
1379,middle
972,middle
899,middle
1124,middle
1385,middle
1640,middle
1483,middle
1105,middle
1597,middle
2065,middle
2518,middle
2954,middle
2880,middle
2564,middle
2281,middle
2008,middle
2133,middle
2496,middle
2023,middle
1492,middle
1405,middle
996,middle
875,middle
1088,middle
1314,middle
1550,middle
1462,middle
1116,middle
1654,middle
2084,middle
2550,middle
2947,middle
2862,middle
2567,middle
2298,middle
2025,middle
2171,middle
2540,middle
2031,middle
1450,middle
1324,middle
967,middle
870,middle
1115,middle
1408,middle
1654,middle
1462,middle
1093,middle
1654,middle
2080,middle
2543,middle
3006,middle
2914,middle
2581,middle
2284,middle
2026,middle
2182,middle
2532,middle
2009,middle
1446,middle
1361,middle
970,middle
889,middle
1124,middle
1421,middle
1724,middle
1562,middle
1166,middle
1650,middle
2041,middle
2372,middle
2859,middle
2807,middle
2509,middle
2262,middle
2006,middle
2180,middle
2540,middle
2001,middle
1456,middle
1403,middle
1027,middle
931,middle
1144,middle
1404,middle
1656,middle
1477,middle
1136,middle
1699,middle
2063,middle
2485,middle
2947,middle
2917,middle
2622,middle
2345,middle
2056,middle
2155,middle
2408,middle
1926,middle
1447,middle
1330,middle
949,middle
889,middle
1140,middle
1404,middle
1658,middle
1490,middle
1159,middle
1702,middle
2064,middle
2544,middle
2916,middle
2843,middle
2524,middle
2223,middle
1981,middle
2183,middle
2520,middle
1965,middle
1449,middle
1365,middle
992,middle
919,middle
1172,middle
1430,middle
1687,middle
1503,middle
1137,middle
1675,middle
2053,middle
2477,middle
2906,middle
2859,middle
2547,middle
2262,middle
1972,middle
2145,middle
2496,middle
1935,middle
1553,middle
1412,middle
1009,middle
896,middle
1157,middle
1380,middle
1593,middle
1385,middle
1079,middle
1707,middle
2075,middle
2652,middle
3031,middle
2896,middle
2561,middle
2259,middle
1976,middle
2173,middle
2492,middle
1897,middle
1485,middle
1280,middle
940,middle
885,middle
1135,middle
1401,middle
1644,middle
1450,middle
1131,middle
1745,middle
2076,middle
2614,middle
3022,middle
2917,middle
2576,middle
2277,middle
2002,middle
2121,middle
2459,middle
1878,middle
1517,middle
1303,middle
938,middle
878,middle
1122,middle
1393,middle
1651,middle
1444,middle
1135,middle
1754,middle
2076,middle
2552,middle
2946,middle
2857,middle
2540,middle
2254,middle
2003,middle
2205,middle
2514,middle
1900,middle
1622,middle
1341,middle
965,middle
898,middle
1130,middle
1391,middle
1653,middle
1438,middle
1126,middle
1751,middle
2067,middle
2565,middle
2947,middle
2847,middle
2527,middle
2250,middle
1985,middle
2203,middle
2507,middle
1876,middle
1576,middle
1296,middle
938,middle
881,middle
1126,middle
1402,middle
1659,middle
1439,middle
1137,middle
1780,middle
2075,middle
2678,middle
3008,middle
2871,middle
2529,middle
2245,middle
1984,middle
2201,middle
2496,middle
1846,middle
1565,middle
1275,middle
922,middle
867,middle
1121,middle
1394,middle
1649,middle
1425,middle
1128,middle
1780,middle
2077,middle
2604,middle
2990,middle
2870,middle
2537,middle
2260,middle
1999,middle
2222,middle
2514,middle
1854,middle
1596,middle
1314,middle
946,middle
887,middle
1129,middle
1400,middle
1655,middle
1417,middle
1130,middle
1802,middle
2071,middle
2654,middle
3013,middle
2878,middle
2529,middle
2248,middle
1983,middle
2216,middle
2500,middle
1821,middle
1536,middle
1270,middle
924,middle
882,middle
1136,middle
1410,middle
1671,middle
1414,middle
1143,middle
1816,middle
2071,middle
2624,middle
3030,middle
2889,middle
2547,middle
2262,middle
1996,middle
2233,middle
2510,middle
1804,middle
1474,middle
1221,middle
909,middle
883,middle
1146,middle
1418,middle
1680,middle
1429,middle
1159,middle
1837,middle
2080,middle
2657,middle
2994,middle
2863,middle
2523,middle
2244,middle
1990,middle
2239,middle
2508,middle
1799,middle
1472,middle
1233,middle
921,middle
890,middle
1148,middle
1420,middle
1675,middle
1416,middle
1147,middle
1835,middle
2078,middle
2601,middle
2955,middle
2841,middle
2522,middle
2253,middle
1995,middle
2255,middle
2513,middle
1794,middle
1558,middle
1334,middle
972,middle
907,middle
1151,middle
1412,middle
1661,middle
1386,middle
1124,middle
1825,middle
2064,middle
2590,middle
2941,middle
2830,middle
2507,middle
2239,middle
1985,middle
2259,middle
2508,middle
1783,middle
1481,middle
1307,middle
949,middle
903,middle
1146,middle
1416,middle
1664,middle
1389,middle
1133,middle
1840,middle
2071,middle
2566,middle
2951,middle
2843,middle
2531,middle
2259,middle
2000,middle
2277,middle
2525,middle
1783,middle
1416,middle
1248,middle
937,middle
906,middle
1171,middle
1432,middle
1687,middle
1399,middle
1156,middle
1864,middle
2073,middle
2623,middle
3003,middle
2876,middle
2538,middle
2260,middle
2003,middle
2281,middle
2517,middle
1770,middle
1501,middle
1269,middle
946,middle
893,middle
1152,middle
1422,middle
1679,middle
1385,middle
1148,middle
1863,middle
2065,middle
2612,middle
3007,middle
2875,middle
2534,middle
2260,middle
2002,middle
2293,middle
2523,middle
1746,middle
1443,middle
1263,middle
935,middle
897,middle
1157,middle
1428,middle
1682,middle
1381,middle
1150,middle
1876,middle
2079,middle
2683,middle
3023,middle
2874,middle
2529,middle
2249,middle
1984,middle
2279,middle
2507,middle
1732,middle
1383,middle
1230,middle
920,middle
888,middle
1160,middle
1429,middle
1683,middle
1378,middle
1153,middle
1884,middle
2082,middle
2722,middle
3008,middle
2863,middle
2518,middle
2237,middle
1969,middle
2271,middle
2487,middle
1719,middle
1542,middle
1277,middle
930,middle
884,middle
1148,middle
1410,middle
1666,middle
1351,middle
1135,middle
1888,middle
2088,middle
2749,middle
3021,middle
2856,middle
2510,middle
2227,middle
1967,middle
2275,middle
2485,middle
1707,middle
1646,middle
1223,middle
890,middle
862,middle
1131,middle
1404,middle
1668,middle
1347,middle
1143,middle
1904,middle
2092,middle
2739,middle
3007,middle
2857,middle
2506,middle
2224,middle
1969,middle
2287,middle
2486,middle
1699,middle
1516,middle
1212,middle
899,middle
875,middle
1144,middle
1418,middle
1668,middle
1342,middle
1156,middle
1919,middle
2099,middle
2781,middle
3032,middle
2862,middle
2509,middle
2222,middle
1963,middle
2290,middle
2473,middle
1679,middle
1555,middle
1232,middle
900,middle
868,middle
1138,middle
1414,middle
1667,middle
1339,middle
1149,middle
1923,middle
2094,middle
2755,middle
3041,middle
2871,middle
2514,middle
2224,middle
1969,middle
2300,middle
2485,middle
1673,middle
1647,middle
1223,middle
891,middle
868,middle
1142,middle
1418,middle
1670,middle
1333,middle
1152,middle
1928,middle
2111,middle
2724,middle
3004,middle
2846,middle
2512,middle
2232,middle
1978,middle
2317,middle
2491,middle
1674,middle
1633,middle
1213,middle
892,middle
871,middle
1144,middle
1421,middle
1680,middle
1329,middle
1166,middle
1941,middle
2102,middle
2675,middle
2988,middle
2852,middle
2521,middle
2243,middle
1992,middle
2338,middle
2501,middle
1674,middle
1628,middle
1188,middle
881,middle
875,middle
1155,middle
1433,middle
1685,middle
1336,middle
1174,middle
1944,middle
2095,middle
2681,middle
2975,middle
2845,middle
2507,middle
2243,middle
1991,middle
2346,middle
2497,middle
1661,middle
1644,middle
1238,middle
915,middle
887,middle
1165,middle
1436,middle
1679,middle
1320,middle
1168,middle
1937,middle
2109,middle
2709,middle
2981,middle
2837,middle
2503,middle
2225,middle
1968,middle
2337,middle
2482,middle
1648,middle
1590,middle
1186,middle
891,middle
881,middle
1158,middle
1433,middle
1690,middle
1325,middle
1177,middle
1953,middle
2095,middle
2685,middle
3009,middle
2866,middle
2536,middle
2255,middle
2001,middle
2357,middle
2486,middle
1643,middle
1530,middle
1174,middle
883,middle
885,middle
1163,middle
1446,middle
1698,middle
1324,middle
1186,middle
1964,middle
2105,middle
2705,middle
2983,middle
2842,middle
2509,middle
2229,middle
1986,middle
2353,middle
2478,middle
1630,middle
1570,middle
1181,middle
885,middle
884,middle
1161,middle
1436,middle
1697,middle
1314,middle
1184,middle
1963,middle
2102,middle
2737,middle
2984,middle
2832,middle
2498,middle
2219,middle
1970,middle
2347,middle
2470,middle
1621,middle
1402,middle
1134,middle
882,middle
888,middle
1175,middle
1459,middle
1707,middle
1315,middle
1205,middle
1975,middle
2115,middle
2729,middle
3012,middle
2867,middle
2531,middle
2248,middle
1995,middle
2381,middle
2488,middle
1617,middle
1434,middle
1135,middle
874,middle
883,middle
1173,middle
1456,middle
1715,middle
1319,middle
1208,middle
1977,middle
2110,middle
2721,middle
2990,middle
2848,middle
2518,middle
2236,middle
1990,middle
2387,middle
2481,middle
1618,middle
1385,middle
1161,middle
901,middle
911,middle
1186,middle
1459,middle
1707,middle
1305,middle
1197,middle
1973,middle
2152,middle
2818,middle
3040,middle
2859,middle
2505,middle
2218,middle
1965,middle
2364,middle
2451,middle
1603,middle
1349,middle
1126,middle
881,middle
893,middle
1194,middle
1477,middle
1725,middle
1307,middle
1206,middle
1977,middle
2130,middle
2777,middle
2980,middle
2819,middle
2483,middle
2200,middle
1951,middle
2367,middle
2450,middle
1594,middle
1337,middle
1108,middle
859,middle
887,middle
1180,middle
1464,middle
1723,middle
1312,middle
1216,middle
1994,middle
2143,middle
2831,middle
3061,middle
2883,middle
2529,middle
2230,middle
1957,middle
2348,middle
2397,middle
1582,middle
1402,middle
1067,middle
841,middle
874,middle
1181,middle
1472,middle
1726,middle
1305,middle
1231,middle
1998,middle
2173,middle
2833,middle
3038,middle
2857,middle
2507,middle
2218,middle
1966,middle
2385,middle
2448,middle
1583,middle
1475,middle
1137,middle
872,middle
892,middle
1180,middle
1457,middle
1701,middle
1281,middle
1208,middle
1994,middle
2179,middle
2851,middle
3025,middle
2834,middle
2489,middle
2196,middle
1949,middle
2373,middle
2426,middle
1577,middle
1593,middle
1146,middle
869,middle
878,middle
1168,middle
1454,middle
1693,middle
1259,middle
1197,middle
1999,middle
2107,middle
2781,middle
2998,middle
2831,middle
2491,middle
2212,middle
1965,middle
2402,middle
2449,middle
1590,middle
1517,middle
1108,middle
866,middle
885,middle
1186,middle
1473,middle
1728,middle
1297,middle
1259,middle
2008,middle
2211,middle
2895,middle
3043,middle
2826,middle
2447,middle
2146,middle
1905,middle
2358,middle
2405,middle
1578,middle
1602,middle
1124,middle
862,middle
892,middle
1195,middle
1484,middle
1730,middle
1285,middle
1221,middle
1997,middle
2132,middle
2857,middle
3002,middle
2796,middle
2446,middle
2174,middle
1948,middle
2395,middle
2420,middle
1585,middle
1624,middle
1139,middle
859,middle
890,middle
1167,middle
1438,middle
1667,middle
1201,middle
1187,middle
2019,middle
2138,middle
2745,middle
3000,middle
2850,middle
2518,middle
2233,middle
1952,middle
2378,middle
2417,middle
1590,middle
1642,middle
1145,middle
893,middle
913,middle
1207,middle
1482,middle
1726,middle
1267,middle
1237,middle
2009,middle
2146,middle
2817,middle
3049,middle
2862,middle
2518,middle
2225,middle
1965,middle
2416,middle
2427,middle
1570,middle
1651,middle
1174,middle
890,middle
889,middle
1165,middle
1428,middle
1665,middle
1206,middle
1215,middle
2015,middle
2026,middle
2745,middle
2978,middle
2809,middle
2482,middle
2214,middle
1992,middle
2462,middle
2457,middle
1577,middle
1557,middle
1195,middle
916,middle
934,middle
1199,middle
1425,middle
1646,middle
1224,middle
1219,middle
2019,middle
2231,middle
2810,middle
3014,middle
2831,middle
2482,middle
2188,middle
1943,middle
2403,middle
2416,middle
1565,middle
1478,middle
1132,middle
887,middle
907,middle
1194,middle
1490,middle
1735,middle
1258,middle
1248,middle
2011,middle
2165,middle
2742,middle
2963,middle
2794,middle
2461,middle
2199,middle
1966,middle
2442,middle
2435,middle
1570,middle
1450,middle
1176,middle
944,middle
962,middle
1238,middle
1484,middle
1698,middle
1209,middle
1229,middle
2010,middle
2214,middle
2874,middle
3027,middle
2815,middle
2446,middle
2088,middle
1902,middle
2412,middle
2391,middle
1559,middle
1536,middle
1178,middle
902,middle
931,middle
1212,middle
1494,middle
1735,middle
1259,middle
1275,middle
2004,middle
2106,middle
2855,middle
2969,middle
2740,middle
2381,middle
2093,middle
1866,middle
2408,middle
2402,middle
1571,middle
1648,middle
1123,middle
883,middle
935,middle
1220,middle
1499,middle
1731,middle
1246,middle
1234,middle
2021,middle
2112,middle
2776,middle
3048,middle
2850,middle
2501,middle
2201,middle
1971,middle
2460,middle
2438,middle
1564,middle
1688,middle
1222,middle
1010,middle
978,middle
1176,middle
1412,middle
1603,middle
1108,middle
1182,middle
2030,middle
2050,middle
2863,middle
3008,middle
2809,middle
2480,middle
2206,middle
1948,middle
2419,middle
2369,middle
1551,middle
1629,middle
1141,middle
908,middle
943,middle
1218,middle
1468,middle
1686,middle
1174,middle
1215,middle
2024,middle
2121,middle
2886,middle
3041,middle
2818,middle
2445,middle
2132,middle
1897,middle
2384,middle
2378,middle
1556,middle
1547,middle
1073,middle
885,middle
951,middle
1238,middle
1490,middle
1690,middle
1197,middle
1249,middle
2031,middle
2352,middle
2862,middle
2995,middle
2808,middle
2463,middle
2148,middle
1890,middle
2318,middle
2292,middle
1560,middle
1602,middle
1085,middle
859,middle
943,middle
1240,middle
1499,middle
1715,middle
1220,middle
1261,middle
2038,middle
2022,middle
2910,middle
2993,middle
2790,middle
2457,middle
2178,middle
1913,middle
2423,middle
2361,middle
1550,middle
1511,middle
1087,middle
869,middle
905,middle
1233,middle
1513,middle
1755,middle
1226,middle
1275,middle
2035,middle
2009,middle
2845,middle
2993,middle
2795,middle
2452,middle
2195,middle
1993,middle
2497,middle
2380,middle
1536,middle
1454,middle
1044,middle
852,middle
926,middle
1234,middle
1517,middle
1745,middle
1233,middle
1289,middle
2037,middle
2345,middle
2902,middle
3000,middle
2767,middle
2406,middle
2109,middle
1865,middle
2413,middle
2346,middle
1549,middle
1488,middle
1154,middle
945,middle
958,middle
1180,middle
1456,middle
1725,middle
1211,middle
1277,middle
2044,middle
2105,middle
2855,middle
3025,middle
2790,middle
2409,middle
2075,middle
1898,middle
2456,middle
2379,middle
1558,middle
1457,middle
1119,middle
927,middle
993,middle
1273,middle
1542,middle
1763,middle
1223,middle
1278,middle
2034,middle
1974,middle
2797,middle
2959,middle
2775,middle
2444,middle
2192,middle
2007,middle
2527,middle
2429,middle
1530,middle
1480,middle
1095,middle
896,middle
927,middle
1225,middle
1524,middle
1757,middle
1204,middle
1280,middle
2034,middle
2139,middle
2839,middle
2957,middle
2747,middle
2416,middle
2147,middle
1913,middle
2465,middle
2371,middle
1545,middle
1571,middle
1156,middle
926,middle
961,middle
1243,middle
1555,middle
1767,middle
1189,middle
1243,middle
2024,middle
1897,middle
2791,middle
2946,middle
2755,middle
2444,middle
2165,middle
1935,middle
2477,middle
2426,middle
1536,middle
1542,middle
1103,middle
841,middle
940,middle
1258,middle
1501,middle
1743,middle
1201,middle
1296,middle
2045,middle
2247,middle
2818,middle
2945,middle
2746,middle
2429,middle
2148,middle
1932,middle
2482,middle
2367,middle
1540,middle
1544,middle
1137,middle
922,middle
981,middle
1261,middle
1525,middle
1734,middle
1182,middle
1286,middle
2034,middle
1950,middle
2860,middle
2973,middle
2754,middle
2425,middle
2144,middle
1923,middle
2471,middle
2358,middle
1539,middle
1655,middle
1122,middle
908,middle
968,middle
1245,middle
1508,middle
1726,middle
1170,middle
1268,middle
2034,middle
1928,middle
2858,middle
2969,middle
2749,middle
2425,middle
2140,middle
1916,middle
2473,middle
2354,middle
1538,middle
1642,middle
1127,middle
901,middle
963,middle
1237,middle
1506,middle
1716,middle
1153,middle
1266,middle
2042,middle
2178,middle
2826,middle
2900,middle
2688,middle
2377,middle
2108,middle
1899,middle
2462,middle
2342,middle
1544,middle
1660,middle
1111,middle
898,middle
961,middle
1237,middle
1507,middle
1724,middle
1158,middle
1274,middle
2046,middle
1899,middle
2892,middle
2985,middle
2749,middle
2416,middle
2141,middle
1919,middle
2477,middle
2339,middle
1542,middle
1697,middle
1133,middle
904,middle
971,middle
1243,middle
1503,middle
1712,middle
1142,middle
1268,middle
2041,middle
1911,middle
2842,middle
2948,middle
2724,middle
2409,middle
2137,middle
1921,middle
2490,middle
2347,middle
1543,middle
1612,middle
1091,middle
895,middle
976,middle
1258,middle
1526,middle
1733,middle
1157,middle
1286,middle
2051,middle
2233,middle
2882,middle
2962,middle
2721,middle
2406,middle
2125,middle
1907,middle
2482,middle
2336,middle
1531,middle
1582,middle
1072,middle
873,middle
963,middle
1253,middle
1525,middle
1726,middle
1147,middle
1296,middle
2056,middle
2467,middle
2912,middle
2957,middle
2705,middle
2382,middle
2100,middle
1890,middle
2475,middle
2315,middle
1526,middle
1496,middle
1041,middle
867,middle
976,middle
1260,middle
1543,middle
1746,middle
1159,middle
1306,middle
2063,middle
2484,middle
2885,middle
2940,middle
2703,middle
2383,middle
2111,middle
1908,middle
2498,middle
2328,middle
1528,middle
1474,middle
1069,middle
897,middle
1002,middle
1279,middle
1548,middle
1738,middle
1158,middle
1307,middle
2058,middle
2203,middle
2883,middle
2961,middle
2723,middle
2406,middle
2127,middle
1923,middle
2511,middle
2334,middle
1523,middle
1477,middle
1065,middle
889,middle
1000,middle
1284,middle
1556,middle
1744,middle
1152,middle
1317,middle
2058,middle
2183,middle
2823,middle
2935,middle
2711,middle
2409,middle
2138,middle
1937,middle
2529,middle
2348,middle
1529,middle
1485,middle
1088,middle
914,middle
1016,middle
1296,middle
1556,middle
1738,middle
1149,middle
1316,middle
2055,middle
2085,middle
2844,middle
2941,middle
2717,middle
2408,middle
2139,middle
1943,middle
2534,middle
2344,middle
1524,middle
1516,middle
1094,middle
920,middle
1031,middle
1306,middle
1564,middle
1741,middle
1147,middle
1308,middle
2044,middle
2055,middle
2852,middle
2932,middle
2706,middle
2400,middle
2129,middle
1943,middle
2532,middle
2340,middle
1521,middle
1499,middle
1099,middle
916,middle
1019,middle
1288,middle
1559,middle
1731,middle
1142,middle
1318,middle
2052,middle
1981,middle
2881,middle
2958,middle
2724,middle
2404,middle
2127,middle
1941,middle
2535,middle
2331,middle
1519,middle
1460,middle
1079,middle
905,middle
1022,middle
1294,middle
1561,middle
1733,middle
1143,middle
1325,middle
2057,middle
2075,middle
2875,middle
2959,middle
2724,middle
2411,middle
2137,middle
1948,middle
2532,middle
2328,middle
1517,middle
1509,middle
1110,middle
925,middle
1028,middle
1295,middle
1550,middle
1720,middle
1129,middle
1311,middle
2051,middle
1969,middle
2971,middle
3004,middle
2724,middle
2395,middle
2113,middle
1927,middle
2509,middle
2304,middle
1508,middle
1560,middle
1059,middle
882,middle
993,middle
1267,middle
1538,middle
1693,middle
1119,middle
1305,middle
2057,middle
2045,middle
2849,middle
2940,middle
2705,middle
2403,middle
2132,middle
1956,middle
2543,middle
2319,middle
1523,middle
1564,middle
1074,middle
895,middle
1008,middle
1285,middle
1547,middle
1706,middle
1122,middle
1330,middle
2059,middle
2188,middle
2882,middle
2948,middle
2701,middle
2388,middle
2118,middle
1947,middle
2536,middle
2311,middle
1517,middle
1565,middle
1075,middle
885,middle
1008,middle
1281,middle
1538,middle
1695,middle
1113,middle
1318,middle
2059,middle
2230,middle
2911,middle
2953,middle
2691,middle
2371,middle
2100,middle
1938,middle
2527,middle
2296,middle
1515,middle
1571,middle
1044,middle
870,middle
996,middle
1274,middle
1544,middle
1689,middle
1111,middle
1325,middle
2059,middle
2526,middle
2944,middle
2941,middle
2661,middle
2343,middle
2064,middle
1914,middle
2501,middle
2274,middle
1510,middle
1496,middle
1005,middle
848,middle
986,middle
1270,middle
1541,middle
1687,middle
1112,middle
1338,middle
2075,middle
2334,middle
2898,middle
2944,middle
2693,middle
2384,middle
2104,middle
1957,middle
2536,middle
2298,middle
1514,middle
1519,middle
1022,middle
861,middle
1001,middle
1283,middle
1555,middle
1688,middle
1119,middle
1333,middle
2070,middle
2071,middle
2917,middle
2968,middle
2712,middle
2404,middle
2121,middle
1973,middle
2551,middle
2312,middle
1515,middle
1515,middle
1024,middle
865,middle
1016,middle
1292,middle
1560,middle
1688,middle
1116,middle
1350,middle
2063,middle
2561,middle
2954,middle
2937,middle
2654,middle
2337,middle
2063,middle
1928,middle
2505,middle
2264,middle
1503,middle
1500,middle
1010,middle
849,middle
997,middle
1279,middle
1553,middle
1674,middle
1113,middle
1337,middle
2072,middle
2234,middle
2921,middle
2953,middle
2682,middle
2364,middle
2097,middle
1959,middle
2538,middle
2280,middle
1517,middle
1508,middle
1025,middle
870,middle
1014,middle
1291,middle
1566,middle
1689,middle
1122,middle
1355,middle
2074,middle
2359,middle
2965,middle
2964,middle
2682,middle
2359,middle
2085,middle
1957,middle
2528,middle
2269,middle
1508,middle
1439,middle
1015,middle
871,middle
1023,middle
1300,middle
1574,middle
1685,middle
1122,middle
1364,middle
2069,middle
2368,middle
3002,middle
2979,middle
2674,middle
2353,middle
2063,middle
1954,middle
2521,middle
2262,middle
1505,middle
1403,middle
999,middle
866,middle
1017,middle
1308,middle
1579,middle
1678,middle
1117,middle
1361,middle
2073,middle
2282,middle
2949,middle
2959,middle
2674,middle
2376,middle
2095,middle
1983,middle
2541,middle
2273,middle
1510,middle
1419,middle
1009,middle
874,middle
1032,middle
1308,middle
1585,middle
1680,middle
1123,middle
1372,middle
2074,middle
2187,middle
2890,middle
2944,middle
2685,middle
2388,middle
2110,middle
2003,middle
2576,middle
2297,middle
1514,middle
1464,middle
1039,middle
885,middle
1042,middle
1314,middle
1585,middle
1670,middle
1110,middle
1369,middle
2067,middle
2184,middle
2918,middle
2952,middle
2694,middle
2392,middle
2112,middle
2011,middle
2566,middle
2284,middle
1504,middle
1446,middle
1033,middle
890,middle
1048,middle
1319,middle
1582,middle
1664,middle
1114,middle
1375,middle
2064,middle
2267,middle
2973,middle
2968,middle
2681,middle
2370,middle
2085,middle
1993,middle
2545,middle
2262,middle
1498,middle
1400,middle
1009,middle
874,middle
1033,middle
1313,middle
1583,middle
1650,middle
1109,middle
1382,middle
2071,middle
2172,middle
2931,middle
2966,middle
2683,middle
2384,middle
2114,middle
2030,middle
2577,middle
2280,middle
1502,middle
1478,middle
1044,middle
894,middle
1035,middle
1302,middle
1570,middle
1634,middle
1098,middle
1385,middle
2071,middle
2227,middle
2929,middle
2958,middle
2679,middle
2382,middle
2100,middle
2022,middle
2582,middle
2299,middle
1495,middle
1537,middle
1065,middle
902,middle
1043,middle
1276,middle
1526,middle
1584,middle
1044,middle
1329,middle
2071,middle
2192,middle
2888,middle
2927,middle
2673,middle
2382,middle
2107,middle
2035,middle
2572,middle
2276,middle
1511,middle
1467,middle
1044,middle
920,middle
1102,middle
1386,middle
1654,middle
1690,middle
1129,middle
1377,middle
2037,middle
2148,middle
2840,middle
2858,middle
2573,middle
2299,middle
2044,middle
2022,middle
2579,middle
2284,middle
1524,middle
1428,middle
1008,middle
881,middle
1049,middle
1329,middle
1608,middle
1650,middle
1122,middle
1410,middle
2078,middle
2378,middle
2979,middle
2970,middle
2676,middle
2381,middle
2093,middle
2028,middle
2558,middle
2250,middle
1490,middle
1407,middle
981,middle
864,middle
1046,middle
1315,middle
1590,middle
1621,middle
1102,middle
1388,middle
2069,middle
2371,middle
2979,middle
2971,middle
2681,middle
2391,middle
2108,middle
2034,middle
2534,middle
2203,middle
1485,middle
1357,middle
902,middle
799,middle
995,middle
1293,middle
1592,middle
1624,middle
1115,middle
1408,middle
2082,middle
2387,middle
2955,middle
2950,middle
2654,middle
2349,middle
2086,middle
2050,middle
2570,middle
2252,middle
1496,middle
1447,middle
977,middle
839,middle
1013,middle
1304,middle
1575,middle
1603,middle
1084,middle
1388,middle
2075,middle
2458,middle
2975,middle
2939,middle
2641,middle
2343,middle
2063,middle
2026,middle
2563,middle
2251,middle
1495,middle
1487,middle
996,middle
839,middle
988,middle
1263,middle
1535,middle
1558,middle
1074,middle
1387,middle
2083,middle
2325,middle
3021,middle
2980,middle
2665,middle
2359,middle
2076,middle
2045,middle
2563,middle
2248,middle
1499,middle
1438,middle
980,middle
860,middle
1050,middle
1323,middle
1591,middle
1589,middle
1095,middle
1395,middle
2068,middle
2381,middle
2968,middle
2925,middle
2621,middle
2304,middle
2028,middle
2015,middle
2537,middle
2229,middle
1513,middle
1372,middle
962,middle
860,middle
1064,middle
1383,middle
1659,middle
1659,middle
1141,middle
1429,middle
2063,middle
2332,middle
2918,middle
2870,middle
2601,middle
2328,middle
2042,middle
2040,middle
2558,middle
2250,middle
1516,middle
1452,middle
996,middle
864,middle
1051,middle
1333,middle
1608,middle
1602,middle
1111,middle
1419,middle
2074,middle
2403,middle
2954,middle
2929,middle
2625,middle
2351,middle
2088,middle
2118,middle
2609,middle
2249,middle
1485,middle
1419,middle
957,middle
808,middle
1025,middle
1263,middle
1543,middle
1541,middle
1109,middle
1434,middle
2083,middle
2364,middle
2951,middle
2922,middle
2656,middle
2368,middle
2118,middle
2127,middle
2589,middle
2244,middle
1493,middle
1270,middle
922,middle
823,middle
1049,middle
1336,middle
1627,middle
1628,middle
1164,middle
1486,middle
2080,middle
2357,middle
2942,middle
2916,middle
2641,middle
2346,middle
2082,middle
2098,middle
2619,middle
2274,middle
1496,middle
1372,middle
1004,middle
852,middle
1097,middle
1415,middle
1652,middle
1601,middle
1099,middle
1340,middle
2064,middle
2259,middle
2886,middle
2907,middle
2639,middle
2375,middle
2111,middle
2127,middle
2650,middle
2340,middle
1483,middle
1400,middle
948,middle
788,middle
938,middle
1273,middle
1603,middle
1578,middle
1129,middle
1470,middle
2086,middle
2419,middle
3030,middle
2986,middle
2665,middle
2343,middle
2050,middle
2067,middle
2542,middle
2207,middle
1498,middle
1414,middle
1013,middle
903,middle
1069,middle
1331,middle
1597,middle
1554,middle
1083,middle
1459,middle
2077,middle
2363,middle
3011,middle
3001,middle
2655,middle
2342,middle
2051,middle
2034,middle
2547,middle
2239,middle
1492,middle
1367,middle
1012,middle
848,middle
1072,middle
1347,middle
1606,middle
1539,middle
1120,middle
1467,middle
2079,middle
2333,middle
2958,middle
2938,middle
2669,middle
2375,middle
2081,middle
2109,middle
2575,middle
2238,middle
1495,middle
1353,middle
968,middle
850,middle
1089,middle
1408,middle
1693,middle
1618,middle
1149,middle
1449,middle
2057,middle
2341,middle
2873,middle
2880,middle
2617,middle
2348,middle
2082,middle
2136,middle
2585,middle
2199,middle
1496,middle
1372,middle
981,middle
881,middle
1070,middle
1355,middle
1663,middle
1624,middle
1171,middle
1512,middle
2051,middle
2264,middle
2902,middle
2913,middle
2618,middle
2341,middle
2058,middle
2096,middle
2544,middle
2194,middle
1499,middle
1328,middle
968,middle
882,middle
1096,middle
1365,middle
1655,middle
1598,middle
1155,middle
1545,middle
2070,middle
2364,middle
2930,middle
2906,middle
2627,middle
2336,middle
2069,middle
2126,middle
2595,middle
2215,middle
1495,middle
1367,middle
974,middle
885,middle
1051,middle
1337,middle
1623,middle
1526,middle
1135,middle
1546,middle
2075,middle
2436,middle
2988,middle
2950,middle
2638,middle
2302,middle
1986,middle
2068,middle
2539,middle
2156,middle
1506,middle
1353,middle
996,middle
906,middle
1110,middle
1381,middle
1643,middle
1519,middle
1124,middle
1548,middle
2073,middle
2436,middle
2989,middle
2940,middle
2608,middle
2331,middle
2066,middle
2125,middle
2544,middle
2143,middle
1492,middle
1295,middle
925,middle
852,middle
1072,middle
1357,middle
1629,middle
1547,middle
1129,middle
1574,middle
2076,middle
2428,middle
2990,middle
2948,middle
2634,middle
2345,middle
2071,middle
2144,middle
2554,middle
2115,middle
1491,middle
1300,middle
939,middle
857,middle
1079,middle
1353,middle
1633,middle
1553,middle
1131,middle
1567,middle
2079,middle
2419,middle
2984,middle
2946,middle
2639,middle
2342,middle
2065,middle
2146,middle
2561,middle
2114,middle
1492,middle
1321,middle
958,middle
885,middle
1122,middle
1401,middle
1654,middle
1539,middle
1097,middle
1532,middle
2068,middle
2404,middle
2932,middle
2881,middle
2567,middle
2321,middle
2064,middle
2152,middle
2563,middle
2105,middle
1502,middle
1368,middle
952,middle
852,middle
1074,middle
1354,middle
1634,middle
1522,middle
1123,middle
1611,middle
2074,middle
2473,middle
2995,middle
2935,middle
2622,middle
2331,middle
2052,middle
2145,middle
2544,middle
2072,middle
1492,middle
1341,middle
914,middle
827,middle
1050,middle
1335,middle
1618,middle
1508,middle
1125,middle
1625,middle
2076,middle
2481,middle
2943,middle
2908,middle
2598,middle
2314,middle
2050,middle
2159,middle
2557,middle
2055,middle
1496,middle
1338,middle
923,middle
832,middle
1052,middle
1337,middle
1618,middle
1497,middle
1116,middle
1634,middle
2084,middle
2530,middle
3011,middle
2935,middle
2613,middle
2316,middle
2032,middle
2150,middle
2540,middle
2027,middle
1494,middle
1353,middle
924,middle
835,middle
1059,middle
1343,middle
1615,middle
1494,middle
1108,middle
1643,middle
2079,middle
2417,middle
2929,middle
2900,middle
2600,middle
2324,middle
2057,middle
2175,middle
2565,middle
2029,middle
1504,middle
1330,middle
917,middle
844,middle
1073,middle
1353,middle
1629,middle
1500,middle
1127,middle
1671,middle
2084,middle
2398,middle
2981,middle
2938,middle
2629,middle
2345,middle
2071,middle
2194,middle
2561,middle
2005,middle
1497,middle
1310,middle
915,middle
847,middle
1082,middle
1362,middle
1634,middle
1500,middle
1128,middle
1679,middle
2082,middle
2427,middle
2988,middle
2941,middle
2632,middle
2346,middle
2067,middle
2200,middle
2565,middle
1997,middle
1491,middle
1321,middle
926,middle
857,middle
1087,middle
1370,middle
1641,middle
1493,middle
1125,middle
1702,middle
2070,middle
2455,middle
2995,middle
2933,middle
2613,middle
2325,middle
2053,middle
2184,middle
2548,middle
1960,middle
1487,middle
1263,middle
916,middle
856,middle
1097,middle
1384,middle
1653,middle
1495,middle
1138,middle
1733,middle
2080,middle
2401,middle
2976,middle
2935,middle
2630,middle
2348,middle
2071,middle
2216,middle
2572,middle
1936,middle
1480,middle
1238,middle
907,middle
859,middle
1110,middle
1385,middle
1664,middle
1494,middle
1145,middle
1733,middle
2082,middle
2414,middle
2955,middle
2930,middle
2629,middle
2348,middle
2076,middle
2229,middle
2574,middle
1923,middle
1473,middle
1260,middle
924,middle
870,middle
1114,middle
1395,middle
1668,middle
1489,middle
1134,middle
1740,middle
2075,middle
2461,middle
2984,middle
2924,middle
2615,middle
2333,middle
2059,middle
2217,middle
2560,middle
1907,middle
1460,middle
1245,middle
922,middle
865,middle
1115,middle
1398,middle
1670,middle
1487,middle
1142,middle
1764,middle
2075,middle
2477,middle
2999,middle
2938,middle
2619,middle
2332,middle
2053,middle
2218,middle
2552,middle
1888,middle
1466,middle
1236,middle
911,middle
861,middle
1120,middle
1390,middle
1663,middle
1476,middle
1140,middle
1769,middle
2079,middle
2458,middle
3013,middle
2947,middle
2630,middle
2344,middle
2067,middle
2242,middle
2567,middle
1901,middle
1461,middle
1232,middle
901,middle
849,middle
1113,middle
1395,middle
1666,middle
1474,middle
1147,middle
1782,middle
2077,middle
2512,middle
3013,middle
2943,middle
2612,middle
2332,middle
2051,middle
2230,middle
2550,middle
1874,middle
1442,middle
1279,middle
920,middle
856,middle
1110,middle
1389,middle
1657,middle
1454,middle
1126,middle
1776,middle
2068,middle
2462,middle
2969,middle
2903,middle
2596,middle
2320,middle
2049,middle
2236,middle
2550,middle
1863,middle
1447,middle
1256,middle
915,middle
865,middle
1120,middle
1399,middle
1669,middle
1470,middle
1149,middle
1802,middle
2073,middle
2506,middle
2997,middle
2925,middle
2605,middle
2314,middle
2041,middle
2244,middle
2549,middle
1842,middle
1444,middle
1257,middle
897,middle
847,middle
1110,middle
1385,middle
1657,middle
1446,middle
1136,middle
1808,middle
2075,middle
2419,middle
2970,middle
2918,middle
2603,middle
2331,middle
2068,middle
2262,middle
2568,middle
1846,middle
1534,middle
1293,middle
917,middle
855,middle
1101,middle
1383,middle
1648,middle
1434,middle
1132,middle
1799,middle
2071,middle
2573,middle
3016,middle
2917,middle
2590,middle
2295,middle
2024,middle
2231,middle
2532,middle
1823,middle
1528,middle
1284,middle
902,middle
833,middle
1092,middle
1371,middle
1637,middle
1410,middle
1114,middle
1812,middle
2075,middle
2501,middle
2956,middle
2885,middle
2572,middle
2302,middle
2035,middle
2251,middle
2544,middle
1830,middle
1528,middle
1291,middle
913,middle
855,middle
1111,middle
1389,middle
1658,middle
1420,middle
1131,middle
1823,middle
2074,middle
2545,middle
2967,middle
2879,middle
2562,middle
2291,middle
2021,middle
2251,middle
2536,middle
1814,middle
1462,middle
1336,middle
935,middle
865,middle
1116,middle
1382,middle
1645,middle
1403,middle
1114,middle
1828,middle
2073,middle
2507,middle
2978,middle
2897,middle
2578,middle
2298,middle
2031,middle
2265,middle
2544,middle
1807,middle
1336,middle
1306,middle
956,middle
896,middle
1140,middle
1406,middle
1664,middle
1415,middle
1134,middle
1842,middle
2069,middle
2532,middle
2974,middle
2888,middle
2563,middle
2284,middle
2014,middle
2255,middle
2527,middle
1792,middle
1309,middle
1278,middle
944,middle
895,middle
1148,middle
1417,middle
1670,middle
1415,middle
1138,middle
1850,middle
2072,middle
2466,middle
2957,middle
2889,middle
2584,middle
2310,middle
2041,middle
2282,middle
2552,middle
1796,middle
1310,middle
1319,middle
971,middle
912,middle
1151,middle
1416,middle
1668,middle
1407,middle
1130,middle
1843,middle
2062,middle
2518,middle
2966,middle
2884,middle
2563,middle
2289,middle
2022,middle
2274,middle
2534,middle
1772,middle
1452,middle
1273,middle
930,middle
890,middle
1147,middle
1411,middle
1671,middle
1396,middle
1130,middle
1857,middle
2066,middle
2572,middle
2960,middle
2868,middle
2537,middle
2259,middle
1997,middle
2257,middle
2524,middle
1769,middle
1386,middle
1253,middle
926,middle
890,middle
1157,middle
1423,middle
1679,middle
1395,middle
1130,middle
1875,middle
2070,middle
2531,middle
2948,middle
2864,middle
2549,middle
2277,middle
2012,middle
2283,middle
2533,middle
1770,middle
1612,middle
1240,middle
920,middle
883,middle
1145,middle
1418,middle
1675,middle
1390,middle
1141,middle
1873,middle
2067,middle
2559,middle
3002,middle
2896,middle
2565,middle
2277,middle
2019,middle
2291,middle
2523,middle
1748,middle
1603,middle
1253,middle
921,middle
888,middle
1150,middle
1416,middle
1667,middle
1378,middle
1130,middle
1883,middle
2065,middle
2603,middle
2984,middle
2876,middle
2537,middle
2256,middle
1991,middle
2271,middle
2507,middle
1726,middle
1555,middle
1232,middle
906,middle
875,middle
1147,middle
1419,middle
1675,middle
1382,middle
1136,middle
1905,middle
2071,middle
2497,middle
2947,middle
2885,middle
2567,middle
2296,middle
2032,middle
2314,middle
2542,middle
1735,middle
1598,middle
1239,middle
914,middle
889,middle
1152,middle
1423,middle
1682,middle
1381,middle
1142,middle
1901,middle
2069,middle
2635,middle
3046,middle
2911,middle
2562,middle
2269,middle
2005,middle
2290,middle
2513,middle
1708,middle
1470,middle
1253,middle
928,middle
896,middle
1152,middle
1424,middle
1679,middle
1366,middle
1139,middle
1898,middle
2066,middle
2608,middle
2971,middle
2861,middle
2527,middle
2251,middle
1990,middle
2289,middle
2499,middle
1711,middle
1345,middle
1214,middle
929,middle
909,middle
1180,middle
1447,middle
1700,middle
1388,middle
1166,middle
1913,middle
2077,middle
2600,middle
2977,middle
2868,middle
2548,middle
2276,middle
2017,middle
2320,middle
2520,middle
1705,middle
1300,middle
1208,middle
914,middle
888,middle
1160,middle
1437,middle
1696,middle
1382,middle
1164,middle
1920,middle
2081,middle
2636,middle
3005,middle
2887,middle
2560,middle
2273,middle
2013,middle
2328,middle
2531,middle
1693,middle
1299,middle
1239,middle
941,middle
915,middle
1167,middle
1428,middle
1667,middle
1340,middle
1142,middle
1920,middle
2080,middle
2613,middle
2967,middle
2857,middle
2529,middle
2255,middle
1992,middle
2308,middle
2499,middle
1694,middle
1303,middle
1243,middle
952,middle
938,middle
1215,middle
1487,middle
1733,middle
1382,middle
1160,middle
1907,middle
2058,middle
2550,middle
2909,middle
2819,middle
2507,middle
2253,middle
2009,middle
2319,middle
2509,middle
1700,middle
1306,middle
1235,middle
950,middle
926,middle
1203,middle
1485,middle
1752,middle
1407,middle
1195,middle
1920,middle
2061,middle
2566,middle
2918,middle
2803,middle
2481,middle
2229,middle
2003,middle
2331,middle
2510,middle
1688,middle
1312,middle
1272,middle
975,middle
946,middle
1216,middle
1470,middle
1718,middle
1372,middle
1183,middle
1920,middle
2066,middle
2617,middle
2961,middle
2838,middle
2525,middle
2256,middle
1995,middle
2322,middle
2485,middle
1676,middle
1266,middle
1237,middle
948,middle
940,middle
1199,middle
1470,middle
1717,middle
1351,middle
1160,middle
1933,middle
2067,middle
2696,middle
2998,middle
2847,middle
2504,middle
2216,middle
1969,middle
2292,middle
2464,middle
1666,middle
1369,middle
1247,middle
954,middle
930,middle
1192,middle
1456,middle
1692,middle
1327,middle
1154,middle
1940,middle
2074,middle
2712,middle
3031,middle
2882,middle
2524,middle
2212,middle
1949,middle
2280,middle
2448,middle
1660,middle
1374,middle
1226,middle
912,middle
909,middle
1187,middle
1458,middle
1707,middle
1343,middle
1185,middle
1949,middle
2082,middle
2676,middle
2974,middle
2843,middle
2509,middle
2236,middle
1982,middle
2327,middle
2470,middle
1656,middle
1579,middle
1248,middle
933,middle
906,middle
1163,middle
1410,middle
1637,middle
1302,middle
1165,middle
1952,middle
2077,middle
2627,middle
2966,middle
2849,middle
2518,middle
2252,middle
2003,middle
2355,middle
2495,middle
1659,middle
1653,middle
1213,middle
923,middle
903,middle
1167,middle
1425,middle
1656,middle
1305,middle
1170,middle
1957,middle
2082,middle
2631,middle
3013,middle
2883,middle
2548,middle
2265,middle
2005,middle
2355,middle
2497,middle
1647,middle
1661,middle
1213,middle
935,middle
914,middle
1200,middle
1493,middle
1721,middle
1286,middle
1098,middle
1942,middle
2104,middle
2631,middle
2941,middle
2825,middle
2502,middle
2224,middle
1987,middle
2355,middle
2494,middle
1643,middle
1637,middle
1184,middle
894,middle
940,middle
1200,middle
1442,middle
1664,middle
1289,middle
1126,middle
1959,middle
2104,middle
2692,middle
2996,middle
2839,middle
2486,middle
2202,middle
1975,middle
2356,middle
2484,middle
1655,middle
1674,middle
1233,middle
944,middle
931,middle
1189,middle
1440,middle
1685,middle
1295,middle
1158,middle
1961,middle
2102,middle
2699,middle
2987,middle
2849,middle
2516,middle
2251,middle
2000,middle
2365,middle
2457,middle
1620,middle
1617,middle
1163,middle
894,middle
885,middle
1181,middle
1469,middle
1711,middle
1314,middle
1215,middle
1967,middle
2140,middle
2682,middle
2928,middle
2768,middle
2453,middle
2189,middle
1953,middle
2345,middle
2458,middle
1628,middle
1552,middle
1208,middle
966,middle
950,middle
1227,middle
1463,middle
1647,middle
1211,middle
1151,middle
1979,middle
2146,middle
2778,middle
3035,middle
2854,middle
2473,middle
2142,middle
1900,middle
2348,middle
2445,middle
1625,middle
1627,middle
1201,middle
915,middle
915,middle
1196,middle
1469,middle
1703,middle
1294,middle
1180,middle
1983,middle
2087,middle
2735,middle
2985,middle
2830,middle
2457,middle
2208,middle
1962,middle
2321,middle
2430,middle
1622,middle
1544,middle
1252,middle
951,middle
911,middle
1119,middle
1420,middle
1684,middle
1300,middle
1198,middle
1995,middle
2151,middle
2697,middle
2972,middle
2838,middle
2493,middle
2218,middle
1991,middle
2388,middle
2481,middle
1618,middle
1558,middle
1244,middle
948,middle
907,middle
1141,middle
1456,middle
1688,middle
1255,middle
1177,middle
1988,middle
2145,middle
2641,middle
2951,middle
2817,middle
2509,middle
2254,middle
2013,middle
2409,middle
2470,middle
1608,middle
1351,middle
1203,middle
971,middle
982,middle
1243,middle
1474,middle
1629,middle
1204,middle
1181,middle
1997,middle
2157,middle
2752,middle
2978,middle
2824,middle
2493,middle
2205,middle
1939,middle
2348,middle
2441,middle
1602,middle
1342,middle
1191,middle
937,middle
940,middle
1222,middle
1471,middle
1714,middle
1288,middle
1198,middle
1983,middle
2134,middle
2727,middle
2998,middle
2857,middle
2518,middle
2229,middle
1958,middle
2367,middle
2442,middle
1602,middle
1417,middle
1232,middle
951,middle
933,middle
1116,middle
1422,middle
1695,middle
1275,middle
1215,middle
2005,middle
2137,middle
2698,middle
2970,middle
2830,middle
2493,middle
2226,middle
1987,middle
2407,middle
2461,middle
1603,middle
1388,middle
1200,middle
948,middle
954,middle
1226,middle
1487,middle
1721,middle
1285,middle
1193,middle
1989,middle
2095,middle
2684,middle
2964,middle
2811,middle
2494,middle
2231,middle
1989,middle
2417,middle
2469,middle
1594,middle
1469,middle
1211,middle
958,middle
962,middle
1216,middle
1472,middle
1686,middle
1239,middle
1201,middle
1993,middle
2107,middle
2741,middle
2994,middle
2836,middle
2502,middle
2228,middle
1965,middle
2394,middle
2438,middle
1577,middle
1377,middle
1180,middle
940,middle
951,middle
1220,middle
1474,middle
1677,middle
1244,middle
1196,middle
2002,middle
2069,middle
2713,middle
2978,middle
2830,middle
2504,middle
2228,middle
1975,middle
2407,middle
2455,middle
1584,middle
1497,middle
1138,middle
898,middle
918,middle
1201,middle
1466,middle
1719,middle
1271,middle
1206,middle
2005,middle
2139,middle
2734,middle
2979,middle
2827,middle
2491,middle
2213,middle
1970,middle
2413,middle
2441,middle
1585,middle
1453,middle
1196,middle
932,middle
939,middle
1215,middle
1481,middle
1714,middle
1254,middle
1221,middle
2000,middle
2095,middle
2728,middle
2969,middle
2814,middle
2481,middle
2201,middle
1957,middle
2412,middle
2436,middle
1582,middle
1561,middle
1164,middle
908,middle
924,middle
1211,middle
1481,middle
1713,middle
1255,middle
1223,middle
2006,middle
2107,middle
2735,middle
2956,middle
2798,middle
2478,middle
2189,middle
1953,middle
2414,middle
2427,middle
1582,middle
1569,middle
1131,middle
888,middle
919,middle
1207,middle
1480,middle
1716,middle
1255,middle
1223,middle
2013,middle
2214,middle
2733,middle
2949,middle
2788,middle
2467,middle
2192,middle
1953,middle
2414,middle
2424,middle
1572,middle
1583,middle
1119,middle
883,middle
919,middle
1207,middle
1487,middle
1718,middle
1247,middle
1233,middle
2024,middle
2077,middle
2773,middle
3005,middle
2838,middle
2499,middle
2212,middle
1971,middle
2434,middle
2428,middle
1571,middle
1654,middle
1143,middle
898,middle
926,middle
1209,middle
1480,middle
1708,middle
1234,middle
1215,middle
2011,middle
2124,middle
2770,middle
2976,middle
2800,middle
2469,middle
2191,middle
1951,middle
2421,middle
2411,middle
1569,middle
1617,middle
1131,middle
888,middle
922,middle
1207,middle
1482,middle
1713,middle
1234,middle
1227,middle
2021,middle
2122,middle
2779,middle
2996,middle
2815,middle
2483,middle
2200,middle
1963,middle
2436,middle
2425,middle
1567,middle
1577,middle
1128,middle
889,middle
930,middle
1218,middle
1488,middle
1720,middle
1232,middle
1234,middle
2024,middle
2121,middle
2807,middle
3006,middle
2818,middle
2477,middle
2195,middle
1956,middle
2444,middle
2416,middle
1559,middle
1648,middle
1131,middle
888,middle
920,middle
1206,middle
1478,middle
1709,middle
1213,middle
1223,middle
2020,middle
2146,middle
2747,middle
2953,middle
2785,middle
2462,middle
2188,middle
1955,middle
2445,middle
2421,middle
1567,middle
1628,middle
1148,middle
900,middle
927,middle
1210,middle
1485,middle
1716,middle
1215,middle
1220,middle
2026,middle
2100,middle
2689,middle
2923,middle
2772,middle
2467,middle
2193,middle
1967,middle
2465,middle
2442,middle
1568,middle
1470,middle
1133,middle
915,middle
961,middle
1245,middle
1516,middle
1747,middle
1235,middle
1255,middle
2030,middle
1929,middle
2760,middle
2985,middle
2814,middle
2492,middle
2213,middle
1974,middle
2473,middle
2433,middle
1557,middle
1579,middle
1139,middle
895,middle
937,middle
1219,middle
1498,middle
1718,middle
1214,middle
1244,middle
2025,middle
2067,middle
2765,middle
2966,middle
2782,middle
2461,middle
2183,middle
1954,middle
2460,middle
2410,middle
1555,middle
1486,middle
1129,middle
914,middle
955,middle
1239,middle
1510,middle
1732,middle
1213,middle
1245,middle
2027,middle
2137,middle
2766,middle
2961,middle
2784,middle
2462,middle
2183,middle
1954,middle
2459,middle
2407,middle
1549,middle
1463,middle
1128,middle
907,middle
952,middle
1239,middle
1514,middle
1734,middle
1214,middle
1256,middle
2033,middle
1919,middle
2791,middle
2988,middle
2803,middle
2479,middle
2203,middle
1961,middle
2480,middle
2415,middle
1545,middle
1428,middle
1126,middle
904,middle
956,middle
1237,middle
1511,middle
1729,middle
1202,middle
1247,middle
2030,middle
2065,middle
2813,middle
3008,middle
2818,middle
2483,middle
2195,middle
1967,middle
2478,middle
2406,middle
1546,middle
1498,middle
1154,middle
922,middle
965,middle
1240,middle
1511,middle
1728,middle
1195,middle
1238,middle
2027,middle
2045,middle
2757,middle
2953,middle
2780,middle
2465,middle
2186,middle
1949,middle
2477,middle
2404,middle
1546,middle
1454,middle
1138,middle
911,middle
967,middle
1243,middle
1511,middle
1737,middle
1203,middle
1258,middle
2035,middle
2128,middle
2751,middle
2955,middle
2783,middle
2466,middle
2190,middle
1961,middle
2491,middle
2409,middle
1540,middle
1468,middle
1129,middle
904,middle
956,middle
1237,middle
1512,middle
1730,middle
1192,middle
1257,middle
2038,middle
2121,middle
2756,middle
2962,middle
2788,middle
2466,middle
2182,middle
1959,middle
2490,middle
2408,middle
1543,middle
1473,middle
1149,middle
920,middle
969,middle
1252,middle
1521,middle
1739,middle
1189,middle
1250,middle
2033,middle
2188,middle
2773,middle
2948,middle
2765,middle
2450,middle
2175,middle
1942,middle
2484,middle
2392,middle
1538,middle
1513,middle
1108,middle
906,middle
1018,middle
1330,middle
1606,middle
1829,middle
1261,middle
1336,middle
1994,middle
1915,middle
2892,middle
3044,middle
2819,middle
2469,middle
2171,middle
1929,middle
2456,middle
2343,middle
1491,middle
1458,middle
1033,middle
838,middle
924,middle
1215,middle
1502,middle
1731,middle
1178,middle
1275,middle
2026,middle
1948,middle
2811,middle
2995,middle
2789,middle
2458,middle
2174,middle
1937,middle
2480,middle
2367,middle
1526,middle
1404,middle
1069,middle
867,middle
950,middle
1243,middle
1525,middle
1750,middle
1194,middle
1289,middle
2050,middle
1945,middle
2854,middle
3013,middle
2799,middle
2461,middle
2169,middle
1941,middle
2491,middle
2374,middle
1529,middle
1449,middle
1062,middle
858,middle
938,middle
1241,middle
1528,middle
1752,middle
1190,middle
1287,middle
2055,middle
2213,middle
2850,middle
2990,middle
2775,middle
2447,middle
2163,middle
1933,middle
2485,middle
2370,middle
1530,middle
1491,middle
1032,middle
836,middle
935,middle
1238,middle
1525,middle
1754,middle
1195,middle
1299,middle
2058,middle
2065,middle
2840,middle
3000,middle
2792,middle
2469,middle
2182,middle
1953,middle
2508,middle
2372,middle
1530,middle
1525,middle
1040,middle
842,middle
930,middle
1233,middle
1520,middle
1751,middle
1186,middle
1298,middle
2057,middle
2105,middle
2818,middle
2995,middle
2788,middle
2467,middle
2178,middle
1948,middle
2505,middle
2374,middle
1526,middle
1586,middle
1061,middle
849,middle
939,middle
1236,middle
1516,middle
1745,middle
1182,middle
1294,middle
2048,middle
2040,middle
2833,middle
2989,middle
2775,middle
2448,middle
2167,middle
1940,middle
2501,middle
2365,middle
1523,middle
1599,middle
1058,middle
846,middle
935,middle
1231,middle
1513,middle
1733,middle
1172,middle
1298,middle
2054,middle
2105,middle
2856,middle
2998,middle
2781,middle
2453,middle
2169,middle
1939,middle
2501,middle
2355,middle
1521,middle
1564,middle
1040,middle
833,middle
927,middle
1225,middle
1513,middle
1739,middle
1168,middle
1301,middle
2060,middle
2145,middle
2910,middle
3010,middle
2776,middle
2441,middle
2148,middle
1928,middle
2496,middle
2339,middle
1519,middle
1522,middle
1013,middle
826,middle
934,middle
1238,middle
1526,middle
1747,middle
1178,middle
1311,middle
2063,middle
1989,middle
2916,middle
3022,middle
2790,middle
2451,middle
2158,middle
1939,middle
2502,middle
2347,middle
1513,middle
1596,middle
1067,middle
851,middle
935,middle
1227,middle
1509,middle
1733,middle
1161,middle
1296,middle
2052,middle
2022,middle
2812,middle
2983,middle
2779,middle
2458,middle
2175,middle
1949,middle
2518,middle
2347,middle
1522,middle
1516,middle
1041,middle
852,middle
947,middle
1241,middle
1535,middle
1752,middle
1179,middle
1317,middle
2061,middle
2139,middle
2764,middle
2957,middle
2769,middle
2468,middle
2194,middle
1983,middle
2560,middle
2377,middle
1517,middle
1611,middle
1073,middle
848,middle
927,middle
1223,middle
1514,middle
1736,middle
1163,middle
1316,middle
2057,middle
2007,middle
2818,middle
2973,middle
2763,middle
2452,middle
2176,middle
1960,middle
2538,middle
2368,middle
1518,middle
1669,middle
1115,middle
872,middle
950,middle
1227,middle
1503,middle
1714,middle
1130,middle
1288,middle
2050,middle
2023,middle
2856,middle
2992,middle
2773,middle
2445,middle
2164,middle
1948,middle
2524,middle
2335,middle
1509,middle
1417,middle
999,middle
824,middle
945,middle
1257,middle
1553,middle
1765,middle
1186,middle
1345,middle
2067,middle
2084,middle
2856,middle
3003,middle
2784,middle
2463,middle
2182,middle
1961,middle
2538,middle
2351,middle
1508,middle
2233,index
2004,index
1584,index
1285,index
1253,index
1356,index
1494,index
1643,index
1831,index
1759,index
1609,index
1731,index
2041,index
2304,index
2399,index
2330,index
2154,index
2029,index
1894,index
2049,index
2217,index
2029,index
1658,index
1423,index
1332,index
1318,index
1453,index
1593,index
1722,index
1586,index
1420,index
1605,index
2022,index
2328,index
2420,index
2355,index
2170,index
2055,index
1949,index
2113,index
2309,index
2134,index
1757,index
1494,index
1386,index
1385,index
1517,index
1650,index
1785,index
1645,index
1473,index
1643,index
2011,index
2314,index
2417,index
2342,index
2169,index
2038,index
1910,index
2071,index
2231,index
2051,index
1681,index
1473,index
1386,index
1369,index
1480,index
1603,index
1750,index
1663,index
1518,index
1686,index
2020,index
2297,index
2391,index
2311,index
2153,index
2031,index
1908,index
2068,index
2225,index
2050,index
1687,index
1458,index
1378,index
1382,index
1511,index
1641,index
1773,index
1635,index
1479,index
1657,index
2009,index
2291,index
2383,index
2305,index
2151,index
2031,index
1918,index
2077,index
2225,index
2045,index
1690,index
1469,index
1389,index
1396,index
1526,index
1649,index
1782,index
1642,index
1485,index
1664,index
2010,index
2281,index
2362,index
2291,index
2143,index
2031,index
1908,index
2072,index
2219,index
2040,index
1695,index
1476,index
1394,index
1407,index
1537,index
1658,index
1782,index
1630,index
1480,index
1661,index
2016,index
2277,index
2359,index
2286,index
2138,index
2024,index
1911,index
2081,index
2211,index
2034,index
1696,index
1482,index
1402,index
1404,index
1537,index
1662,index
1788,index
1629,index
1473,index
1660,index
2017,index
2273,index
2348,index
2283,index
2150,index
2039,index
1927,index
2071,index
2212,index
2038,index
1705,index
1486,index
1410,index
1413,index
1530,index
1656,index
1779,index
1630,index
1484,index
1682,index
2044,index
2287,index
2346,index
2261,index
2115,index
2020,index
1903,index
2058,index
2202,index
2041,index
1701,index
1492,index
1386,index
1393,index
1540,index
1660,index
1800,index
1665,index
1506,index
1675,index
2021,index
2279,index
2365,index
2287,index
2136,index
2024,index
1914,index
2085,index
2219,index
2042,index
1686,index
1468,index
1393,index
1394,index
1520,index
1652,index
1776,index
1624,index
1478,index
1660,index
2020,index
2301,index
2378,index
2303,index
2147,index
2026,index
1913,index
2085,index
2217,index
2036,index
1677,index
1454,index
1376,index
1393,index
1531,index
1657,index
1782,index
1625,index
1470,index
1649,index
2015,index
2299,index
2388,index
2324,index
2165,index
2049,index
1929,index
2086,index
2239,index
2063,index
1677,index
1446,index
1356,index
1365,index
1497,index
1644,index
1771,index
1610,index
1453,index
1627,index
2020,index
2339,index
2453,index
2376,index
2187,index
2034,index
1908,index
2094,index
2236,index
2054,index
1657,index
1423,index
1334,index
1347,index
1497,index
1641,index
1778,index
1619,index
1479,index
1673,index
2036,index
2338,index
2420,index
2334,index
2165,index
2038,index
1911,index
2103,index
2239,index
2034,index
1651,index
1428,index
1336,index
1370,index
1509,index
1636,index
1784,index
1622,index
1473,index
1649,index
2046,index
2345,index
2437,index
2352,index
2153,index
2020,index
1901,index
2084,index
2236,index
2069,index
1669,index
1397,index
1283,index
1284,index
1468,index
1683,index
1842,index
1601,index
1458,index
1694,index
2082,index
2351,index
2431,index
2347,index
2176,index
2056,index
1924,index
2111,index
2242,index
2018,index
1638,index
1405,index
1318,index
1342,index
1518,index
1670,index
1807,index
1611,index
1453,index
1669,index
2063,index
2374,index
2434,index
2336,index
2159,index
2018,index
1895,index
2103,index
2254,index
2057,index
1643,index
1411,index
1329,index
1347,index
1483,index
1635,index
1788,index
1591,index
1459,index
1659,index
2091,index
2384,index
2417,index
2346,index
2168,index
2015,index
1898,index
2107,index
2239,index
2036,index
1655,index
1427,index
1350,index
1348,index
1489,index
1652,index
1784,index
1591,index
1442,index
1654,index
2061,index
2343,index
2432,index
2355,index
2181,index
2041,index
1915,index
2116,index
2236,index
2026,index
1628,index
1406,index
1334,index
1349,index
1500,index
1632,index
1768,index
1593,index
1470,index
1668,index
2070,index
2358,index
2410,index
2323,index
2171,index
2053,index
1923,index
2116,index
2246,index
2030,index
1640,index
1418,index
1355,index
1366,index
1517,index
1653,index
1792,index
1594,index
1465,index
1667,index
2065,index
2352,index
2451,index
2369,index
2170,index
2018,index
1900,index
2103,index
2249,index
2022,index
1632,index
1427,index
1334,index
1336,index
1496,index
1644,index
1784,index
1589,index
1467,index
1656,index
2023,index
2347,index
2423,index
2339,index
2153,index
2056,index
1932,index
2133,index
2238,index
2034,index
1660,index
1424,index
1335,index
1364,index
1523,index
1646,index
1775,index
1573,index
1474,index
1700,index
2072,index
2348,index
2412,index
2328,index
2165,index
2022,index
1903,index
2106,index
2238,index
2061,index
1649,index
1414,index
1338,index
1370,index
1514,index
1658,index
1769,index
1585,index
1472,index
1661,index
2070,index
2378,index
2438,index
2359,index
2151,index
1987,index
1925,index
2136,index
2208,index
1999,index
1637,index
1428,index
1348,index
1361,index
1505,index
1651,index
1789,index
1590,index
1489,index
1672,index
2058,index
2333,index
2422,index
2328,index
2144,index
2025,index
1917,index
2137,index
2242,index
2026,index
1650,index
1445,index
1355,index
1369,index
1498,index
1639,index
1779,index
1589,index
1472,index
1685,index
2084,index
2311,index
2391,index
2305,index
2154,index
2040,index
1928,index
2106,index
2207,index
2037,index
1669,index
1437,index
1372,index
1381,index
1537,index
1672,index
1775,index
1596,index
1469,index
1673,index
2030,index
2305,index
2379,index
2319,index
2147,index
2017,index
1915,index
2123,index
2220,index
2051,index
1673,index
1466,index
1380,index
1390,index
1516,index
1665,index
1787,index
1589,index
1489,index
1673,index
2058,index
2315,index
2362,index
2283,index
2122,index
2002,index
1898,index
2107,index
2196,index
2031,index
1696,index
1491,index
1416,index
1410,index
1532,index
1639,index
1773,index
1600,index
1520,index
1703,index
2041,index
2282,index
2343,index
2289,index
2138,index
2029,index
1926,index
2121,index
2199,index
2021,index
1675,index
1478,index
1394,index
1414,index
1547,index
1667,index
1780,index
1591,index
1496,index
1671,index
2024,index
2280,index
2355,index
2273,index
2129,index
2026,index
1914,index
2123,index
2203,index
2017,index
1677,index
1484,index
1402,index
1412,index
1554,index
1687,index
1790,index
1590,index
1485,index
1644,index
2007,index
2308,index
2358,index
2260,index
2107,index
2003,index
1913,index
2142,index
2247,index
2071,index
1681,index
1461,index
1407,index
1459,index
1565,index
1641,index
1729,index
1498,index
1437,index
1674,index
2055,index
2330,index
2390,index
2314,index
2158,index
2029,index
1926,index
2143,index
2217,index
2020,index
1647,index
1468,index
1416,index
1407,index
1524,index
1653,index
1770,index
1569,index
1467,index
1659,index
2034,index
2307,index
2385,index
2296,index
2161,index
2076,index
1942,index
2120,index
2196,index
2016,index
1641,index
1452,index
1384,index
1388,index
1526,index
1660,index
1782,index
1572,index
1484,index
1675,index
2032,index
2298,index
2357,index
2287,index
2151,index
2023,index
1919,index
2168,index
2231,index
2033,index
1654,index
1439,index
1378,index
1395,index
1523,index
1647,index
1774,index
1582,index
1491,index
1684,index
2046,index
2324,index
2396,index
2309,index
2130,index
2009,index
1941,index
2196,index
2290,index
2045,index
1610,index
1374,index
1283,index
1368,index
1555,index
1678,index
1764,index
1541,index
1476,index
1710,index
2075,index
2342,index
2402,index
2323,index
2158,index
2022,index
1905,index
2153,index
2243,index
2048,index
1642,index
1416,index
1336,index
1332,index
1500,index
1658,index
1773,index
1547,index
1471,index
1677,index
2069,index
2357,index
2420,index
2333,index
2166,index
2040,index
1949,index
2174,index
2230,index
2011,index
1623,index
1409,index
1335,index
1358,index
1507,index
1658,index
1786,index
1558,index
1468,index
1686,index
2081,index
2370,index
2423,index
2333,index
2166,index
2026,index
1906,index
2164,index
2241,index
2016,index
1620,index
1406,index
1332,index
1358,index
1516,index
1659,index
1791,index
1545,index
1469,index
1687,index
2085,index
2365,index
2424,index
2327,index
2163,index
2027,index
1906,index
2168,index
2236,index
2009,index
1609,index
1390,index
1336,index
1370,index
1521,index
1663,index
1799,index
1552,index
1469,index
1686,index
2094,index
2374,index
2436,index
2341,index
2154,index
2019,index
1909,index
2172,index
2234,index
2010,index
1614,index
1414,index
1331,index
1347,index
1499,index
1650,index
1796,index
1546,index
1462,index
1692,index
2093,index
2387,index
2432,index
2329,index
2154,index
2028,index
1907,index
2172,index
2228,index
1997,index
1610,index
1415,index
1347,index
1361,index
1508,index
1660,index
1785,index
1529,index
1464,index
1690,index
2099,index
2386,index
2446,index
2341,index
2164,index
2026,index
1903,index
2175,index
2233,index
2006,index
1608,index
1398,index
1331,index
1388,index
1524,index
1655,index
1770,index
1502,index
1465,index
1708,index
2107,index
2384,index
2431,index
2323,index
2150,index
2003,index
1880,index
2155,index
2216,index
2039,index
1654,index
1436,index
1356,index
1339,index
1518,index
1680,index
1803,index
1526,index
1458,index
1691,index
2096,index
2375,index
2419,index
2328,index
2158,index
2014,index
1897,index
2167,index
2219,index
1991,index
1594,index
1388,index
1345,index
1359,index
1518,index
1673,index
1802,index
1542,index
1475,index
1695,index
2092,index
2397,index
2449,index
2323,index
2131,index
1993,index
1904,index
2195,index
2232,index
1991,index
1597,index
1403,index
1334,index
1366,index
1526,index
1667,index
1793,index
1531,index
1484,index
1704,index
2099,index
2375,index
2421,index
2326,index
2156,index
2026,index
1905,index
2170,index
2215,index
1992,index
1610,index
1413,index
1341,index
1366,index
1518,index
1661,index
1785,index
1531,index
1487,index
1713,index
2098,index
2368,index
2402,index
2307,index
2149,index
2013,index
1903,index
2175,index
2207,index
1992,index
1628,index
1430,index
1360,index
1387,index
1534,index
1667,index
1783,index
1541,index
1501,index
1708,index
2080,index
2344,index
2387,index
2295,index
2146,index
2021,index
1907,index
2177,index
2205,index
1985,index
1628,index
1439,index
1378,index
1404,index
1539,index
1663,index
1785,index
1541,index
1497,index
1701,index
2071,index
2333,index
2373,index
2287,index
2133,index
2007,index
1900,index
2171,index
2203,index
1998,index
1639,index
1451,index
1386,index
1414,index
1547,index
1676,index
1793,index
1545,index
1506,index
1707,index
2071,index
2329,index
2367,index
2282,index
2128,index
2006,index
1908,index
2171,index
2201,index
1990,index
1630,index
1439,index
1380,index
1402,index
1547,index
1677,index
1793,index
1542,index
1508,index
1713,index
2074,index
2326,index
2361,index
2271,index
2131,index
2016,index
1911,index
2173,index
2194,index
1985,index
1629,index
1443,index
1383,index
1409,index
1551,index
1678,index
1787,index
1533,index
1501,index
1721,index
2075,index
2327,index
2371,index
2276,index
2127,index
2006,index
1907,index
2179,index
2203,index
1991,index
1631,index
1449,index
1388,index
1410,index
1548,index
1682,index
1800,index
1534,index
1500,index
1716,index
2079,index
2337,index
2367,index
2278,index
2132,index
2011,index
1909,index
2176,index
2196,index
1984,index
1618,index
1447,index
1383,index
1409,index
1546,index
1668,index
1786,index
1525,index
1495,index
1713,index
2086,index
2346,index
2389,index
2289,index
2133,index
2007,index
1897,index
2179,index
2204,index
1980,index
1619,index
1432,index
1369,index
1398,index
1536,index
1674,index
1789,index
1525,index
1493,index
1719,index
2085,index
2344,index
2381,index
2292,index
2139,index
2010,index
1902,index
2186,index
2202,index
1981,index
1615,index
1424,index
1362,index
1395,index
1541,index
1672,index
1787,index
1518,index
1502,index
1727,index
2102,index
2357,index
2389,index
2301,index
2143,index
2013,index
1904,index
2190,index
2206,index
1989,index
1610,index
1417,index
1359,index
1393,index
1540,index
1679,index
1787,index
1513,index
1491,index
1716,index
2091,index
2358,index
2393,index
2305,index
2149,index
2015,index
1904,index
2200,index
2205,index
1972,index
1591,index
1413,index
1359,index
1387,index
1536,index
1675,index
1793,index
1514,index
1489,index
1722,index
2100,index
2375,index
2416,index
2316,index
2149,index
2015,index
1899,index
2199,index
2215,index
1973,index
1593,index
1394,index
1333,index
1368,index
1526,index
1667,index
1792,index
1509,index
1487,index
1723,index
2113,index
2388,index
2425,index
2319,index
2154,index
2019,index
1904,index
2205,index
2213,index
1969,index
1581,index
1390,index
1323,index
1368,index
1526,index
1675,index
1801,index
1501,index
1495,index
1726,index
2125,index
2397,index
2427,index
2321,index
2147,index
2007,index
1893,index
2211,index
2209,index
1970,index
1583,index
1385,index
1321,index
1365,index
1530,index
1675,index
1791,index
1494,index
1482,index
1736,index
2129,index
2405,index
2424,index
2322,index
2151,index
2011,index
1893,index
2212,index
2214,index
1960,index
1573,index
1381,index
1326,index
1366,index
1525,index
1675,index
1800,index
1493,index
1487,index
1754,index
2140,index
2411,index
2428,index
2318,index
2140,index
2008,index
1891,index
2217,index
2215,index
1964,index
1569,index
1375,index
1321,index
1366,index
1524,index
1675,index
1796,index
1491,index
1490,index
1742,index
2147,index
2419,index
2432,index
2305,index
2139,index
2000,index
1893,index
2221,index
2216,index
1958,index
1568,index
1379,index
1323,index
1369,index
1522,index
1682,index
1804,index
1492,index
1485,index
1734,index
2137,index
2410,index
2422,index
2321,index
2153,index
2015,index
1909,index
2228,index
2209,index
1957,index
1562,index
1372,index
1324,index
1366,index
1526,index
1678,index
1806,index
1498,index
1491,index
1744,index
2122,index
2396,index
2412,index
2306,index
2136,index
2011,index
1918,index
2226,index
2211,index
1956,index
1571,index
1374,index
1320,index
1369,index
1531,index
1680,index
1799,index
1494,index
1490,index
1744,index
2132,index
2391,index
2410,index
2302,index
2135,index
2009,index
1900,index
2233,index
2204,index
1956,index
1585,index
1391,index
1336,index
1388,index
1534,index
1676,index
1792,index
1499,index
1507,index
1738,index
2096,index
2375,index
2409,index
2306,index
2141,index
2014,index
1897,index
2206,index
2203,index
1961,index
1592,index
1414,index
1344,index
1396,index
1527,index
1671,index
1805,index
1506,index
1522,index
1751,index
2104,index
2367,index
2382,index
2278,index
2121,index
2011,index
1904,index
2214,index
2185,index
1949,index
1594,index
1421,index
1358,index
1412,index
1560,index
1674,index
1785,index
1511,index
1516,index
1746,index
2112,index
2368,index
2379,index
2277,index
2127,index
1994,index
1885,index
2201,index
2192,index
1954,index
1591,index
1419,index
1362,index
1421,index
1564,index
1704,index
1817,index
1507,index
1510,index
1740,index
2090,index
2348,index
2366,index
2266,index
2126,index
2008,index
1907,index
2216,index
2200,index
1974,index
1632,index
1444,index
1373,index
1399,index
1532,index
1674,index
1779,index
1496,index
1511,index
1743,index
2085,index
2353,index
2362,index
2266,index
2126,index
1995,index
1891,index
2206,index
2175,index
1954,index
1603,index
1436,index
1387,index
1429,index
1563,index
1692,index
1798,index
1509,index
1534,index
1751,index
2102,index
2354,index
2357,index
2259,index
2118,index
2010,index
1912,index
2218,index
2182,index
1941,index
1592,index
1427,index
1387,index
1415,index
1554,index
1691,index
1795,index
1493,index
1501,index
1732,index
2092,index
2348,index
2372,index
2264,index
2123,index
2004,index
1896,index
2221,index
2219,index
1957,index
1592,index
1430,index
1370,index
1412,index
1558,index
1692,index
1815,index
1498,index
1511,index
1742,index
2099,index
2346,index
2366,index
2262,index
2118,index
1997,index
1902,index
2221,index
2192,index
1959,index
1604,index
1413,index
1370,index
1441,index
1567,index
1712,index
1782,index
1466,index
1506,index
1744,index
2097,index
2345,index
2363,index
2273,index
2137,index
1991,index
1905,index
2229,index
2195,index
1935,index
1598,index
1431,index
1367,index
1415,index
1551,index
1686,index
1806,index
1487,index
1525,index
1765,index
2128,index
2369,index
2368,index
2265,index
2126,index
2013,index
1879,index
2218,index
2189,index
1956,index
1578,index
1414,index
1353,index
1417,index
1556,index
1656,index
1783,index
1492,index
1533,index
1759,index
2115,index
2364,index
2380,index
2275,index
2131,index
2004,index
1885,index
2208,index
2191,index
1959,index
1603,index
1399,index
1364,index
1430,index
1572,index
1697,index
1807,index
1489,index
1503,index
1720,index
2087,index
2353,index
2365,index
2271,index
2127,index
2016,index
1916,index
2257,index
2208,index
1935,index
1588,index
1389,index
1337,index
1374,index
1537,index
1709,index
1822,index
1482,index
1515,index
1746,index
2104,index
2365,index
2376,index
2284,index
2157,index
2016,index
1887,index
2220,index
2183,index
1924,index
1595,index
1408,index
1339,index
1395,index
1524,index
1667,index
1792,index
1486,index
1528,index
1789,index
2148,index
2378,index
2382,index
2249,index
2136,index
2026,index
1895,index
2229,index
2209,index
1936,index
1595,index
1410,index
1342,index
1387,index
1529,index
1662,index
1798,index
1475,index
1527,index
1775,index
2135,index
2383,index
2363,index
2279,index
2135,index
1994,index
1866,index
2216,index
2195,index
1944,index
1601,index
1416,index
1362,index
1402,index
1544,index
1701,index
1806,index
1454,index
1523,index
1775,index
2126,index
2361,index
2374,index
2290,index
2157,index
2013,index
1899,index
2246,index
2172,index
1884,index
1578,index
1390,index
1341,index
1405,index
1562,index
1707,index
1813,index
1463,index
1527,index
1780,index
2142,index
2370,index
2380,index
2278,index
2127,index
2002,index
1918,index
2255,index
2180,index
1918,index
1573,index
1399,index
1352,index
1408,index
1549,index
1685,index
1810,index
1475,index
1514,index
1762,index
2138,index
2393,index
2406,index
2262,index
2118,index
1987,index
1894,index
2242,index
2194,index
1947,index
1576,index
1396,index
1339,index
1408,index
1554,index
1685,index
1782,index
1463,index
1510,index
1778,index
2131,index
2372,index
2372,index
2272,index
2134,index
2006,index
1909,index
2241,index
2182,index
1919,index
1575,index
1410,index
1374,index
1411,index
1542,index
1679,index
1828,index
1505,index
1517,index
1784,index
2142,index
2381,index
2376,index
2250,index
2109,index
1995,index
1903,index
2223,index
2148,index
1916,index
1572,index
1396,index
1358,index
1413,index
1565,index
1702,index
1805,index
1480,index
1523,index
1748,index
2105,index
2363,index
2373,index
2278,index
2135,index
2010,index
1942,index
2245,index
2163,index
1920,index
1563,index
1388,index
1367,index
1443,index
1577,index
1701,index
1778,index
1459,index
1531,index
1790,index
2126,index
2379,index
2382,index
2264,index
2120,index
1981,index
1900,index
2250,index
2175,index
1915,index
1572,index
1402,index
1352,index
1413,index
1554,index
1684,index
1781,index
1452,index
1496,index
1753,index
2100,index
2361,index
2378,index
2292,index
2157,index
2010,index
1903,index
2227,index
2163,index
1916,index
1571,index
1395,index
1362,index
1429,index
1565,index
1702,index
1796,index
1467,index
1535,index
1790,index
2138,index
2363,index
2371,index
2273,index
2132,index
2003,index
1924,index
2276,index
2205,index
1930,index
1574,index
1398,index
1347,index
1399,index
1532,index
1673,index
1809,index
1476,index
1535,index
1807,index
2148,index
2390,index
2381,index
2262,index
2122,index
1988,index
1899,index
2260,index
2188,index
1922,index
1563,index
1393,index
1354,index
1420,index
1556,index
1684,index
1775,index
1454,index
1538,index
1815,index
2151,index
2380,index
2372,index
2245,index
2115,index
1987,index
1895,index
2248,index
2187,index
1923,index
1572,index
1404,index
1349,index
1416,index
1564,index
1692,index
1794,index
1450,index
1518,index
1785,index
2134,index
2378,index
2383,index
2267,index
2122,index
1992,index
1909,index
2252,index
2170,index
1907,index
1563,index
1396,index
1347,index
1420,index
1557,index
1697,index
1787,index
1459,index
1526,index
1793,index
2144,index
2377,index
2381,index
2258,index
2120,index
1990,index
1912,index
2250,index
2164,index
1904,index
1566,index
1405,index
1352,index
1418,index
1556,index
1690,index
1791,index
1456,index
1529,index
1798,index
2145,index
2384,index
2384,index
2260,index
2121,index
1994,index
1912,index
2253,index
2168,index
1908,index
1565,index
1393,index
1348,index
1420,index
1561,index
1700,index
1784,index
1452,index
1530,index
1801,index
2151,index
2393,index
2382,index
2262,index
2127,index
1992,index
1916,index
2258,index
2168,index
1897,index
1558,index
1396,index
1349,index
1424,index
1562,index
1700,index
1787,index
1451,index
1521,index
1800,index
2143,index
2384,index
2385,index
2260,index
2120,index
1993,index
1912,index
2255,index
2167,index
1901,index
1554,index
1399,index
1353,index
1417,index
1562,index
1702,index
1783,index
1446,index
1528,index
1807,index
2144,index
2393,index
2389,index
2268,index
2121,index
1979,index
1946,index
2308,index
2189,index
1883,index
1532,index
1347,index
1329,index
1418,index
1546,index
1686,index
1794,index
1459,index
1531,index
1810,index
2159,index
2394,index
2388,index
2259,index
2116,index
1990,index
1927,index
2263,index
2168,index
1889,index
1547,index
1394,index
1349,index
1425,index
1568,index
1700,index
1791,index
1443,index
1528,index
1813,index
2160,index
2389,index
2380,index
2260,index
2116,index
1983,index
1914,index
2261,index
2168,index
1893,index
1557,index
1402,index
1359,index
1425,index
1563,index
1702,index
1777,index
1430,index
1520,index
1803,index
2154,index
2390,index
2386,index
2250,index
2114,index
1981,index
1925,index
2267,index
2168,index
1893,index
1552,index
1400,index
1345,index
1418,index
1568,index
1708,index
1785,index
1448,index
1536,index
1810,index
2156,index
2383,index
2372,index
2251,index
2115,index
1988,index
1931,index
2271,index
2170,index
1887,index
1550,index
1396,index
1350,index
1415,index
1565,index
1702,index
1779,index
1437,index
1534,index
1814,index
2155,index
2385,index
2377,index
2255,index
2111,index
1983,index
1923,index
2258,index
2160,index
1883,index
1543,index
1396,index
1352,index
1426,index
1567,index
1711,index
1791,index
1453,index
1543,index
1826,index
2173,index
2401,index
2386,index
2244,index
2117,index
1982,index
1920,index
2261,index
2159,index
1875,index
1542,index
1383,index
1340,index
1429,index
1570,index
1707,index
1780,index
1446,index
1540,index
1812,index
2160,index
2397,index
2388,index
2253,index
2120,index
1980,index
1926,index
2266,index
2160,index
1874,index
1541,index
1390,index
1355,index
1428,index
1559,index
1702,index
1788,index
1454,index
1546,index
1823,index
2161,index
2397,index
2388,index
2254,index
2114,index
1985,index
1927,index
2258,index
2148,index
1869,index
1539,index
1383,index
1350,index
1435,index
1569,index
1710,index
1786,index
1445,index
1538,index
1828,index
2169,index
2397,index
2381,index
2255,index
2111,index
1983,index
1935,index
2268,index
2152,index
1877,index
1540,index
1387,index
1346,index
1428,index
1562,index
1702,index
1768,index
1444,index
1554,index
1830,index
2170,index
2396,index
2379,index
2245,index
2113,index
1978,index
1931,index
2263,index
2157,index
1871,index
1540,index
1388,index
1349,index
1422,index
1569,index
1713,index
1771,index
1438,index
1539,index
1832,index
2173,index
2395,index
2377,index
2251,index
2120,index
1979,index
1935,index
2270,index
2153,index
1862,index
1544,index
1390,index
1350,index
1437,index
1568,index
1710,index
1766,index
1438,index
1536,index
1831,index
2174,index
2396,index
2377,index
2248,index
2112,index
1988,index
1940,index
2270,index
2158,index
1870,index
1537,index
1386,index
1347,index
1433,index
1568,index
1708,index
1774,index
1444,index
1547,index
1838,index
2175,index
2395,index
2376,index
2242,index
2108,index
1982,index
1938,index
2275,index
2157,index
1864,index
1529,index
1388,index
1346,index
1414,index
1563,index
1715,index
1770,index
1436,index
1545,index
1841,index
2176,index
2400,index
2375,index
2245,index
2109,index
1976,index
1940,index
2274,index
2159,index
1865,index
1539,index
1382,index
1342,index
1431,index
1574,index
1712,index
1764,index
1430,index
1541,index
1832,index
2177,index
2396,index
2379,index
2251,index
2103,index
1981,index
1931,index
2261,index
2151,index
1862,index
1535,index
1387,index
1350,index
1433,index
1567,index
1715,index
1765,index
1431,index
1545,index
1836,index
2180,index
2406,index
2386,index
2249,index
2111,index
1979,index
1948,index
2271,index
2146,index
1857,index
1525,index
1383,index
1348,index
1431,index
1575,index
1715,index
1757,index
1435,index
1551,index
1844,index
2185,index
2395,index
2385,index
2246,index
2107,index
1973,index
1942,index
2277,index
2156,index
1855,index
1525,index
1381,index
1343,index
1430,index
1572,index
1709,index
1762,index
1432,index
1546,index
1846,index
2186,index
2396,index
2376,index
2239,index
2105,index
1973,index
1944,index
2271,index
2154,index
1862,index
1531,index
1390,index
1353,index
1443,index
1575,index
1717,index
1765,index
1437,index
1545,index
1847,index
2177,index
2393,index
2372,index
2240,index
2108,index
1978,index
1950,index
2268,index
2141,index
1852,index
1539,index
1394,index
1347,index
1436,index
1573,index
1706,index
1748,index
1433,index
1548,index
1844,index
2190,index
2412,index
2388,index
2249,index
2106,index
1974,index
1949,index
2278,index
2153,index
1848,index
1522,index
1373,index
1338,index
1435,index
1582,index
1714,index
1750,index
1437,index
1557,index
1852,index
2189,index
2395,index
2376,index
2238,index
2104,index
1975,index
1950,index
2270,index
2139,index
1845,index
1526,index
1387,index
1353,index
1445,index
1577,index
1715,index
1752,index
1437,index
1550,index
1862,index
2194,index
2399,index
2376,index
2239,index
2098,index
1973,index
1958,index
2275,index
2143,index
1841,index
1530,index
1386,index
1342,index
1445,index
1586,index
1727,index
1749,index
1425,index
1548,index
1846,index
2188,index
2408,index
2385,index
2238,index
2106,index
1965,index
1950,index
2265,index
2138,index
1840,index
1523,index
1394,index
1357,index
1449,index
1595,index
1714,index
1753,index
1424,index
1554,index
1866,index
2194,index
2392,index
2366,index
2244,index
2109,index
1972,index
1956,index
2272,index
2150,index
1842,index
1519,index
1371,index
1348,index
1439,index
1579,index
1738,index
1757,index
1435,index
1556,index
1855,index
2179,index
2393,index
2378,index
2244,index
2103,index
1954,index
1957,index
2272,index
2144,index
1854,index
1519,index
1378,index
1350,index
1450,index
1579,index
1713,index
1746,index
1433,index
1557,index
1865,index
2211,index
2409,index
2361,index
2233,index
2102,index
1972,index
1958,index
2266,index
2126,index
1834,index
1522,index
1389,index
1356,index
1450,index
1578,index
1717,index
1742,index
1430,index
1559,index
1867,index
2205,index
2398,index
2370,index
2239,index
2091,index
1970,index
1973,index
2284,index
2143,index
1832,index
1517,index
1373,index
1342,index
1434,index
1587,index
1720,index
1734,index
1415,index
1551,index
1877,index
2210,index
2407,index
2380,index
2231,index
2092,index
1964,index
1980,index
2300,index
2155,index
1829,index
1507,index
1374,index
1341,index
1436,index
1577,index
1717,index
1728,index
1422,index
1538,index
1839,index
2199,index
2420,index
2398,index
2258,index
2102,index
1965,index
1971,index
2276,index
2147,index
1835,index
1545,index
1386,index
1353,index
1433,index
1578,index
1745,index
1737,index
1434,index
1547,index
1849,index
2191,index
2384,index
2350,index
2209,index
2108,index
1982,index
1980,index
2298,index
2162,index
1835,index
1527,index
1378,index
1344,index
1442,index
1561,index
1700,index
1720,index
1428,index
1571,index
1892,index
2208,index
2391,index
2370,index
2236,index
2116,index
1985,index
1974,index
2265,index
2137,index
1834,index
1541,index
1384,index
1355,index
1450,index
1591,index
1740,index
1732,index
1419,index
1540,index
1861,index
2164,index
2382,index
2373,index
2246,index
2114,index
1973,index
1976,index
2271,index
2132,index
1826,index
1511,index
1389,index
1373,index
1475,index
1591,index
1728,index
1732,index
1404,index
1533,index
1862,index
2208,index
2420,index
2399,index
2235,index
2101,index
1964,index
1967,index
2271,index
2147,index
1832,index
1504,index
1363,index
1355,index
1450,index
1581,index
1739,index
1720,index
1406,index
1546,index
1863,index
2215,index
2405,index
2359,index
2212,index
2107,index
1969,index
1971,index
2287,index
2131,index
1816,index
1538,index
1393,index
1350,index
1449,index
1584,index
1733,index
1738,index
1427,index
1548,index
1871,index
2227,index
2397,index
2371,index
2202,index
2071,index
1940,index
1975,index
2291,index
2142,index
1820,index
1519,index
1382,index
1352,index
1457,index
1566,index
1717,index
1760,index
1431,index
1577,index
1882,index
2199,index
2392,index
2363,index
2210,index
2111,index
1979,index
1988,index
2272,index
2130,index
1842,index
1510,index
1393,index
1348,index
1445,index
1591,index
1709,index
1725,index
1425,index
1562,index
1890,index
2214,index
2404,index
2354,index
2229,index
2099,index
1958,index
1992,index
2282,index
2152,index
1823,index
1506,index
1365,index
1338,index
1447,index
1574,index
1715,index
1721,index
1421,index
1548,index
1882,index
2202,index
2397,index
2390,index
2229,index
2106,index
1974,index
1997,index
2290,index
2150,index
1844,index
1504,index
1367,index
1337,index
1439,index
1575,index
1729,index
1722,index
1416,index
1553,index
1877,index
2214,index
2418,index
2378,index
2227,index
2115,index
1973,index
2003,index
2273,index
2148,index
1821,index
1504,index
1373,index
1340,index
1444,index
1566,index
1714,index
1721,index
1430,index
1575,index
1886,index
2235,index
2389,index
2355,index
2224,index
2103,index
1960,index
1992,index
2289,index
2153,index
1803,index
1514,index
1405,index
1368,index
1468,index
1563,index
1711,index
1710,index
1410,index
1548,index
1877,index
2213,index
2404,index
2375,index
2228,index
2094,index
1963,index
2005,index
2293,index
2144,index
1817,index
1497,index
1364,index
1356,index
1456,index
1582,index
1724,index
1715,index
1406,index
1541,index
1885,index
2228,index
2412,index
2365,index
2228,index
2102,index
1965,index
1989,index
2281,index
2148,index
1820,index
1503,index
1381,index
1350,index
1449,index
1586,index
1725,index
1691,index
1418,index
1567,index
1891,index
2235,index
2411,index
2365,index
2216,index
2100,index
1973,index
2013,index
2316,index
2146,index
1793,index
1490,index
1353,index
1342,index
1449,index
1591,index
1734,index
1711,index
1436,index
1579,index
1906,index
2215,index
2375,index
2348,index
2223,index
2094,index
1946,index
1988,index
2295,index
2147,index
1799,index
1503,index
1372,index
1374,index
1463,index
1594,index
1728,index
1708,index
1411,index
1545,index
1887,index
2227,index
2414,index
2371,index
2228,index
2096,index
1958,index
2011,index
2294,index
2139,index
1805,index
1498,index
1364,index
1342,index
1453,index
1585,index
1729,index
1704,index
1419,index
1566,index
1902,index
2229,index
2405,index
2360,index
2217,index
2095,index
1961,index
2007,index
2285,index
2140,index
1824,index
1509,index
1372,index
1335,index
1426,index
1580,index
1741,index
1711,index
1411,index
1551,index
1883,index
2225,index
2401,index
2362,index
2213,index
2090,index
1957,index
2018,index
2326,index
2169,index
1820,index
1497,index
1352,index
1336,index
1466,index
1609,index
1735,index
1697,index
1412,index
1550,index
1896,index
2248,index
2424,index
2375,index
2214,index
2066,index
1940,index
1993,index
2274,index
2116,index
1790,index
1508,index
1399,index
1359,index
1464,index
1596,index
1738,index
1700,index
1413,index
1562,index
1897,index
2233,index
2414,index
2373,index
2212,index
2094,index
1954,index
2006,index
2287,index
2135,index
1798,index
1495,index
1373,index
1351,index
1457,index
1589,index
1730,index
1691,index
1405,index
1571,index
1901,index
2237,index
2412,index
2374,index
2218,index
2093,index
1956,index
2011,index
2287,index
2128,index
1797,index
1497,index
1366,index
1343,index
1457,index
1601,index
1737,index
1696,index
1414,index
1574,index
1910,index
2234,index
2411,index
2364,index
2206,index
2084,index
1956,index
2020,index
2290,index
2129,index
1789,index
1494,index
1376,index
1348,index
1463,index
1595,index
1734,index
1693,index
1416,index
1569,index
1911,index
2239,index
2407,index
2364,index
2217,index
2087,index
1965,index
2026,index
2293,index
2129,index
1787,index
1491,index
1365,index
1345,index
1460,index
1596,index
1733,index
1684,index
1413,index
1564,index
1912,index
2242,index
2414,index
2362,index
2215,index
2086,index
1961,index
2026,index
2296,index
2129,index
1782,index
1489,index
1370,index
1352,index
1457,index
1593,index
1730,index
1695,index
1423,index
1568,index
1913,index
2246,index
2411,index
2362,index
2212,index
2084,index
1951,index
2023,index
2289,index
2125,index
1782,index
1492,index
1363,index
1342,index
1463,index
1599,index
1744,index
1691,index
1419,index
1571,index
1911,index
2237,index
2406,index
2370,index
2216,index
2089,index
1960,index
2031,index
2292,index
2128,index
1782,index
1496,index
1373,index
1340,index
1457,index
1598,index
1735,index
1684,index
1415,index
1568,index
1919,index
2250,index
2413,index
2365,index
2216,index
2086,index
1957,index
2032,index
2288,index
2123,index
1776,index
1493,index
1369,index
1345,index
1462,index
1597,index
1736,index
1686,index
1417,index
1573,index
1919,index
2248,index
2407,index
2368,index
2215,index
2085,index
1954,index
2029,index
2289,index
2122,index
1775,index
1489,index
1367,index
1343,index
1452,index
1597,index
1739,index
1679,index
1415,index
1570,index
1920,index
2243,index
2415,index
2369,index
2208,index
2086,index
1968,index
2044,index
2292,index
2128,index
1778,index
1492,index
1365,index
1347,index
1463,index
1596,index
1743,index
1683,index
1409,index
1564,index
1924,index
2248,index
2411,index
2363,index
2214,index
2093,index
1961,index
2039,index
2291,index
2125,index
1767,index
1485,index
1364,index
1346,index
1461,index
1596,index
1732,index
1669,index
1411,index
1584,index
1926,index
2253,index
2412,index
2360,index
2213,index
2094,index
1962,index
2045,index
2292,index
2124,index
1772,index
1489,index
1355,index
1330,index
1448,index
1590,index
1732,index
1670,index
1425,index
1582,index
1936,index
2261,index
2412,index
2368,index
2210,index
2076,index
1951,index
2036,index
2288,index
2118,index
1770,index
1486,index
1363,index
1347,index
1464,index
1598,index
1741,index
1677,index
1419,index
1581,index
1936,index
2259,index
2415,index
2364,index
2213,index
2086,index
1949,index
2038,index
2288,index
2118,index
1761,index
1486,index
1367,index
1352,index
1469,index
1604,index
1746,index
1666,index
1415,index
1572,index
1926,index
2253,index
2405,index
2358,index
2206,index
2085,index
1952,index
2048,index
2279,index
2116,index
1770,index
1489,index
1367,index
1354,index
1475,index
1603,index
1730,index
1661,index
1418,index
1574,index
1933,index
2259,index
2409,index
2362,index
2211,index
2079,index
1947,index
2036,index
2285,index
2129,index
1769,index
1487,index
1362,index
1347,index
1462,index
1601,index
1743,index
1666,index
1416,index
1575,index
1940,index
2258,index
2415,index
2366,index
2210,index
2083,index
1943,index
2045,index
2285,index
2119,index
1757,index
1480,index
1361,index
1350,index
1475,index
1609,index
1745,index
1661,index
1417,index
1582,index
1950,index
2276,index
2415,index
2355,index
2203,index
2080,index
1940,index
2046,index
2291,index
2121,index
1763,index
1481,index
1357,index
1347,index
1470,index
1603,index
1739,index
1657,index
1419,index
1581,index
1946,index
2265,index
2416,index
2365,index
2208,index
2079,index
1948,index
2054,index
2290,index
2115,index
1750,index
1478,index
1361,index
1342,index
1469,index
1608,index
1746,index
1661,index
1414,index
1586,index
1948,index
2266,index
2417,index
2362,index
2211,index
2082,index
1949,index
2057,index
2284,index
2110,index
1750,index
1472,index
1355,index
1347,index
1471,index
1606,index
1740,index
1650,index
1428,index
1592,index
1954,index
2274,index
2411,index
2350,index
2193,index
2069,index
1944,index
2049,index
2286,index
2118,index
1747,index
1474,index
1361,index
1347,index
1470,index
1609,index
1754,index
1655,index
1418,index
1587,index
1953,index
2271,index
2413,index
2361,index
2198,index
2076,index
1951,index
2055,index
2279,index
2109,index
1745,index
1479,index
1362,index
1352,index
1475,index
1607,index
1751,index
1655,index
1423,index
1591,index
1960,index
2275,index
2415,index
2356,index
2201,index
2073,index
1941,index
2061,index
2286,index
2103,index
1736,index
1469,index
1364,index
1355,index
1480,index
1607,index
1745,index
1646,index
1414,index
1585,index
1953,index
2275,index
2415,index
2359,index
2201,index
2075,index
1941,index
2065,index
2286,index
2109,index
1736,index
1468,index
1362,index
1349,index
1478,index
1619,index
1754,index
1656,index
1417,index
1590,index
1959,index
2277,index
2411,index
2359,index
2204,index
2070,index
1942,index
2071,index
2288,index
2100,index
1735,index
1474,index
1359,index
1345,index
1473,index
1613,index
1749,index
1646,index
1423,index
1586,index
1958,index
2283,index
2405,index
2358,index
2200,index
2067,index
1942,index
2065,index
2280,index
2103,index
1740,index
1465,index
1361,index
1349,index
1474,index
1604,index
1749,index
1647,index
1433,index
1606,index
1964,index
2280,index
2418,index
2355,index
2194,index
2070,index
1938,index
2067,index
2280,index
2105,index
1734,index
1467,index
1357,index
1349,index
1476,index
1614,index
1751,index
1643,index
1423,index
1593,index
1966,index
2288,index
2417,index
2358,index
2198,index
2073,index
1939,index
2069,index
2275,index
2094,index
1728,index
1464,index
1365,index
1346,index
1478,index
1607,index
1750,index
1639,index
1426,index
1595,index
1969,index
2289,index
2417,index
2349,index
2186,index
2066,index
1939,index
2068,index
2272,index
2095,index
1727,index
1467,index
1370,index
1357,index
1477,index
1615,index
1755,index
1643,index
1432,index
1603,index
1972,index
2283,index
2422,index
2362,index
2193,index
2060,index
1936,index
2081,index
2273,index
2093,index
1730,index
1467,index
1363,index
1357,index
1484,index
1622,index
1762,index
1640,index
1422,index
1589,index
1973,index
2282,index
2405,index
2345,index
2192,index
2064,index
1934,index
2076,index
2275,index
2095,index
1738,index
1474,index
1360,index
1354,index
1476,index
1607,index
1753,index
1652,index
1418,index
1594,index
1977,index
2290,index
2405,index
2350,index
2190,index
2062,index
1942,index
2080,index
2286,index
2098,index
1721,index
1470,index
1354,index
1346,index
1478,index
1623,index
1755,index
1623,index
1415,index
1597,index
1978,index
2308,index
2416,index
2357,index
2188,index
2069,index
1947,index
2079,index
2276,index
2094,index
1716,index
1464,index
1346,index
1338,index
1490,index
1619,index
1756,index
1626,index
1423,index
1596,index
1983,index
2305,index
2432,index
2361,index
2189,index
2061,index
1924,index
2078,index
2279,index
2091,index
1723,index
1462,index
1357,index
1364,index
1497,index
1625,index
1750,index
1623,index
1424,index
1604,index
1978,index
2294,index
2415,index
2352,index
2197,index
2065,index
1939,index
2087,index
2276,index
2087,index
1722,index
1470,index
1354,index
1345,index
1485,index
1608,index
1747,index
1615,index
1418,index
1608,index
1988,index
2296,index
2415,index
2342,index
2184,index
2073,index
1940,index
2084,index
2274,index
2094,index
1716,index
1469,index
1355,index
1354,index
1491,index
1631,index
1763,index
1622,index
1419,index
1605,index
1994,index
2293,index
2403,index
2344,index
2198,index
2081,index
1947,index
2089,index
2266,index
2071,index
1702,index
1454,index
1355,index
1348,index
1485,index
1631,index
1779,index
1634,index
1427,index
1596,index
1977,index
2286,index
2398,index
2347,index
2200,index
2071,index
1939,index
2097,index
2271,index
2090,index
1719,index
1463,index
1364,index
1353,index
1498,index
1638,index
1741,index
1611,index
1418,index
1593,index
1986,index
2284,index
2404,index
2350,index
2211,index
2079,index
1946,index
2093,index
2287,index
2103,index
1719,index
1461,index
1346,index
1333,index
1470,index
1622,index
1765,index
1617,index
1415,index
1603,index
1991,index
2300,index
2410,index
2347,index
2187,index
2058,index
1924,index
2115,index
2294,index
2085,index
1704,index
1457,index
1360,index
1368,index
1484,index
1621,index
1755,index
1609,index
1433,index
1610,index
1993,index
2293,index
2412,index
2339,index
2172,index
2061,index
1942,index
2124,index
2309,index
2102,index
1712,index
1453,index
1351,index
1339,index
1472,index
1608,index
1740,index
1608,index
1449,index
1618,index
2005,index
2298,index
2419,index
2345,index
2176,index
2061,index
1928,index
2104,index
2282,index
2103,index
1707,index
1457,index
1369,index
1364,index
1476,index
1604,index
1737,index
1597,index
1442,index
1629,index
1993,index
2291,index
2409,index
2349,index
2202,index
2084,index
1948,index
2104,index
2280,index
2077,index
1693,index
1461,index
1366,index
1357,index
1492,index
1615,index
1754,index
1611,index
1433,index
1600,index
1983,index
2296,index
2412,index
2365,index
2205,index
2089,index
1929,index
2083,index
2268,index
2056,index
1693,index
1461,index
1356,index
1350,index
1483,index
1634,index
1759,index
1601,index
1406,index
1606,index
2003,index
2308,index
2426,index
2374,index
2209,index
2054,index
1932,index
2104,index
2285,index
2095,index
1688,index
1462,index
1366,index
1332,index
1460,index
1613,index
1747,index
1608,index
1426,index
1615,index
2024,index
2297,index
2407,index
2351,index
2189,index
2058,index
1944,index
2121,index
2280,index
2074,index
1695,index
1455,index
1364,index
1355,index
1490,index
1631,index
1755,index
1594,index
1428,index
1622,index
2002,index
2300,index
2415,index
2360,index
2199,index
2050,index
1922,index
2109,index
2259,index
2079,index
1698,index
1472,index
1373,index
1365,index
1492,index
1620,index
1739,index
1570,index
1415,index
1609,index
2005,index
2302,index
2430,index
2364,index
2190,index
2067,index
1954,index
2122,index
2256,index
2076,index
1691,index
1449,index
1358,index
1348,index
1483,index
1624,index
1736,index
1590,index
1437,index
1653,index
2026,index
2332,index
2400,index
2322,index
2180,index
2081,index
1940,index
2133,index
2266,index
2070,index
1695,index
1431,index
1340,index
1354,index
1513,index
1638,index
1756,index
1581,index
1431,index
1613,index
2013,index
2317,index
2420,index
2342,index
2179,index
2056,index
1937,index
2123,index
2264,index
2073,index
1679,index
1455,index
1373,index
1355,index
1473,index
1624,index
1756,index
1589,index
1433,index
1624,index
2006,index
2317,index
2404,index
2343,index
2194,index
2051,index
1937,index
2129,index
2265,index
2057,index
1676,index
1455,index
1342,index
1361,index
1514,index
1661,index
1748,index
1573,index
1419,index
1620,index
2004,index
2315,index
2417,index
2346,index
2186,index
2061,index
1943,index
2138,index
2276,index
2068,index
1674,index
1440,index
1342,index
1355,index
1492,index
1635,index
1757,index
1575,index
1427,index
1630,index
2024,index
2322,index
2410,index
2342,index
2183,index
2042,index
1925,index
2143,index
2275,index
2073,index
1683,index
1449,index
1363,index
1362,index
1498,index
1637,index
1750,index
1568,index
1427,index
1631,index
2022,index
2315,index
2407,index
2339,index
2180,index
2051,index
1925,index
2137,index
2276,index
2072,index
1677,index
1446,index
1345,index
1353,index
1494,index
1638,index
1765,index
1581,index
1432,index
1620,index
2027,index
2324,index
2413,index
2344,index
2187,index
2057,index
1931,index
2141,index
2272,index
2072,index
1676,index
1445,index
1350,index
1354,index
1492,index
1631,index
1764,index
1571,index
1433,index
1624,index
2024,index
2323,index
2414,index
2342,index
2188,index
2057,index
1930,index
2142,index
2269,index
2068,index
1681,index
1451,index
1354,index
1350,index
1491,index
1626,index
1763,index
1564,index
1432,index
1636,index
2026,index
2339,index
2413,index
2340,index
2187,index
2058,index
1929,index
2149,index
2264,index
2064,index
1677,index
1441,index
1355,index
1356,index
1486,index
1625,index
1763,index
1576,index
1443,index
1635,index
2025,index
2323,index
2419,index
2347,index
2182,index
2052,index
1925,index
2145,index
2273,index
2070,index
1672,index
1437,index
1355,index
1345,index
1491,index
1625,index
1755,index
1560,index
1432,index
1630,index
2020,index
2324,index
2412,index
2352,index
2184,index
2050,index
1930,index
2151,index
2267,index
2062,index
1670,index
1442,index
1356,index
1361,index
1501,index
1640,index
1759,index
1562,index
1451,index
1647,index
2039,index
2332,index
2410,index
2344,index
2181,index
2053,index
1926,index
2151,index
2259,index
2055,index
1659,index
1449,index
1353,index
1360,index
1505,index
1638,index
1768,index
1561,index
1444,index
1640,index
2038,index
2332,index
2415,index
2339,index
2179,index
2053,index
1930,index
2158,index
2266,index
2059,index
1664,index
1436,index
1342,index
1345,index
1486,index
1630,index
1761,index
1554,index
1436,index
1643,index
2043,index
2336,index
2418,index
2344,index
2189,index
2057,index
1933,index
2161,index
2262,index
2051,index
1652,index
1430,index
1345,index
1352,index
1496,index
1638,index
1765,index
1553,index
1448,index
1644,index
2038,index
2338,index
2420,index
2344,index
2181,index
2049,index
1932,index
2160,index
2262,index
2048,index
1662,index
1437,index
1353,index
1356,index
1497,index
1636,index
1763,index
1555,index
1434,index
1635,index
2045,index
2342,index
2417,index
2337,index
2177,index
2047,index
1928,index
2163,index
2258,index
2047,index
1658,index
1434,index
1347,index
1355,index
1502,index
1643,index
1772,index
1549,index
1443,index
1642,index
2040,index
2338,index
2417,index
2336,index
2171,index
2044,index
1921,index
2168,index
2259,index
2053,index
1656,index
1434,index
1347,index
1357,index
1507,index
1641,index
1769,index
1551,index
1448,index
1650,index
2049,index
2342,index
2417,index
2338,index
2178,index
2046,index
1927,index
2178,index
2256,index
2042,index
1641,index
1424,index
1345,index
1357,index
1501,index
1643,index
1766,index
1539,index
1455,index
1658,index
2052,index
2345,index
2420,index
2340,index
2174,index
2037,index
1924,index
2167,index
2248,index
2033,index
1647,index
1438,index
1363,index
1367,index
1506,index
1640,index
1768,index
1533,index
1446,index
1660,index
2057,index
2346,index
2419,index
2337,index
2177,index
2043,index
1923,index
2167,index
2248,index
2032,index
1646,index
1429,index
1342,index
1355,index
1498,index
1643,index
1770,index
1537,index
1448,index
1650,index
2057,index
2357,index
2422,index
2331,index
2175,index
2041,index
1928,index
2177,index
2257,index
2035,index
1642,index
1429,index
1346,index
1362,index
1509,index
1654,index
1781,index
1532,index
1445,index
1645,index
2045,index
2338,index
2408,index
2336,index
2178,index
2049,index
1929,index
2178,index
2259,index
2037,index
1646,index
1424,index
1340,index
1360,index
1505,index
1650,index
1779,index
1534,index
1446,index
1657,index
2049,index
2346,index
2415,index
2333,index
2171,index
2042,index
1928,index
2184,index
2251,index
2027,index
1645,index
1436,index
1349,index
1363,index
1514,index
1650,index
1773,index
1525,index
1449,index
1670,index
2068,index
2359,index
2421,index
2335,index
2171,index
2033,index
1916,index
2180,index
2248,index
2021,index
1630,index
1421,index
1337,index
1354,index
1512,index
1650,index
1775,index
1525,index
1454,index
1670,index
2064,index
2354,index
2411,index
2327,index
2169,index
2044,index
1927,index
2185,index
2245,index
2026,index
1638,index
1428,index
1347,index
1367,index
1504,index
1645,index
1767,index
1512,index
1445,index
1668,index
2065,index
2356,index
2417,index
2328,index
2166,index
2032,index
1923,index
2192,index
2250,index
2027,index
1636,index
1416,index
1340,index
1354,index
1507,index
1648,index
1778,index
1523,index
1453,index
1671,index
2074,index
2359,index
2416,index
2329,index
2164,index
2030,index
1917,index
2198,index
2251,index
2029,index
1638,index
1422,index
1347,index
1366,index
1518,index
1653,index
1775,index
1520,index
1457,index
1675,index
2067,index
2355,index
2413,index
2327,index
2164,index
2030,index
1922,index
2199,index
2246,index
2021,index
1634,index
1420,index
1345,index
1369,index
1513,index
1661,index
1781,index
1519,index
1455,index
1679,index
2070,index
2360,index
2414,index
2330,index
2162,index
2026,index
1908,index
2189,index
2244,index
2019,index
1627,index
1429,index
1345,index
1365,index
1513,index
1655,index
1782,index
1515,index
1460,index
1693,index
2078,index
2362,index
2415,index
2328,index
2164,index
2035,index
1919,index
2195,index
2245,index
2009,index
1619,index
1415,index
1345,index
1365,index
1511,index
1649,index
1774,index
1513,index
1463,index
1683,index
2077,index
2361,index
2410,index
2321,index
2163,index
2033,index
1915,index
2196,index
2243,index
2017,index
1625,index
1414,index
1345,index
1367,index
1509,index
1657,index
1778,index
1514,index
1462,index
1685,index
2083,index
2364,index
2413,index
2322,index
2158,index
2029,index
1921,index
2203,index
2244,index
2015,index
1621,index
1417,index
1338,index
1372,index
1518,index
1663,index
1781,index
1508,index
1453,index
1685,index
2075,index
2363,index
2413,index
2322,index
2156,index
2030,index
1924,index
2213,index
2244,index
2005,index
1621,index
1417,index
1347,index
1368,index
1513,index
1659,index
1781,index
1510,index
1466,index
1692,index
2085,index
2362,index
2408,index
2318,index
2164,index
2027,index
1912,index
2209,index
2236,index
1992,index
1615,index
1417,index
1343,index
1367,index
1514,index
1661,index
1781,index
1505,index
1466,index
1690,index
2083,index
2371,index
2417,index
2320,index
2164,index
2028,index
1916,index
2211,index
2236,index
1994,index
1619,index
1411,index
1338,index
1364,index
1515,index
1663,index
1783,index
1498,index
1466,index
1704,index
2087,index
2377,index
2415,index
2320,index
2152,index
2018,index
1903,index
2202,index
2228,index
1990,index
1620,index
1420,index
1354,index
1368,index
1518,index
1661,index
1781,index
1497,index
1469,index
1702,index
2089,index
2368,index
2417,index
2319,index
2165,index
2023,index
1912,index
2216,index
2233,index
1993,index
1609,index
1413,index
1347,index
1371,index
1513,index
1660,index
1787,index
1494,index
1469,index
1703,index
2098,index
2385,index
2409,index
2315,index
2167,index
2025,index
1898,index
2209,index
2227,index
1995,index
1607,index
1411,index
1342,index
1374,index
1518,index
1658,index
1789,index
1501,index
1461,index
1691,index
2090,index
2376,index
2413,index
2323,index
2155,index
2022,index
1919,index
2218,index
2234,index
1991,index
1601,index
1405,index
1351,index
1380,index
1512,index
1658,index
1779,index
1488,index
1473,index
1711,index
2093,index
2371,index
2412,index
2307,index
2169,index
2035,index
1912,index
2224,index
2231,index
1986,index
1611,index
1410,index
1336,index
1370,index
1508,index
1665,index
1766,index
1493,index
1481,index
1713,index
2095,index
2368,index
2412,index
2307,index
2161,index
2022,index
1913,index
2235,index
2237,index
1988,index
1602,index
1405,index
1343,index
1374,index
1516,index
1660,index
1788,index
1490,index
1472,index
1720,index
2097,index
2367,index
2402,index
2299,index
2155,index
2023,index
1905,index
2232,index
2235,index
1982,index
1604,index
1407,index
1350,index
1364,index
1524,index
1674,index
1787,index
1482,index
1470,index
1706,index
2103,index
2376,index
2402,index
2314,index
2165,index
2027,index
1910,index
2225,index
2228,index
1977,index
1601,index
1408,index
1348,index
1382,index
1530,index
1674,index
1783,index
1482,index
1473,index
1706,index
2101,index
2371,index
2406,index
2314,index
2162,index
2021,index
1909,index
2228,index
2222,index
1972,index
1593,index
1412,index
1343,index
1376,index
1522,index
1673,index
1792,index
1479,index
1478,index
1730,index
2102,index
2373,index
2403,index
2301,index
2153,index
2026,index
1920,index
2229,index
2226,index
1990,index
1605,index
1391,index
1322,index
1349,index
1508,index
1671,index
1804,index
1488,index
1481,index
1718,index
2100,index
2394,index
2417,index
2298,index
2137,index
2011,index
1899,index
2218,index
2233,index
1983,index
1624,index
1443,index
1340,index
1372,index
1531,index
1668,index
1784,index
1468,index
1475,index
1719,index
2072,index
2364,index
2427,index
2311,index
2145,index
2015,index
1910,index
2236,index
2195,index
1945,index
1618,index
1437,index
1380,index
1391,index
1528,index
1666,index
1780,index
1462,index
1478,index
1728,index
2104,index
2373,index
2403,index
2301,index
2133,index
2005,index
1899,index
2251,index
2248,index
1978,index
1595,index
1407,index
1337,index
1377,index
1524,index
1692,index
1791,index
1454,index
1458,index
1703,index
2101,index
2395,index
2426,index
2320,index
2152,index
2016,index
1891,index
2239,index
2237,index
1965,index
1585,index
1400,index
1344,index
1389,index
1536,index
1684,index
1769,index
1455,index
1469,index
1738,index
2116,index
2380,index
2382,index
2275,index
2143,index
2024,index
1914,index
2242,index
2235,index
1980,index
1602,index
1414,index
1353,index
1374,index
1522,index
1663,index
1784,index
1461,index
1475,index
1722,index
2108,index
2383,index
2448,index
2345,index
2147,index
2004,index
1889,index
2249,index
2219,index
1955,index
1567,index
1385,index
1327,index
1378,index
1548,index
1668,index
1781,index
1477,index
1491,index
1735,index
2105,index
2371,index
2408,index
2322,index
2170,index
1998,index
1885,index
2249,index
2240,index
1967,index
1629,index
1395,index
1329,index
1361,index
1512,index
1666,index
1774,index
1463,index
1481,index
1746,index
2130,index
2399,index
2405,index
2291,index
2145,index
2010,index
1903,index
2246,index
2200,index
1955,index
1611,index
1407,index
1332,index
1383,index
1535,index
1667,index
1792,index
1456,index
1477,index
1738,index
2114,index
2401,index
2401,index
2279,index
2146,index
2019,index
1904,index
2250,index
2219,index
1977,index
1601,index
1393,index
1331,index
1376,index
1505,index
1662,index
1814,index
1520,index
1494,index
1736,index
2093,index
2370,index
2405,index
2296,index
2140,index
2011,index
1913,index
2275,index
2222,index
1943,index
1580,index
1390,index
1310,index
1385,index
1544,index
1682,index
1797,index
1474,index
1483,index
1751,index
2117,index
2390,index
2386,index
2288,index
2131,index
2022,index
1915,index
2250,index
2205,index
1952,index
1588,index
1402,index
1343,index
1391,index
1536,index
1705,index
1803,index
1457,index
1489,index
1720,index
2093,index
2365,index
2405,index
2307,index
2155,index
2014,index
1914,index
2276,index
2214,index
1944,index
1553,index
1379,index
1332,index
1413,index
1549,index
1688,index
1801,index
1460,index
1488,index
1735,index
2121,index
2382,index
2393,index
2285,index
2145,index
2007,index
1895,index
2250,index
2201,index
1948,index
1599,index
1406,index
1319,index
1382,index
1536,index
1690,index
1806,index
1447,index
1487,index
1763,index
2128,index
2385,index
2394,index
2287,index
2143,index
2010,index
1906,index
2266,index
2220,index
1947,index
1581,index
1382,index
1315,index
1402,index
1555,index
1717,index
1794,index
1432,index
1482,index
1772,index
2123,index
2382,index
2390,index
2293,index
2166,index
2014,index
1918,index
2272,index
2207,index
1914,index
1578,index
1384,index
1350,index
1403,index
1528,index
1670,index
1779,index
1436,index
1498,index
1760,index
2128,index
2394,index
2408,index
2290,index
2138,index
2002,index
1910,index
2270,index
2203,index
1931,index
1576,index
1391,index
1339,index
1396,index
1534,index
1675,index
1787,index
1436,index
1496,index
1766,index
2139,index
2392,index
2396,index
2286,index
2152,index
2011,index
1908,index
2268,index
2200,index
1937,index
1573,index
1392,index
1341,index
1399,index
1540,index
1677,index
1779,index
1435,index
1489,index
1767,index
2128,index
2394,index
2406,index
2288,index
2135,index
2009,index
1923,index
2276,index
2208,index
1927,index
1565,index
1386,index
1333,index
1399,index
1541,index
1681,index
1784,index
1437,index
1497,index
1769,index
2135,index
2396,index
2403,index
2284,index
2137,index
2008,index
1917,index
2265,index
2195,index
1920,index
1562,index
1383,index
1330,index
1405,index
1548,index
1687,index
1791,index
1440,index
1501,index
1778,index
2146,index
2398,index
2397,index
2276,index
2133,index
2005,index
1915,index
2275,index
2197,index
1921,index
1563,index
1395,index
1339,index
1402,index
1542,index
1687,index
1784,index
1432,index
1498,index
1778,index
2136,index
2400,index
2401,index
2280,index
2137,index
2005,index
1916,index
2271,index
2189,index
1907,index
1560,index
1397,index
1334,index
1401,index
1549,index
1687,index
1787,index
1435,index
1505,index
1793,index
2149,index
2403,index
2401,index
2282,index
2133,index
2000,index
1915,index
2282,index
2197,index
1906,index
1563,index
1386,index
1332,index
1398,index
1544,index
1691,index
1787,index
1433,index
1509,index
1790,index
2149,index
2395,index
2397,index
2278,index
2125,index
2001,index
1922,index
2279,index
2188,index
1908,index
1554,index
1386,index
1334,index
1405,index
1547,index
1689,index
1780,index
1423,index
1501,index
1791,index
2156,index
2406,index
2403,index
2277,index
2136,index
2000,index
1927,index
2280,index
2188,index
1903,index
1556,index
1387,index
1329,index
1404,index
1543,index
1686,index
1773,index
1425,index
1507,index
1799,index
2159,index
2406,index
2405,index
2279,index
2135,index
2000,index
1924,index
2269,index
2191,index
1899,index
1551,index
1383,index
1335,index
1404,index
1544,index
1690,index
1779,index
1424,index
1501,index
1793,index
2155,index
2407,index
2407,index
2279,index
2132,index
2001,index
1928,index
2279,index
2183,index
1895,index
1549,index
1386,index
1337,index
1401,index
1545,index
1693,index
1778,index
1423,index
1510,index
1803,index
2163,index
2409,index
2400,index
2273,index
2128,index
1987,index
1922,index
2283,index
2182,index
1881,index
1541,index
1375,index
1332,index
1406,index
1548,index
1691,index
1773,index
1421,index
1512,index
1809,index
2162,index
2409,index
2401,index
2273,index
2134,index
2002,index
1939,index
2287,index
2182,index
1886,index
1544,index
1379,index
1334,index
1410,index
1551,index
1702,index
1777,index
1428,index
1516,index
1814,index
2171,index
2409,index
2396,index
2261,index
2128,index
1996,index
1927,index
2282,index
2180,index
1888,index
1542,index
1379,index
1340,index
1410,index
1550,index
1698,index
1773,index
1423,index
1514,index
1810,index
2167,index
2414,index
2397,index
2266,index
2126,index
1990,index
1931,index
2289,index
2182,index
1880,index
1537,index
1374,index
1333,index
1410,index
1552,index
1690,index
1770,index
1423,index
1521,index
1815,index
2172,index
2409,index
2397,index
2264,index
2123,index
1990,index
1941,index
2288,index
2180,index
1876,index
1538,index
1368,index
1325,index
1415,index
1557,index
1701,index
1767,index
1418,index
1517,index
1820,index
2177,index
2412,index
2399,index
2268,index
2125,index
1995,index
1944,index
2287,index
2168,index
1877,index
1536,index
1382,index
1334,index
1417,index
1552,index
1696,index
1762,index
1413,index
1518,index
1815,index
2182,index
2419,index
2401,index
2259,index
2130,index
2003,index
1956,index
2294,index
2181,index
1875,index
1529,index
1358,index
1322,index
1412,index
1560,index
1695,index
1761,index
1417,index
1530,index
1830,index
2185,index
2422,index
2404,index
2264,index
2122,index
1979,index
1940,index
2285,index
2168,index
1866,index
1538,index
1373,index
1332,index
1420,index
1561,index
1705,index
1761,index
1426,index
1521,index
1830,index
2189,index
2414,index
2392,index
2249,index
2114,index
1985,index
1948,index
2291,index
2170,index
1860,index
1534,index
1380,index
1337,index
1423,index
1560,index
1701,index
1754,index
1421,index
1538,index
1841,index
2191,index
2414,index
2397,index
2256,index
2115,index
1986,index
1952,index
2292,index
2163,index
1859,index
1528,index
1368,index
1326,index
1414,index
1569,index
1710,index
1767,index
1416,index
1529,index
1844,index
2189,index
2419,index
2392,index
2253,index
2117,index
1975,index
1939,index
2283,index
2164,index
1852,index
1531,index
1377,index
1333,index
1420,index
1560,index
1707,index
1752,index
1417,index
1532,index
1842,index
2194,index
2418,index
2396,index
2252,index
2119,index
1985,index
1954,index
2292,index
2162,index
1854,index
1524,index
1370,index
1340,index
1421,index
1558,index
1715,index
1756,index
1418,index
1528,index
1841,index
2197,index
2422,index
2394,index
2256,index
2115,index
1980,index
1962,index
2296,index
2167,index
1849,index
1514,index
1366,index
1328,index
1421,index
1564,index
1708,index
1742,index
1411,index
1545,index
1849,index
2201,index
2414,index
2396,index
2250,index
2114,index
1982,index
1961,index
2294,index
2151,index
1838,index
1513,index
1369,index
1325,index
1416,index
1568,index
1718,index
1758,index
1418,index
1537,index
1851,index
2197,index
2414,index
2398,index
2255,index
2114,index
1982,index
1969,index
2292,index
2156,index
1845,index
1518,index
1371,index
1340,index
1428,index
1571,index
1710,index
1738,index
1413,index
1539,index
1854,index
2199,index
2420,index
2392,index
2241,index
2100,index
1975,index
1971,index
2297,index
2156,index
1835,index
1513,index
1366,index
1331,index
1428,index
1568,index
1711,index
1738,index
1418,index
1538,index
1862,index
2205,index
2416,index
2388,index
2249,index
2108,index
1976,index
1975,index
2299,index
2155,index
1837,index
1508,index
1354,index
1333,index
1434,index
1569,index
1717,index
1737,index
1413,index
1545,index
1857,index
2201,index
2411,index
2391,index
2250,index
2110,index
1975,index
1976,index
2291,index
2154,index
1840,index
1519,index
1365,index
1332,index
1432,index
1575,index
1727,index
1735,index
1411,index
1545,index
1868,index
2211,index
2416,index
2388,index
2244,index
2108,index
1970,index
1979,index
2298,index
2152,index
1826,index
1509,index
1367,index
1333,index
1433,index
1570,index
1717,index
1732,index
1416,index
1549,index
1869,index
2219,index
2419,index
2387,index
2243,index
2111,index
1973,index
1976,index
2291,index
2151,index
1826,index
1492,index
1362,index
1336,index
1439,index
1572,index
1720,index
1729,index
1410,index
1550,index
1873,index
2227,index
2428,index
2386,index
2242,index
2103,index
1969,index
1984,index
2293,index
2142,index
1822,index
1504,index
1365,index
1334,index
1434,index
1568,index
1718,index
1731,index
1421,index
1555,index
1882,index
2221,index
2416,index
2383,index
2235,index
2100,index
1963,index
1994,index
2295,index
2149,index
1817,index
1504,index
1363,index
1336,index
1443,index
1578,index
1728,index
1734,index
1419,index
1550,index
1875,index
2208,index
2404,index
2380,index
2239,index
2106,index
1974,index
1990,index
2296,index
2151,index
1812,index
1499,index
1366,index
1340,index
1439,index
1577,index
1724,index
1726,index
1409,index
1554,index
1882,index
2222,index
2421,index
2391,index
2241,index
2104,index
1966,index
1987,index
2290,index
2144,index
1810,index
1500,index
1366,index
1334,index
1438,index
1577,index
1727,index
1719,index
1412,index
1555,index
1884,index
2225,index
2416,index
2381,index
2238,index
2100,index
1955,index
1991,index
2299,index
2143,index
1805,index
1508,index
1359,index
1336,index
1442,index
1582,index
1742,index
1723,index
1420,index
1562,index
1884,index
2221,index
2403,index
2372,index
2244,index
2104,index
1966,index
1991,index
2289,index
2125,index
1807,index
1499,index
1367,index
1342,index
1452,index
1602,index
1738,index
1717,index
1414,index
1551,index
1878,index
2211,index
2404,index
2376,index
2228,index
2095,index
1964,index
2013,index
2293,index
2135,index
1815,index
1494,index
1362,index
1346,index
1446,index
1583,index
1728,index
1708,index
1414,index
1579,index
1895,index
2225,index
2422,index
2387,index
2228,index
2081,index
1969,index
2007,index
2293,index
2140,index
1798,index
1488,index
1346,index
1324,index
1442,index
1580,index
1731,index
1703,index
1409,index
1566,index
1903,index
2242,index
2424,index
2389,index
2240,index
2095,index
1963,index
2000,index
2289,index
2141,index
1808,index
1500,index
1352,index
1333,index
1446,index
1584,index
1734,index
1709,index
1412,index
1559,index
1910,index
2236,index
2416,index
2384,index
2244,index
2098,index
1956,index
2007,index
2295,index
2139,index
1797,index
1488,index
1361,index
1344,index
1445,index
1583,index
1734,index
1694,index
1405,index
1550,index
1901,index
2247,index
2418,index
2390,index
2237,index
2108,index
1965,index
2016,index
2298,index
2134,index
1788,index
1485,index
1352,index
1327,index
1441,index
1593,index
1738,index
1702,index
1409,index
1555,index
1897,index
2229,index
2417,index
2372,index
2219,index
2102,index
1977,index
2018,index
2318,index
2141,index
1780,index
1488,index
1355,index
1337,index
1451,index
1598,index
1733,index
1677,index
1399,index
1563,index
1930,index
2255,index
2417,index
2369,index
2213,index
2092,index
1956,index
2018,index
2287,index
2125,index
1796,index
1505,index
1369,index
1333,index
1441,index
1582,index
1735,index
1683,index
1397,index
1552,index
1916,index
2264,index
2431,index
2407,index
2235,index
2109,index
1957,index
2013,index
2286,index
2134,index
1780,index
1484,index
1376,index
1356,index
1463,index
1572,index
1707,index
1670,index
1411,index
1563,index
1907,index
2254,index
2421,index
2380,index
2239,index
2111,index
1961,index
2038,index
2281,index
2119,index
1773,index
1492,index
1353,index
1331,index
1441,index
1577,index
1729,index
1684,index
1417,index
1597,index
1927,index
2245,index
2417,index
2367,index
2217,index
2087,index
1952,index
2030,index
2295,index
2143,index
1779,index
1498,index
1355,index
1322,index
1449,index
1600,index
1731,index
1660,index
1401,index
1566,index
1915,index
2259,index
2427,index
2375,index
2232,index
2107,index
1968,index
2032,index
2304,index
2144,index
1780,index
1493,index
1360,index
1336,index
1456,index
1580,index
1733,index
1668,index
1401,index
1592,index
1939,index
2261,index
2429,index
2361,index
2212,index
2085,index
1929,index
2028,index
2308,index
2135,index
1789,index
1491,index
1356,index
1338,index
1454,index
1577,index
1722,index
1679,index
1426,index
1571,index
1920,index
2267,index
2433,index
2372,index
2193,index
2083,index
1945,index
2035,index
2302,index
2127,index
1764,index
1484,index
1367,index
1343,index
1471,index
1606,index
1750,index
1640,index
1386,index
1568,index
1925,index
2263,index
2425,index
2369,index
2207,index
2101,index
1953,index
2050,index
2294,index
2124,index
1755,index
1492,index
1387,index
1354,index
1441,index
1575,index
1723,index
1680,index
1426,index
1558,index
1931,index
2263,index
2432,index
2367,index
2214,index
2092,index
1974,index
2044,index
2289,index
2121,index
1750,index
1486,index
1360,index
1329,index
1460,index
1606,index
1736,index
1640,index
1371,index
1568,index
1926,index
2283,index
2437,index
2380,index
2234,index
2116,index
1958,index
2044,index
2278,index
2114,index
1747,index
1469,index
1351,index
1330,index
1457,index
1622,index
1756,index
1672,index
1413,index
1551,index
1921,index
2264,index
2415,index
2366,index
2212,index
2081,index
1950,index
2061,index
2307,index
2103,index
1761,index
1504,index
1395,index
1313,index
1460,index
1618,index
1758,index
1636,index
1379,index
1572,index
1951,index
2282,index
2428,index
2378,index
2215,index
2069,index
1934,index
2062,index
2299,index
2123,index
1746,index
1462,index
1344,index
1343,index
1498,index
1640,index
1745,index
1615,index
1380,index
1559,index
1936,index
2271,index
2424,index
2370,index
2213,index
2084,index
1946,index
2069,index
2317,index
2137,index
1761,index
1466,index
1325,index
1335,index
1462,index
1602,index
1744,index
1648,index
1402,index
1577,index
1953,index
2282,index
2428,index
2353,index
2212,index
2104,index
1962,index
2072,index
2315,index
2112,index
1726,index
1483,index
1342,index
1327,index
1467,index
1606,index
1747,index
1666,index
1428,index
1560,index
1946,index
2267,index
2398,index
2357,index
2217,index
2087,index
1947,index
2081,index
2306,index
2116,index
1737,index
1462,index
1350,index
1344,index
1467,index
1597,index
1748,index
1655,index
1405,index
1563,index
1957,index
2281,index
2413,index
2371,index
2212,index
2070,index
1944,index
2107,index
2314,index
2109,index
1729,index
1469,index
1363,index
1351,index
1456,index
1594,index
1744,index
1644,index
1399,index
1573,index
1949,index
2267,index
2414,index
2392,index
2241,index
2084,index
1946,index
2076,index
2291,index
2113,index
1731,index
1462,index
1345,index
1329,index
1469,index
1605,index
1726,index
1616,index
1403,index
1621,index
1985,index
2291,index
2410,index
2369,index
2214,index
2079,index
1946,index
2086,index
2307,index
2110,index
1727,index
1465,index
1353,index
1347,index
1466,index
1594,index
1743,index
1624,index
1405,index
1579,index
1960,index
2297,index
2426,index
2366,index
2199,index
2071,index
1953,index
2102,index
2308,index
2108,index
1721,index
1465,index
1346,index
1339,index
1462,index
1603,index
1747,index
1625,index
1406,index
1588,index
1966,index
2294,index
2425,index
2363,index
2203,index
2077,index
1942,index
2091,index
2295,index
2107,index
1729,index
1465,index
1347,index
1343,index
1475,index
1611,index
1746,index
1620,index
1410,index
1588,index
1972,index
2292,index
2418,index
2367,index
2214,index
2079,index
1951,index
2093,index
2294,index
2108,index
1720,index
1460,index
1344,index
1341,index
1474,index
1611,index
1751,index
1619,index
1412,index
1586,index
1981,index
2298,index
2424,index
2365,index
2204,index
2079,index
1951,index
2104,index
2296,index
2105,index
1717,index
1458,index
1350,index
1337,index
1477,index
1606,index
1746,index
1608,index
1410,index
1587,index
1978,index
2299,index
2428,index
2358,index
2198,index
2059,index
1939,index
2110,index
2295,index
2095,index
1714,index
1460,index
1350,index
1339,index
1477,index
1612,index
1748,index
1610,index
1410,index
1591,index
1990,index
2311,index
2430,index
2362,index
2198,index
2070,index
1941,index
2103,index
2291,index
2095,index
1712,index
1455,index
1340,index
1340,index
1478,index
1614,index
1756,index
1616,index
1419,index
1595,index
1982,index
2297,index
2418,index
2356,index
2199,index
2074,index
1945,index
2115,index
2290,index
2098,index
1705,index
1458,index
1342,index
1339,index
1476,index
1611,index
1752,index
1599,index
1412,index
1597,index
1989,index
2316,index
2430,index
2357,index
2200,index
2068,index
1942,index
2112,index
2290,index
2089,index
1701,index
1450,index
1341,index
1339,index
1478,index
1619,index
1755,index
1603,index
1418,index
1604,index
1992,index
2311,index
2431,index
2362,index
2201,index
2068,index
1934,index
2122,index
2295,index
2092,index
1703,index
1451,index
1341,index
1342,index
1476,index
1614,index
1753,index
1592,index
1418,index
1608,index
1999,index
2316,index
2425,index
2357,index
2187,index
2062,index
1935,index
2120,index
2289,index
2086,index
1689,index
1444,index
1341,index
1349,index
1485,index
1625,index
1757,index
1595,index
1417,index
1609,index
2005,index
2319,index
2427,index
2357,index
2193,index
2063,index
1938,index
2129,index
2287,index
2080,index
1690,index
1446,index
1338,index
1334,index
1479,index
1614,index
1763,index
1595,index
1431,index
1613,index
2011,index
2321,index
2425,index
2353,index
2198,index
2070,index
1937,index
2128,index
2284,index
2078,index
1687,index
1446,index
1342,index
1338,index
1478,index
1619,index
1757,index
1588,index
1414,index
1606,index
2008,index
2319,index
2420,index
2356,index
2199,index
2068,index
1935,index
2129,index
2289,index
2086,index
1685,index
1445,index
1344,index
1344,index
1483,index
1624,index
1759,index
1581,index
1421,index
1614,index
2011,index
2323,index
2429,index
2356,index
2187,index
2059,index
1931,index
2134,index
2284,index
2083,index
1684,index
1438,index
1343,index
1342,index
1487,index
1625,index
1758,index
1577,index
1423,index
1618,index
2019,index
2324,index
2420,index
2352,index
2188,index
2056,index
1936,index
2134,index
2281,index
2074,index
1680,index
1443,index
1344,index
1348,index
1488,index
1627,index
1759,index
1572,index
1420,index
1625,index
2022,index
2330,index
2421,index
2354,index
2196,index
2050,index
1924,index
2135,index
2264,index
2057,index
1677,index
1448,index
1348,index
1356,index
1485,index
1631,index
1766,index
1575,index
1429,index
1626,index
2025,index
2332,index
2425,index
2352,index
2187,index
2055,index
1932,index
2141,index
2274,index
2067,index
1671,index
1438,index
1340,index
1347,index
1490,index
1629,index
1762,index
1568,index
1430,index
1622,index
2026,index
2335,index
2423,index
2364,index
2193,index
2062,index
1939,index
2147,index
2267,index
2059,index
1662,index
1430,index
1335,index
1344,index
1493,index
1631,index
1763,index
1573,index
1433,index
1633,index
2032,index
2339,index
2428,index
2357,index
2189,index
2048,index
1924,index
2144,index
2267,index
2055,index
1667,index
1442,index
1345,index
1347,index
1489,index
1631,index
1759,index
1561,index
1435,index
1631,index
2026,index
2335,index
2423,index
2350,index
2188,index
2056,index
1930,index
2155,index
2277,index
2068,index
1662,index
1427,index
1343,index
1344,index
1488,index
1633,index
1760,index
1555,index
1432,index
1630,index
2030,index
2340,index
2423,index
2349,index
2193,index
2059,index
1932,index
2168,index
2282,index
2060,index
1669,index
1432,index
1334,index
1338,index
1480,index
1627,index
1764,index
1556,index
1434,index
1641,index
2038,index
2349,index
2426,index
2349,index
2190,index
2057,index
1928,index
2162,index
2269,index
2055,index
1661,index
1430,index
1337,index
1341,index
1489,index
1633,index
1768,index
1553,index
1434,index
1635,index
2039,index
2339,index
2419,index
2347,index
2177,index
2052,index
1928,index
2164,index
2270,index
2053,index
1651,index
1434,index
1341,index
1348,index
1498,index
1639,index
1770,index
1554,index
1431,index
1636,index
2043,index
2343,index
2419,index
2348,index
2181,index
2057,index
1932,index
2167,index
2271,index
2056,index
1655,index
1424,index
1339,index
1349,index
1493,index
1634,index
1766,index
1536,index
1430,index
1638,index
2049,index
2352,index
2424,index
2346,index
2186,index
2054,index
1928,index
2173,index
2268,index
2043,index
1650,index
1433,index
1343,index
1350,index
1491,index
1638,index
1770,index
1539,index
1434,index
1645,index
2052,index
2355,index
2421,index
2339,index
2180,index
2046,index
1924,index
2174,index
2269,index
2047,index
1645,index
1428,index
1340,index
1345,index
1497,index
1633,index
1763,index
1538,index
1445,index
1652,index
2054,index
2354,index
2433,index
2347,index
2184,index
2050,index
1929,index
2178,index
2265,index
2045,index
1643,index
1424,index
1333,index
1344,index
1500,index
1653,index
1779,index
1536,index
1441,index
1651,index
2057,index
2352,index
2420,index
2339,index
2175,index
2046,index
1929,index
2181,index
2258,index
2035,index
1644,index
1425,index
1340,index
1352,index
1496,index
1637,index
1768,index
1525,index
1446,index
1655,index
2055,index
2363,index
2417,index
2341,index
2171,index
2038,index
1928,index
2187,index
2264,index
2039,index
1644,index
1425,index
1344,index
1357,index
1498,index
1640,index
1770,index
1511,index
1441,index
1664,index
2065,index
2358,index
2421,index
2335,index
2181,index
2042,index
1919,index
2185,index
2257,index
2032,index
1633,index
1418,index
1336,index
1355,index
1507,index
1643,index
1771,index
1523,index
1444,index
1661,index
2070,index
2360,index
2427,index
2340,index
2177,index
2047,index
1925,index
2195,index
2255,index
2026,index
1632,index
1419,index
1341,index
1358,index
1498,index
1642,index
1769,index
1509,index
1438,index
1657,index
2061,index
2366,index
2414,index
2336,index
2180,index
2051,index
1923,index
2198,index
2254,index
2026,index
1640,index
1419,index
1336,index
1353,index
1499,index
1649,index
1773,index
1512,index
1445,index
1671,index
2064,index
2363,index
2421,index
2333,index
2173,index
2039,index
1920,index
2199,index
2254,index
2017,index
1625,index
1417,index
1337,index
1356,index
1506,index
1651,index
1778,index
1511,index
1446,index
1672,index
2071,index
2368,index
2432,index
2339,index
2176,index
2042,index
1919,index
2210,index
2252,index
2008,index
1625,index
1421,index
1343,index
1352,index
1500,index
1649,index
1775,index
1515,index
1452,index
1673,index
2074,index
2357,index
2416,index
2333,index
2174,index
2040,index
1921,index
2197,index
2246,index
2015,index
1628,index
1416,index
1332,index
1354,index
1509,index
1648,index
1767,index
1509,index
1455,index
1676,index
2072,index
2365,index
2424,index
2329,index
2168,index
2031,index
1917,index
2210,index
2251,index
2003,index
1623,index
1413,index
1352,index
1371,index
1509,index
1652,index
1777,index
1496,index
1449,index
1679,index
2085,index
2362,index
2407,index
2326,index
2174,index
2033,index
1916,index
2211,index
2248,index
2014,index
1619,index
1411,index
1334,index
1370,index
1513,index
1650,index
1784,index
1508,index
1462,index
1684,index
2083,index
2371,index
2415,index
2314,index
2154,index
2034,index
1916,index
2213,index
2254,index
2014,index
1623,index
1412,index
1335,index
1365,index
1507,index
1643,index
1770,index
1494,index
1460,index
1686,index
2074,index
2378,index
2426,index
2331,index
2166,index
2037,index
1927,index
2225,index
2247,index
1996,index
1606,index
1399,index
1336,index
1362,index
1501,index
1654,index
1782,index
1506,index
1462,index
1686,index
2071,index
2372,index
2415,index
2320,index
2166,index
2038,index
1918,index
2217,index
2251,index
1993,index
1589,index
1393,index
1332,index
1363,index
1522,index
1675,index
1806,index
1521,index
1473,index
1671,index
2066,index
2355,index
2411,index
2338,index
2168,index
2020,index
1915,index
2213,index
2225,index
2014,index
1625,index
1402,index
1329,index
1373,index
1534,index
1667,index
1769,index
1483,index
1455,index
1694,index
2085,index
2372,index
2426,index
2340,index
2171,index
2032,index
1919,index
2230,index
2240,index
1976,index
1603,index
1402,index
1338,index
1366,index
1522,index
1668,index
1783,index
1487,index
1461,index
1700,index
2090,index
2381,index
2420,index
2315,index
2163,index
2028,index
1903,index
2213,index
2233,index
1987,index
1615,index
1420,index
1346,index
1373,index
1496,index
1640,index
1777,index
1490,index
1460,index
1708,index
2093,index
2381,index
2432,index
2330,index
2164,index
2032,index
1922,index
2221,index
2245,index
1992,index
1578,index
1395,index
1332,index
1385,index
1532,index
1656,index
1787,index
1478,index
1461,index
1694,index
2077,index
2360,index
2412,index
2329,index
2168,index
2027,index
1912,index
2236,index
2240,index
1988,index
1618,index
1427,index
1358,index
1369,index
1491,index
1651,index
1779,index
1468,index
1461,index
1705,index
2099,index
2379,index
2421,index
2333,index
2177,index
2027,index
1907,index
2247,index
2234,index
1976,index
1601,index
1400,index
1337,index
1374,index
1500,index
1637,index
1781,index
1480,index
1479,index
1712,index
2089,index
2387,index
2425,index
2304,index
2150,index
2022,index
1901,index
2241,index
2245,index
2002,index
1619,index
1393,index
1323,index
1359,index
1520,index
1670,index
1793,index
1490,index
1464,index
1734,index
2108,index
2367,index
2407,index
2306,index
2134,index
2034,index
1939,index
2260,index
2233,index
1970,index
1593,index
1376,index
1308,index
1346,index
1522,index
1684,index
1792,index
1483,index
1460,index
1697,index
2088,index
2395,index
2420,index
2318,index
2166,index
2030,index
1920,index
2262,index
2230,index
1971,index
1601,index
1398,index
1338,index
1367,index
1506,index
1651,index
1788,index
1458,index
1463,index
1738,index
2123,index
2402,index
2401,index
2300,index
2142,index
2013,index
1919,index
2271,index
2249,index
1972,index
1574,index
1387,index
1323,index
1368,index
1510,index
1672,index
1819,index
1491,index
1471,index
1733,index
2102,index
2370,index
2391,index
2284,index
2155,index
2036,index
1917,index
2250,index
2232,index
1957,index
1572,index
1396,index
1343,index
1376,index
1522,index
1689,index
1820,index
1479,index
1492,index
1716,index
2083,index
2365,index
2405,index
2296,index
2156,index
2027,index
1912,index
2256,index
2209,index
1950,index
1596,index
1387,index
1318,index
1377,index
1546,index
1690,index
1817,index
1462,index
1464,index
1715,index
2115,index
2395,index
2415,index
2310,index
2144,index
2014,index
1879,index
2248,index
2228,index
1966,index
1602,index
1411,index
1330,index
1386,index
1538,index
1690,index
1781,index
1436,index
1450,index
1724,index
2109,index
2393,index
2414,index
2294,index
2163,index
2048,index
1942,index
2252,index
2227,index
1945,index
1554,index
1390,index
1329,index
1386,index
1527,index
1690,index
1783,index
1455,index
1481,index
1734,index
2113,index
2386,index
2405,index
2295,index
2168,index
2034,index
1922,index
2261,index
2226,index
1946,index
1575,index
1388,index
1325,index
1373,index
1528,index
1676,index
1788,index
1468,index
1466,index
1709,index
2094,index
2386,index
2431,index
2323,index
2161,index
2012,index
1911,index
2259,index
2220,index
1956,index
1576,index
1382,index
1339,index
1382,index
1515,index
1660,index
1791,index
1467,index
1499,index
1736,index
2116,index
2398,index
2421,index
2307,index
2158,index
2025,index
1884,index
2244,index
2226,index
1957,index
1583,index
1394,index
1338,index
1388,index
1531,index
1673,index
1798,index
1453,index
1497,index
1742,index
2102,index
2386,index
2403,index
2291,index
2145,index
2019,index
1923,index
2269,index
2204,index
1950,index
1590,index
1400,index
1334,index
1383,index
1527,index
1669,index
1822,index
1433,index
1457,index
1732,index
2111,index
2363,index
2402,index
2310,index
2163,index
2021,index
1925,index
2272,index
2216,index
1944,index
1591,index
1398,index
1328,index
1379,index
1547,index
1669,index
1772,index
1441,index
1480,index
1741,index
2111,index
2398,index
2425,index
2318,index
2161,index
2008,index
1899,index
2266,index
2237,index
1949,index
1575,index
1388,index
1337,index
1384,index
1526,index
1666,index
1787,index
1441,index
1484,index
1748,index
2121,index
2394,index
2406,index
2295,index
2149,index
2008,index
1911,index
2276,index
2217,index
1942,index
1580,index
1399,index
1342,index
1378,index
1516,index
1669,index
1789,index
1436,index
1478,index
1755,index
2133,index
2400,index
2418,index
2304,index
2134,index
2007,index
1922,index
2283,index
2227,index
1939,index
1572,index
1377,index
1312,index
1369,index
1530,index
1682,index
1795,index
1452,index
1516,index
1793,index
2151,index
2412,index
2405,index
2258,index
2107,index
1996,index
1909,index
2257,index
2185,index
1912,index
1578,index
1396,index
1331,index
1393,index
1537,index
1675,index
1792,index
1453,index
1498,index
1768,index
2140,index
2401,index
2409,index
2297,index
2150,index
2011,index
1918,index
2278,index
2203,index
1925,index
1565,index
1395,index
1343,index
1390,index
1531,index
1670,index
1778,index
1425,index
1491,index
1774,index
2139,index
2407,index
2418,index
2294,index
2147,index
2008,index
1909,index
2263,index
2208,index
1922,index
1569,index
1392,index
1331,index
1388,index
1533,index
1677,index
1784,index
1431,index
1486,index
1764,index
2136,index
2401,index
2413,index
2294,index
2143,index
2008,index
1921,index
2283,index
2196,index
1914,index
1571,index
1388,index
1327,index
1390,index
1541,index
1685,index
1769,index
1416,index
1494,index
1775,index
2139,index
2402,index
2412,index
2290,index
2146,index
2013,index
1927,index
2291,index
2206,index
1916,index
1561,index
1388,index
1331,index
1389,index
1532,index
1679,index
1777,index
1420,index
1493,index
1780,index
2141,index
2405,index
2406,index
2286,index
2143,index
2006,index
1926,index
2290,index
2206,index
1921,index
1575,index
1378,index
1330,index
1390,index
1523,index
1677,index
1787,index
1423,index
1495,index
1783,index
2146,index
2405,index
2411,index
2290,index
2143,index
2006,index
1915,index
2282,index
2213,index
1916,index
1563,index
1384,index
1331,index
1390,index
1531,index
1676,index
1775,index
1428,index
1507,index
1796,index
2152,index
2409,index
2414,index
2281,index
2131,index
1999,index
1933,index
2289,index
2195,index
1906,index
1561,index
1383,index
1331,index
1397,index
1539,index
1685,index
1774,index
1419,index
1497,index
1786,index
2142,index
2401,index
2408,index
2281,index
2139,index
2003,index
1926,index
2294,index
2203,index
1897,index
1553,index
1376,index
1333,index
1401,index
1545,index
1691,index
1775,index
1419,index
1497,index
1787,index
2152,index
2404,index
2407,index
2283,index
2137,index
2005,index
1940,index
2296,index
2199,index
1900,index
1555,index
1377,index
1328,index
1401,index
1547,index
1694,index
1767,index
1419,index
1500,index
1801,index
2158,index
2407,index
2409,index
2276,index
2125,index
1995,index
1935,index
2302,index
2203,index
1892,index
1551,index
1385,index
1330,index
1398,index
1542,index
1687,index
1767,index
1421,index
1496,index
1795,index
2157,index
2408,index
2406,index
2277,index
2133,index
1997,index
1934,index
2288,index
2195,index
1895,index
1547,index
1377,index
1325,index
1395,index
1549,index
1692,index
1774,index
1418,index
1506,index
1798,index
2161,index
2406,index
2403,index
2283,index
2139,index
1996,index
1938,index
2293,index
2190,index
1885,index
1547,index
1380,index
1330,index
1406,index
1553,index
1700,index
1764,index
1404,index
1503,index
1803,index
2161,index
2409,index
2399,index
2272,index
2129,index
2001,index
1949,index
2298,index
2197,index
1892,index
1542,index
1373,index
1325,index
1407,index
1554,index
1694,index
1759,index
1407,index
1505,index
1804,index
2165,index
2415,index
2413,index
2278,index
2130,index
1995,index
1945,index
2293,index
2180,index
1876,index
1536,index
1366,index
1330,index
1414,index
1560,index
1701,index
1770,index
1414,index
1512,index
1813,index
2170,index
2413,index
2400,index
2267,index
2120,index
1989,index
1944,index
2300,index
2186,index
1876,index
1534,index
1380,index
1335,index
1416,index
1554,index
1706,index
1763,index
1411,index
1511,index
1819,index
2173,index
2413,index
2398,index
2265,index
2126,index
2003,index
1953,index
2305,index
2183,index
1871,index
1539,index
1371,index
1330,index
1404,index
1550,index
1693,index
1761,index
1415,index
1513,index
1818,index
2170,index
2409,index
2405,index
2268,index
2128,index
1989,index
1949,index
2303,index
2185,index
1875,index
1538,index
1380,index
1324,index
1408,index
1547,index
1699,index
1761,index
1409,index
1511,index
1825,index
2179,index
2415,index
2405,index
2267,index
2124,index
1990,index
1951,index
2283,index
2161,index
1874,index
1540,index
1372,index
1327,index
1414,index
1557,index
1706,index
1757,index
1412,index
1512,index
1827,index
2182,index
2414,index
2400,index
2263,index
2126,index
1989,index
1944,index
2302,index
2182,index
1859,index
1533,index
1383,index
1326,index
1413,index
1562,index
1704,index
1754,index
1408,index
1520,index
1834,index
2185,index
2420,index
2405,index
2270,index
2132,index
1992,index
1956,index
2300,index
2180,index
1864,index
1534,index
1373,index
1323,index
1408,index
1556,index
1711,index
1755,index
1403,index
1513,index
1831,index
2186,index
2416,index
2400,index
2266,index
2122,index
1981,index
1971,index
2324,index
2186,index
1865,index
1532,index
1368,index
1330,index
1408,index
1549,index
1699,index
1751,index
1408,index
1514,index
1838,index
2184,index
2410,index
2398,index
2259,index
2120,index
1982,index
1957,index
2304,index
2178,index
1856,index
1518,index
1369,index
1323,index
1411,index
1562,index
1703,index
1739,index
1398,index
1517,index
1833,index
2181,index
2417,index
2397,index
2264,index
2123,index
1988,index
1970,index
2308,index
2179,index
1852,index
1524,index
1364,index
1320,index
1420,index
1563,index
1704,index
1734,index
1402,index
1523,index
1842,index
2192,index
2421,index
2401,index
2267,index
2124,index
1984,index
1970,index
2310,index
2174,index
1848,index
1520,index
1363,index
1323,index
1411,index
1555,index
1699,index
1731,index
1406,index
1523,index
1842,index
2197,index
2427,index
2398,index
2254,index
2121,index
1982,index
1976,index
2311,index
2172,index
1842,index
1520,index
1375,index
1332,index
1422,index
1559,index
1705,index
1737,index
1400,index
1525,index
1849,index
2201,index
2424,index
2396,index
2249,index
2120,index
1985,index
1984,index
2301,index
2168,index
1847,index
1523,index
1369,index
1324,index
1425,index
1564,index
1707,index
1730,index
1393,index
1523,index
1854,index
2201,index
2433,index
2400,index
2251,index
2116,index
1977,index
1975,index
2318,index
2177,index
1838,index
1519,index
1371,index
1334,index
1421,index
1566,index
1709,index
1728,index
1398,index
1530,index
1854,index
2204,index
2417,index
2403,index
2258,index
2115,index
1977,index
1971,index
2304,index
2170,index
1841,index
1513,index
1365,index
1325,index
1427,index
1573,index
1715,index
1727,index
1395,index
1529,index
1857,index
2205,index
2417,index
2391,index
2257,index
2115,index
1970,index
1980,index
2308,index
2173,index
1840,index
1516,index
1370,index
1325,index
1429,index
1564,index
1709,index
1720,index
1398,index
1533,index
1860,index
2207,index
2419,index
2398,index
2259,index
2119,index
1975,index
1980,index
2306,index
2174,index
1838,index
1518,index
1364,index
1334,index
1422,index
1567,index
1708,index
1718,index
1397,index
1529,index
1856,index
2221,index
2436,index
2398,index
2258,index
2113,index
1961,index
1978,index
2300,index
2163,index
1831,index
1514,index
1367,index
1337,index
1434,index
1559,index
1712,index
1715,index
1393,index
1525,index
1861,index
2210,index
2417,index
2402,index
2254,index
2114,index
1976,index
1995,index
2312,index
2165,index
1822,index
1519,index
1376,index
1342,index
1435,index
1574,index
1709,index
1697,index
1395,index
1540,index
1858,index
2202,index
2412,index
2384,index
2256,index
2125,index
1975,index
1994,index
2305,index
2162,index
1826,index
1519,index
1378,index
1342,index
1436,index
1559,index
1705,index
1712,index
1387,index
1528,index
1865,index
2215,index
2436,index
2404,index
2253,index
2114,index
1970,index
1985,index
2308,index
2157,index
1816,index
1512,index
1370,index
1326,index
1433,index
1578,index
1722,index
1714,index
1400,index
1545,index
1874,index
2213,index
2413,index
2379,index
2238,index
2105,index
1960,index
2010,index
2325,index
2166,index
1819,index
1507,index
1374,index
1344,index
1436,index
1571,index
1716,index
1698,index
1393,index
1539,index
1867,index
2201,index
2411,index
2377,index
2231,index
2101,index
1977,index
2028,index
2337,index
2179,index
1819,index
1521,index
1361,index
1324,index
1425,index
1573,index
1721,index
1698,index
1385,index
1525,index
1871,index
2211,index
2401,index
2396,index
2258,index
2119,index
1977,index
2009,index
2311,index
2146,index
1819,index
1504,index
1372,index
1344,index
1431,index
1579,index
1716,index
1703,index
1394,index
1522,index
1875,index
2250,index
2441,index
2373,index
2218,index
2103,index
1969,index
2009,index
2313,index
2160,index
1817,index
1510,index
1360,index
1332,index
1438,index
1570,index
1719,index
1701,index
1396,index
1529,index
1875,index
2237,index
2426,index
2398,index
2244,index
2096,index
1962,index
2015,index
2307,index
2152,index
1798,index
1518,index
1393,index
1340,index
1426,index
1571,index
1729,index
1690,index
1389,index
1535,index
1876,index
2228,index
2420,index
2387,index
2263,index
2126,index
1950,index
1986,index
2304,index
2176,index
1829,index
1503,index
1358,index
1332,index
1446,index
1574,index
1709,index
1681,index
1381,index
1539,index
1889,index
2234,index
2422,index
2376,index
2242,index
2103,index
1977,index
2031,index
2331,index
2155,index
1789,index
1502,index
1370,index
1344,index
1445,index
1587,index
1720,index
1672,index
1366,index
1531,index
1885,index
2233,index
2436,index
2409,index
2247,index
2110,index
1960,index
2000,index
2306,index
2149,index
1792,index
1515,index
1367,index
1335,index
1445,index
1583,index
1712,index
1672,index
1388,index
1552,index
1899,index
2244,index
2429,index
2394,index
2248,index
2113,index
1985,index
2032,index
2311,index
2138,index
1783,index
1501,index
1345,index
1331,index
1433,index
1583,index
1719,index
1683,index
1394,index
1539,index
1883,index
2234,index
2430,index
2384,index
2237,index
2111,index
1984,index
2034,index
2310,index
2147,index
1797,index
1508,index
1365,index
1327,index
1447,index
1581,index
1717,index
1668,index
1382,index
1536,index
1900,index
2243,index
2436,index
2395,index
2226,index
2107,index
1972,index
2043,index
2310,index
2157,index
1811,index
1502,index
1359,index
1333,index
1423,index
1573,index
1712,index
1662,index
1379,index
1554,index
1910,index
2253,index
2429,index
2367,index
2237,index
2108,index
1956,index
2034,index
2340,index
2150,index
1801,index
1508,index
1369,index
1308,index
1427,index
1570,index
1693,index
1677,index
1398,index
1543,index
1895,index
2226,index
2407,index
2369,index
2248,index
2131,index
2004,index
2033,index
2300,index
2148,index
1787,index
1498,index
1363,index
1349,index
1454,index
1586,index
1722,index
1665,index
1396,index
1571,index
1910,index
2237,index
2422,index
2390,index
2252,index
2120,index
1936,index
2013,index
2295,index
2133,index
1782,index
1479,index
1360,index
1338,index
1447,index
1591,index
1734,index
1670,index
1382,index
1545,index
1924,index
2252,index
2420,index
2371,index
2246,index
2097,index
1971,index
2043,index
2310,index
2152,index
1785,index
1494,index
1362,index
1331,index
1446,index
1603,index
1721,index
1656,index
1398,index
1545,index
1907,index
2243,index
2414,index
2379,index
2237,index
2113,index
1977,index
2042,index
2313,index
2148,index
1777,index
1490,index
1361,index
1337,index
1444,index
1583,index
1726,index
1664,index
1396,index
1541,index
1924,index
2243,index
2426,index
2386,index
2224,index
2083,index
1956,index
2066,index
2336,index
2162,index
1778,index
1484,index
1353,index
1322,index
1447,index
1571,index
1704,index
1654,index
1396,index
1568,index
1910,index
2261,index
2432,index
2378,index
2238,index
2106,index
1965,index
2053,index
2308,index
2139,index
1787,index
1499,index
1364,index
1320,index
1429,index
1578,index
1740,index
1670,index
1387,index
1555,index
1909,index
2235,index
2405,index
2380,index
2234,index
2100,index
1964,index
2059,index
2321,index
2143,index
1777,index
1505,index
1350,index
1322,index
1444,index
1597,index
1742,index
1657,index
1389,index
1538,index
1914,index
2253,index
2421,index
2379,index
2228,index
2103,index
1971,index
2063,index
2314,index
2142,index
1784,index
1502,index
1363,index
1335,index
1448,index
1587,index
1731,index
1651,index
1375,index
1544,index
1914,index
2244,index
2417,index
2387,index
2237,index
2101,index
1957,index
2062,index
2314,index
2144,index
1774,index
1496,index
1370,index
1347,index
1458,index
1587,index
1726,index
1635,index
1362,index
1541,index
1922,index
2256,index
2422,index
2378,index
2225,index
2098,index
1964,index
2070,index
2322,index
2146,index
1768,index
1493,index
1354,index
1334,index
1453,index
1585,index
1728,index
1647,index
1390,index
1551,index
1928,index
2266,index
2433,index
2385,index
2222,index
2094,index
1962,index
2072,index
2321,index
2144,index
1770,index
1480,index
1347,index
1329,index
1456,index
1590,index
1730,index
1640,index
1391,index
1556,index
1929,index
2262,index
2422,index
2376,index
2226,index
2091,index
1959,index
2072,index
2315,index
2138,index
1768,index
1492,index
1356,index
1340,index
1452,index
1586,index
1734,index
1637,index
1391,index
1555,index
1920,index
2264,index
2425,index
2374,index
2220,index
2093,index
1961,index
2077,index
2312,index
2135,index
1764,index
1490,index
1356,index
1332,index
1455,index
1590,index
1737,index
1640,index
1394,index
1551,index
1935,index
2266,index
2429,index
2374,index
2214,index
2086,index
1964,index
2081,index
2317,index
2138,index
1758,index
1486,index
1354,index
1333,index
1457,index
1597,index
1735,index
1637,index
1389,index
1552,index
1935,index
2265,index
2417,index
2373,index
2220,index
2096,index
1958,index
2073,index
2309,index
2140,index
1757,index
1481,index
1357,index
1332,index
1461,index
1595,index
1730,index
1633,index
1393,index
1560,index
1940,index
2270,index
2423,index
2376,index
2216,index
2093,index
1960,index
2084,index
2315,index
2132,index
1755,index
1477,index
1352,index
1331,index
1455,index
1589,index
1736,index
1630,index
1389,index
1563,index
1940,index
2270,index
2423,index
2374,index
2223,index
2093,index
1958,index
2086,index
2313,index
2127,index
1754,index
1481,index
1352,index
1330,index
1462,index
1603,index
1733,index
1620,index
1392,index
1569,index
1948,index
2274,index
2427,index
2369,index
2213,index
2089,index
1955,index
2089,index
2313,index
2133,index
1752,index
1483,index
1352,index
1328,index
1456,index
1595,index
1737,index
1617,index
1388,index
1561,index
1948,index
2272,index
2418,index
2371,index
2217,index
2090,index
1957,index
2091,index
2315,index
2131,index
1746,index
1482,index
1356,index
1336,index
1454,index
1596,index
1736,index
1628,index
1393,index
1567,index
1948,index
2278,index
2417,index
2371,index
2217,index
2084,index
1959,index
2097,index
2318,index
2125,index
1743,index
1477,index
1350,index
1330,index
1458,index
1599,index
1738,index
1619,index
1392,index
1565,index
1949,index
2276,index
2418,index
2373,index
2221,index
2091,index
1961,index
2096,index
2314,index
2130,index
1738,index
1477,index
1354,index
1334,index
1459,index
1594,index
1737,index
1619,index
1389,index
1564,index
1949,index
2283,index
2432,index
2375,index
2218,index
2087,index
1954,index
2104,index
2315,index
2127,index
1730,index
1472,index
1353,index
1337,index
1462,index
1598,index
1738,index
1616,index
1397,index
1569,index
1960,index
2282,index
2424,index
2377,index
2211,index
2082,index
1955,index
2101,index
2311,index
2115,index
1735,index
1473,index
1349,index
1331,index
1461,index
1599,index
1736,index
1609,index
1387,index
1563,index
1948,index
2292,index
2434,index
2376,index
2214,index
2083,index
1951,index
2106,index
2312,index
2122,index
1732,index
1469,index
1349,index
1334,index
1469,index
1609,index
1747,index
1611,index
1390,index
1569,index
1966,index
2292,index
2427,index
2369,index
2212,index
2080,index
1950,index
2108,index
2305,index
2113,index
1726,index
1470,index
1348,index
1335,index
1469,index
1601,index
1738,index
1606,index
1393,index
1566,index
1968,index
2290,index
2430,index
2376,index
2214,index
2084,index
1948,index
2099,index
2303,index
2119,index
1269,thumb
1381,thumb
1722,thumb
2131,thumb
2416,thumb
2424,thumb
2305,thumb
2168,thumb
2031,thumb
2020,thumb
2439,thumb
2314,thumb
1963,thumb
1574,thumb
1380,thumb
1310,thumb
1384,thumb
1518,thumb
1660,thumb
1684,thumb
1270,thumb
1379,thumb
1719,thumb
2126,thumb
2411,thumb
2420,thumb
2302,thumb
2173,thumb
2034,thumb
2018,thumb
2434,thumb
2312,thumb
1968,thumb
1577,thumb
1384,thumb
1315,thumb
1386,thumb
1515,thumb
1661,thumb
1693,thumb
1280,thumb
1383,thumb
1716,thumb
2118,thumb
2401,thumb
2414,thumb
2295,thumb
2169,thumb
2033,thumb
2021,thumb
2429,thumb
2310,thumb
1969,thumb
1588,thumb
1394,thumb
1319,thumb
1389,thumb
1518,thumb
1663,thumb
1690,thumb
1286,thumb
1390,thumb
1718,thumb
2112,thumb
2393,thumb
2410,thumb
2296,thumb
2170,thumb
2038,thumb
2019,thumb
2430,thumb
2311,thumb
1974,thumb
1589,thumb
1395,thumb
1321,thumb
1398,thumb
1525,thumb
1657,thumb
1691,thumb
1295,thumb
1397,thumb
1713,thumb
2100,thumb
2377,thumb
2394,thumb
2287,thumb
2164,thumb
2032,thumb
2011,thumb
2407,thumb
2287,thumb
1966,thumb
1596,thumb
1419,thumb
1351,thumb
1413,thumb
1537,thumb
1668,thumb
1700,thumb
1309,thumb
1403,thumb
1718,thumb
2092,thumb
2360,thumb
2375,thumb
2268,thumb
2155,thumb
2028,thumb
2009,thumb
2399,thumb
2284,thumb
1972,thumb
1611,thumb
1425,thumb
1355,thumb
1414,thumb
1528,thumb
1668,thumb
1701,thumb
1319,thumb
1412,thumb
1722,thumb
2082,thumb
2355,thumb
2361,thumb
2257,thumb
2147,thumb
2026,thumb
2007,thumb
2387,thumb
2281,thumb
1975,thumb
1618,thumb
1436,thumb
1372,thumb
1438,thumb
1540,thumb
1665,thumb
1705,thumb
1324,thumb
1424,thumb
1722,thumb
2073,thumb
2338,thumb
2356,thumb
2253,thumb
2140,thumb
2023,thumb
2001,thumb
2382,thumb
2278,thumb
1971,thumb
1625,thumb
1451,thumb
1385,thumb
1444,thumb
1556,thumb
1674,thumb
1719,thumb
1342,thumb
1431,thumb
1710,thumb
2064,thumb
2321,thumb
2336,thumb
2238,thumb
2129,thumb
2018,thumb
2000,thumb
2363,thumb
2261,thumb
1977,thumb
1637,thumb
1467,thumb
1407,thumb
1451,thumb
1568,thumb
1683,thumb
1722,thumb
1353,thumb
1444,thumb
1720,thumb
2069,thumb
2305,thumb
2322,thumb
2221,thumb
2121,thumb
2014,thumb
1987,thumb
2356,thumb
2249,thumb
1963,thumb
1645,thumb
1481,thumb
1412,thumb
1466,thumb
1572,thumb
1684,thumb
1717,thumb
1351,thumb
1443,thumb
1725,thumb
2054,thumb
2298,thumb
2317,thumb
2222,thumb
2116,thumb
2012,thumb
1989,thumb
2351,thumb
2251,thumb
1973,thumb
1642,thumb
1483,thumb
1420,thumb
1473,thumb
1569,thumb
1683,thumb
1724,thumb
1361,thumb
1446,thumb
1714,thumb
2053,thumb
2297,thumb
2312,thumb
2220,thumb
2115,thumb
2008,thumb
1989,thumb
2354,thumb
2248,thumb
1974,thumb
1648,thumb
1480,thumb
1418,thumb
1469,thumb
1573,thumb
1688,thumb
1730,thumb
1364,thumb
1448,thumb
1718,thumb
2051,thumb
2293,thumb
2312,thumb
2214,thumb
2117,thumb
2004,thumb
1983,thumb
2368,thumb
2260,thumb
1986,thumb
1652,thumb
1480,thumb
1414,thumb
1465,thumb
1574,thumb
1674,thumb
1713,thumb
1353,thumb
1446,thumb
1715,thumb
2028,thumb
2284,thumb
2316,thumb
2228,thumb
2125,thumb
2012,thumb
1988,thumb
2356,thumb
2262,thumb
1985,thumb
1652,thumb
1491,thumb
1412,thumb
1463,thumb
1568,thumb
1681,thumb
1703,thumb
1343,thumb
1440,thumb
1712,thumb
2046,thumb
2273,thumb
2301,thumb
2216,thumb
2147,thumb
2073,thumb
2032,thumb
2363,thumb
2241,thumb
1978,thumb
1635,thumb
1461,thumb
1388,thumb
1423,thumb
1547,thumb
1691,thumb
1735,thumb
1332,thumb
1417,thumb
1683,thumb
2020,thumb
2309,thumb
2334,thumb
2274,thumb
2178,thumb
2066,thumb
1985,thumb
2331,thumb
2243,thumb
1999,thumb
1685,thumb
1508,thumb
1415,thumb
1457,thumb
1622,thumb
1687,thumb
1673,thumb
1267,thumb
1375,thumb
1691,thumb
2054,thumb
2310,thumb
2360,thumb
2276,thumb
2134,thumb
1946,thumb
1908,thumb
2371,thumb
2314,thumb
2049,thumb
1671,thumb
1454,thumb
1348,thumb
1377,thumb
1493,thumb
1642,thumb
1717,thumb
1325,thumb
1448,thumb
1724,thumb
2089,thumb
2396,thumb
2404,thumb
2255,thumb
2127,thumb
2028,thumb
2001,thumb
2425,thumb
2340,thumb
2035,thumb
1646,thumb
1401,thumb
1315,thumb
1363,thumb
1479,thumb
1636,thumb
1726,thumb
1307,thumb
1378,thumb
1674,thumb
2069,thumb
2376,thumb
2413,thumb
2315,thumb
2184,thumb
2050,thumb
2000,thumb
2434,thumb
2332,thumb
2005,thumb
1611,thumb
1400,thumb
1298,thumb
1363,thumb
1495,thumb
1634,thumb
1704,thumb
1272,thumb
1357,thumb
1668,thumb
2073,thumb
2414,thumb
2479,thumb
2328,thumb
2204,thumb
2096,thumb
1985,thumb
2424,thumb
2327,thumb
2020,thumb
1641,thumb
1412,thumb
1308,thumb
1341,thumb
1440,thumb
1589,thumb
1701,thumb
1244,thumb
1356,thumb
1671,thumb
2095,thumb
2426,thumb
2472,thumb
2331,thumb
2186,thumb
2035,thumb
1994,thumb
2439,thumb
2346,thumb
2005,thumb
1595,thumb
1359,thumb
1262,thumb
1332,thumb
1437,thumb
1597,thumb
1695,thumb
1296,thumb
1411,thumb
1714,thumb
2127,thumb
2465,thumb
2515,thumb
2376,thumb
2205,thumb
2063,thumb
2019,thumb
2406,thumb
2284,thumb
1920,thumb
1488,thumb
1318,thumb
1288,thumb
1394,thumb
1590,thumb
1744,thumb
1814,thumb
1328,thumb
1315,thumb
1665,thumb
2117,thumb
2421,thumb
2427,thumb
2313,thumb
2173,thumb
2039,thumb
1975,thumb
2416,thumb
2277,thumb
1974,thumb
1584,thumb
1383,thumb
1290,thumb
1365,thumb
1500,thumb
1621,thumb
1714,thumb
1277,thumb
1329,thumb
1642,thumb
2094,thumb
2428,thumb
2480,thumb
2345,thumb
2214,thumb
2083,thumb
2057,thumb
2471,thumb
2339,thumb
2009,thumb
1586,thumb
1361,thumb
1294,thumb
1346,thumb
1488,thumb
1616,thumb
1688,thumb
1233,thumb
1308,thumb
1649,thumb
2135,thumb
2492,thumb
2535,thumb
2340,thumb
2153,thumb
2027,thumb
1957,thumb
2385,thumb
2329,thumb
2078,thumb
1635,thumb
1423,thumb
1319,thumb
1365,thumb
1475,thumb
1626,thumb
1720,thumb
1302,thumb
1325,thumb
1640,thumb
2057,thumb
2385,thumb
2437,thumb
2355,thumb
2228,thumb
2058,thumb
1947,thumb
2396,thumb
2288,thumb
2002,thumb
1608,thumb
1417,thumb
1359,thumb
1385,thumb
1505,thumb
1655,thumb
1742,thumb
1289,thumb
1347,thumb
1684,thumb
2085,thumb
2381,thumb
2398,thumb
2295,thumb
2152,thumb
2059,thumb
1979,thumb
2413,thumb
2361,thumb
2085,thumb
1617,thumb
1382,thumb
1290,thumb
1321,thumb
1457,thumb
1620,thumb
1743,thumb
1357,thumb
1362,thumb
1715,thumb
2067,thumb
2291,thumb
2347,thumb
2295,thumb
2222,thumb
2144,thumb
2034,thumb
2400,thumb
2294,thumb
2047,thumb
1754,thumb
1555,thumb
1357,thumb
1343,thumb
1462,thumb
1599,thumb
1692,thumb
1277,thumb
1339,thumb
1624,thumb
2007,thumb
2310,thumb
2363,thumb
2268,thumb
2184,thumb
2084,thumb
2048,thumb
2433,thumb
2318,thumb
1992,thumb
1625,thumb
1496,thumb
1414,thumb
1428,thumb
1491,thumb
1617,thumb
1727,thumb
1327,thumb
1395,thumb
1674,thumb
2021,thumb
2333,thumb
2420,thumb
2290,thumb
2119,thumb
1984,thumb
1893,thumb
2332,thumb
2313,thumb
2085,thumb
1753,thumb
1521,thumb
1383,thumb
1382,thumb
1469,thumb
1671,thumb
1793,thumb
1321,thumb
1370,thumb
1669,thumb
1999,thumb
2259,thumb
2309,thumb
2227,thumb
2185,thumb
2130,thumb
2144,thumb
2405,thumb
2250,thumb
1985,thumb
1625,thumb
1451,thumb
1393,thumb
1455,thumb
1544,thumb
1620,thumb
1724,thumb
1315,thumb
1389,thumb
1714,thumb
2057,thumb
2313,thumb
2326,thumb
2233,thumb
2156,thumb
2046,thumb
1938,thumb
2300,thumb
2282,thumb
2047,thumb
1669,thumb
1475,thumb
1378,thumb
1401,thumb
1497,thumb
1616,thumb
1717,thumb
1357,thumb
1499,thumb
1779,thumb
2114,thumb
2335,thumb
2359,thumb
2246,thumb
2119,thumb
2012,thumb
1937,thumb
2340,thumb
2262,thumb
1991,thumb
1661,thumb
1477,thumb
1394,thumb
1429,thumb
1528,thumb
1634,thumb
1744,thumb
1407,thumb
1478,thumb
1675,thumb
1992,thumb
2270,thumb
2284,thumb
2214,thumb
2106,thumb
2026,thumb
2062,thumb
2475,thumb
2285,thumb
1977,thumb
1616,thumb
1442,thumb
1383,thumb
1495,thumb
1607,thumb
1703,thumb
1745,thumb
1384,thumb
1442,thumb
1659,thumb
2035,thumb
2325,thumb
2267,thumb
2231,thumb
2176,thumb
2025,thumb
1942,thumb
2313,thumb
2251,thumb
1985,thumb
1637,thumb
1470,thumb
1408,thumb
1444,thumb
1554,thumb
1706,thumb
1746,thumb
1371,thumb
1456,thumb
1690,thumb
2011,thumb
2258,thumb
2281,thumb
2233,thumb
2158,thumb
2056,thumb
1943,thumb
2327,thumb
2295,thumb
2040,thumb
1653,thumb
1470,thumb
1416,thumb
1457,thumb
1560,thumb
1657,thumb
1752,thumb
1381,thumb
1419,thumb
1698,thumb
2034,thumb
2306,thumb
2323,thumb
2212,thumb
2111,thumb
2010,thumb
1935,thumb
2327,thumb
2271,thumb
2013,thumb
1671,thumb
1474,thumb
1386,thumb
1400,thumb
1527,thumb
1667,thumb
1781,thumb
1408,thumb
1469,thumb
1746,thumb
2039,thumb
2301,thumb
2335,thumb
2290,thumb
2192,thumb
2038,thumb
1917,thumb
2278,thumb
2230,thumb
1997,thumb
1641,thumb
1476,thumb
1350,thumb
1378,thumb
1495,thumb
1609,thumb
1766,thumb
1440,thumb
1639,thumb
1780,thumb
2021,thumb
2275,thumb
2343,thumb
2243,thumb
2100,thumb
1977,thumb
1918,thumb
2354,thumb
2354,thumb
2110,thumb
1685,thumb
1454,thumb
1365,thumb
1392,thumb
1510,thumb
1641,thumb
1732,thumb
1350,thumb
1403,thumb
1657,thumb
2024,thumb
2316,thumb
2364,thumb
2278,thumb
2158,thumb
2037,thumb
1944,thumb
2355,thumb
2312,thumb
2039,thumb
1657,thumb
1440,thumb
1372,thumb
1431,thumb
1557,thumb
1665,thumb
1741,thumb
1317,thumb
1357,thumb
1644,thumb
2014,thumb
2323,thumb
2383,thumb
2285,thumb
2165,thumb
2046,thumb
1974,thumb
2404,thumb
2352,thumb
2060,thumb
1645,thumb
1434,thumb
1337,thumb
1378,thumb
1508,thumb
1626,thumb
1729,thumb
1331,thumb
1375,thumb
1627,thumb
2022,thumb
2373,thumb
2434,thumb
2368,thumb
2197,thumb
2049,thumb
1967,thumb
2400,thumb
2333,thumb
2030,thumb
1625,thumb
1414,thumb
1316,thumb
1352,thumb
1489,thumb
1646,thumb
1772,thumb
1318,thumb
1334,thumb
1607,thumb
2039,thumb
2387,thumb
2436,thumb
2349,thumb
2191,thumb
2061,thumb
1951,thumb
2393,thumb
2315,thumb
2014,thumb
1619,thumb
1407,thumb
1357,thumb
1415,thumb
1530,thumb
1624,thumb
1699,thumb
1275,thumb
1320,thumb
1565,thumb
2006,thumb
2421,thumb
2570,thumb
2400,thumb
2212,thumb
2085,thumb
1981,thumb
2413,thumb
2375,thumb
2009,thumb
1614,thumb
1376,thumb
1285,thumb
1325,thumb
1477,thumb
1641,thumb
1743,thumb
1297,thumb
1316,thumb
1612,thumb
2056,thumb
2405,thumb
2439,thumb
2325,thumb
2186,thumb
2025,thumb
1919,thumb
2389,thumb
2412,thumb
2167,thumb
1668,thumb
1401,thumb
1301,thumb
1330,thumb
1464,thumb
1619,thumb
1742,thumb
1323,thumb
1345,thumb
1635,thumb
2043,thumb
2363,thumb
2412,thumb
2312,thumb
2188,thumb
2069,thumb
1997,thumb
2453,thumb
2363,thumb
2071,thumb
1656,thumb
1394,thumb
1293,thumb
1319,thumb
1458,thumb
1592,thumb
1723,thumb
1287,thumb
1328,thumb
1633,thumb
2124,thumb
2445,thumb
2450,thumb
2322,thumb
2167,thumb
2084,thumb
2004,thumb
2416,thumb
2345,thumb
2031,thumb
1602,thumb
1392,thumb
1297,thumb
1307,thumb
1476,thumb
1647,thumb
1770,thumb
1318,thumb
1345,thumb
1616,thumb
2049,thumb
2408,thumb
2465,thumb
2360,thumb
2212,thumb
2095,thumb
1970,thumb
2410,thumb
2345,thumb
2048,thumb
1607,thumb
1378,thumb
1290,thumb
1333,thumb
1474,thumb
1638,thumb
1754,thumb
1300,thumb
1344,thumb
1640,thumb
2058,thumb
2398,thumb
2456,thumb
2366,thumb
2205,thumb
2060,thumb
1947,thumb
2397,thumb
2341,thumb
2038,thumb
1613,thumb
1389,thumb
1305,thumb
1338,thumb
1476,thumb
1627,thumb
1745,thumb
1318,thumb
1347,thumb
1655,thumb
2072,thumb
2405,thumb
2456,thumb
2355,thumb
2189,thumb
2041,thumb
1930,thumb
2366,thumb
2330,thumb
2033,thumb
1618,thumb
1382,thumb
1329,thumb
1354,thumb
1529,thumb
1664,thumb
1754,thumb
1311,thumb
1359,thumb
1639,thumb
2063,thumb
2422,thumb
2425,thumb
2315,thumb
2186,thumb
2062,thumb
1955,thumb
2381,thumb
2355,thumb
2047,thumb
1613,thumb
1400,thumb
1317,thumb
1355,thumb
1495,thumb
1628,thumb
1741,thumb
1335,thumb
1363,thumb
1637,thumb
2042,thumb
2373,thumb
2409,thumb
2308,thumb
2174,thumb
2059,thumb
1959,thumb
2387,thumb
2328,thumb
2029,thumb
1625,thumb
1415,thumb
1351,thumb
1405,thumb
1527,thumb
1653,thumb
1707,thumb
1301,thumb
1384,thumb
1720,thumb
2076,thumb
2334,thumb
2359,thumb
2288,thumb
2180,thumb
2066,thumb
1941,thumb
2334,thumb
2298,thumb
2022,thumb
1629,thumb
1439,thumb
1389,thumb
1472,thumb
1583,thumb
1667,thumb
1744,thumb
1329,thumb
1375,thumb
1645,thumb
2006,thumb
2282,thumb
2341,thumb
2269,thumb
2156,thumb
2024,thumb
1953,thumb
2419,thumb
2328,thumb
2034,thumb
1673,thumb
1481,thumb
1377,thumb
1414,thumb
1536,thumb
1654,thumb
1751,thumb
1368,thumb
1392,thumb
1647,thumb
2018,thumb
2312,thumb
2353,thumb
2268,thumb
2148,thumb
2034,thumb
1943,thumb
2340,thumb
2297,thumb
2035,thumb
1664,thumb
1475,thumb
1388,thumb
1411,thumb
1531,thumb
1664,thumb
1768,thumb
1386,thumb
1415,thumb
1652,thumb
2010,thumb
2304,thumb
2350,thumb
2278,thumb
2163,thumb
2043,thumb
1941,thumb
2311,thumb
2275,thumb
2031,thumb
1663,thumb
1454,thumb
1392,thumb
1425,thumb
1548,thumb
1672,thumb
1761,thumb
1374,thumb
1414,thumb
1682,thumb
2048,thumb
2315,thumb
2342,thumb
2259,thumb
2139,thumb
2016,thumb
1930,thumb
2319,thumb
2291,thumb
2048,thumb
1677,thumb
1492,thumb
1392,thumb
1412,thumb
1534,thumb
1649,thumb
1735,thumb
1370,thumb
1402,thumb
1686,thumb
2056,thumb
2328,thumb
2352,thumb
2252,thumb
2136,thumb
2015,thumb
1939,thumb
2344,thumb
2345,thumb
2094,thumb
1652,thumb
1425,thumb
1358,thumb
1392,thumb
1498,thumb
1651,thumb
1770,thumb
1439,thumb
1438,thumb
1673,thumb
2033,thumb
2286,thumb
2328,thumb
2241,thumb
2123,thumb
2032,thumb
1943,thumb
2319,thumb
2300,thumb
2064,thumb
1682,thumb
1475,thumb
1396,thumb
1426,thumb
1539,thumb
1654,thumb
1752,thumb
1388,thumb
1411,thumb
1671,thumb
2014,thumb
2298,thumb
2373,thumb
2298,thumb
2137,thumb
2004,thumb
1902,thumb
2310,thumb
2310,thumb
2045,thumb
1666,thumb
1477,thumb
1395,thumb
1419,thumb
1540,thumb
1662,thumb
1766,thumb
1401,thumb
1389,thumb
1616,thumb
1999,thumb
2309,thumb
2352,thumb
2271,thumb
2147,thumb
2035,thumb
1942,thumb
2326,thumb
2313,thumb
2067,thumb
1712,thumb
1519,thumb
1406,thumb
1401,thumb
1519,thumb
1626,thumb
1729,thumb
1378,thumb
1381,thumb
1652,thumb
2083,thumb
2314,thumb
2328,thumb
2251,thumb
2164,thumb
2022,thumb
1879,thumb
2308,thumb
2314,thumb
2096,thumb
1733,thumb
1501,thumb
1398,thumb
1410,thumb
1504,thumb
1632,thumb
1789,thumb
1414,thumb
1358,thumb
1545,thumb
1979,thumb
2333,thumb
2371,thumb
2258,thumb
2151,thumb
2039,thumb
1948,thumb
2360,thumb
2343,thumb
2132,thumb
1731,thumb
1477,thumb
1343,thumb
1337,thumb
1453,thumb
1615,thumb
1744,thumb
1351,thumb
1364,thumb
1668,thumb
2086,thumb
2342,thumb
2375,thumb
2269,thumb
2146,thumb
2059,thumb
2000,thumb
2345,thumb
2282,thumb
2005,thumb
1731,thumb
1599,thumb
1418,thumb
1344,thumb
1475,thumb
1586,thumb
1735,thumb
1415,thumb
1396,thumb
1615,thumb
2013,thumb
2370,thumb
2401,thumb
2260,thumb
2107,thumb
1980,thumb
1910,thumb
2363,thumb
2386,thumb
2152,thumb
1732,thumb
1456,thumb
1333,thumb
1331,thumb
1478,thumb
1613,thumb
1738,thumb
1356,thumb
1360,thumb
1610,thumb
1982,thumb
2312,thumb
2382,thumb
2352,thumb
2226,thumb
2112,thumb
2008,thumb
2390,thumb
2298,thumb
2027,thumb
1659,thumb
1458,thumb
1345,thumb
1360,thumb
1471,thumb
1612,thumb
1736,thumb
1335,thumb
1324,thumb
1614,thumb
2056,thumb
2360,thumb
2420,thumb
2329,thumb
2182,thumb
2068,thumb
1982,thumb
2403,thumb
2406,thumb
2156,thumb
1637,thumb
1347,thumb
1250,thumb
1270,thumb
1467,thumb
1712,thumb
1828,thumb
1429,thumb
1322,thumb
1587,thumb
2024,thumb
2327,thumb
2403,thumb
2343,thumb
2165,thumb
2024,thumb
1917,thumb
2360,thumb
2383,thumb
2114,thumb
1633,thumb
1443,thumb
1333,thumb
1348,thumb
1534,thumb
1710,thumb
1734,thumb
1320,thumb
1340,thumb
1569,thumb
1998,thumb
2349,thumb
2426,thumb
2352,thumb
2211,thumb
2070,thumb
1974,thumb
2400,thumb
2373,thumb
2051,thumb
1588,thumb
1347,thumb
1259,thumb
1317,thumb
1555,thumb
1751,thumb
1831,thumb
1377,thumb
1301,thumb
1568,thumb
1997,thumb
2344,thumb
2416,thumb
2361,thumb
2204,thumb
2069,thumb
1953,thumb
2396,thumb
2376,thumb
2097,thumb
1668,thumb
1405,thumb
1245,thumb
1206,thumb
1375,thumb
1646,thumb
1743,thumb
1424,thumb
1493,thumb
1636,thumb
1958,thumb
2293,thumb
2381,thumb
2321,thumb
2210,thumb
2162,thumb
2078,thumb
2391,thumb
2417,thumb
2111,thumb
1676,thumb
1481,thumb
1337,thumb
1289,thumb
1471,thumb
1617,thumb
1648,thumb
1252,thumb
1254,thumb
1556,thumb
2054,thumb
2401,thumb
2516,thumb
2365,thumb
2176,thumb
2021,thumb
1875,thumb
2375,thumb
2361,thumb
2113,thumb
1745,thumb
1492,thumb
1424,thumb
1411,thumb
1471,thumb
1588,thumb
1698,thumb
1326,thumb
1321,thumb
1587,thumb
1993,thumb
2343,thumb
2426,thumb
2354,thumb
2189,thumb
2061,thumb
1932,thumb
2342,thumb
2355,thumb
2109,thumb
1719,thumb
1452,thumb
1318,thumb
1316,thumb
1456,thumb
1601,thumb
1753,thumb
1401,thumb
1409,thumb
1630,thumb
2006,thumb
2331,thumb
2390,thumb
2329,thumb
2210,thumb
2103,thumb
1946,thumb
2305,thumb
2332,thumb
2076,thumb
1661,thumb
1421,thumb
1334,thumb
1363,thumb
1474,thumb
1611,thumb
1721,thumb
1400,thumb
1356,thumb
1575,thumb
1986,thumb
2326,thumb
2394,thumb
2344,thumb
2294,thumb
2162,thumb
2003,thumb
2318,thumb
2259,thumb
2011,thumb
1632,thumb
1430,thumb
1360,thumb
1450,thumb
1558,thumb
1624,thumb
1688,thumb
1388,thumb
1383,thumb
1643,thumb
2016,thumb
2312,thumb
2369,thumb
2308,thumb
2166,thumb
2055,thumb
1924,thumb
2273,thumb
2277,thumb
2018,thumb
1620,thumb
1470,thumb
1463,thumb
1432,thumb
1514,thumb
1677,thumb
1826,thumb
1378,thumb
1370,thumb
1676,thumb
1996,thumb
2247,thumb
2288,thumb
2277,thumb
2229,thumb
2207,thumb
2085,thumb
2342,thumb
2312,thumb
2058,thumb
1662,thumb
1403,thumb
1257,thumb
1247,thumb
1456,thumb
1688,thumb
1812,thumb
1460,thumb
1429,thumb
1666,thumb
1992,thumb
2268,thumb
2300,thumb
2194,thumb
2128,thumb
2058,thumb
2045,thumb
2384,thumb
2348,thumb
2100,thumb
1715,thumb
1478,thumb
1388,thumb
1360,thumb
1473,thumb
1640,thumb
1717,thumb
1356,thumb
1331,thumb
1646,thumb
2033,thumb
2315,thumb
2415,thumb
2334,thumb
2181,thumb
2035,thumb
1940,thumb
2312,thumb
2341,thumb
2108,thumb
1694,thumb
1470,thumb
1316,thumb
1358,thumb
1493,thumb
1600,thumb
1694,thumb
1437,thumb
1493,thumb
1642,thumb
1966,thumb
2297,thumb
2406,thumb
2326,thumb
2147,thumb
2027,thumb
1914,thumb
2277,thumb
2333,thumb
2121,thumb
1695,thumb
1473,thumb
1401,thumb
1402,thumb
1508,thumb
1616,thumb
1687,thumb
1362,thumb
1368,thumb
1608,thumb
1987,thumb
2301,thumb
2436,thumb
2423,thumb
2221,thumb
2032,thumb
1913,thumb
2263,thumb
2283,thumb
2074,thumb
1698,thumb
1447,thumb
1399,thumb
1401,thumb
1516,thumb
1583,thumb
1690,thumb
1425,thumb
1488,thumb
1697,thumb
2018,thumb
2281,thumb
2377,thumb
2286,thumb
2142,thumb
2024,thumb
1925,thumb
2288,thumb
2320,thumb
2084,thumb
1723,thumb
1518,thumb
1374,thumb
1377,thumb
1517,thumb
1629,thumb
1738,thumb
1408,thumb
1394,thumb
1595,thumb
1972,thumb
2281,thumb
2388,thumb
2329,thumb
2168,thumb
2056,thumb
1961,thumb
2293,thumb
2326,thumb
2090,thumb
1655,thumb
1442,thumb
1355,thumb
1370,thumb
1534,thumb
1738,thumb
1824,thumb
1406,thumb
1329,thumb
1546,thumb
1937,thumb
2258,thumb
2333,thumb
2330,thumb
2221,thumb
2132,thumb
1980,thumb
2297,thumb
2348,thumb
2122,thumb
1682,thumb
1439,thumb
1363,thumb
1385,thumb
1529,thumb
1589,thumb
1672,thumb
1362,thumb
1357,thumb
1547,thumb
1986,thumb
2452,thumb
2440,thumb
2306,thumb
2120,thumb
2014,thumb
1957,thumb
2305,thumb
2359,thumb
2160,thumb
1783,thumb
1528,thumb
1373,thumb
1356,thumb
1486,thumb
1601,thumb
1698,thumb
1369,thumb
1365,thumb
1571,thumb
1964,thumb
2297,thumb
2352,thumb
2279,thumb
2157,thumb
2104,thumb
1988,thumb
2330,thumb
2338,thumb
2122,thumb
1746,thumb
1497,thumb
1383,thumb
1395,thumb
1497,thumb
1587,thumb
1691,thumb
1419,thumb
1384,thumb
1577,thumb
1965,thumb
2321,thumb
2425,thumb
2374,thumb
2159,thumb
2022,thumb
1904,thumb
2282,thumb
2322,thumb
2116,thumb
1744,thumb
1486,thumb
1371,thumb
1376,thumb
1498,thumb
1617,thumb
1731,thumb
1387,thumb
1338,thumb
1561,thumb
1974,thumb
2316,thumb
2401,thumb
2332,thumb
2197,thumb
2087,thumb
1976,thumb
2331,thumb
2359,thumb
2117,thumb
1707,thumb
1459,thumb
1354,thumb
1357,thumb
1491,thumb
1618,thumb
1728,thumb
1390,thumb
1342,thumb
1566,thumb
1979,thumb
2311,thumb
2400,thumb
2339,thumb
2196,thumb
2081,thumb
1970,thumb
2325,thumb
2368,thumb
2127,thumb
1697,thumb
1457,thumb
1352,thumb
1356,thumb
1490,thumb
1625,thumb
1730,thumb
1391,thumb
1348,thumb
1567,thumb
1985,thumb
2327,thumb
2385,thumb
2326,thumb
2196,thumb
2072,thumb
1983,thumb
2335,thumb
2369,thumb
2128,thumb
1703,thumb
1477,thumb
1370,thumb
1355,thumb
1481,thumb
1611,thumb
1723,thumb
1381,thumb
1328,thumb
1562,thumb
1971,thumb
2310,thumb
2392,thumb
2331,thumb
2187,thumb
2069,thumb
1972,thumb
2327,thumb
2378,thumb
2136,thumb
1714,thumb
1468,thumb
1357,thumb
1348,thumb
1483,thumb
1613,thumb
1728,thumb
1387,thumb
1336,thumb
1560,thumb
1974,thumb
2312,thumb
2401,thumb
2337,thumb
2206,thumb
2081,thumb
1968,thumb
2319,thumb
2373,thumb
2128,thumb
1695,thumb
1451,thumb
1345,thumb
1349,thumb
1484,thumb
1612,thumb
1729,thumb
1391,thumb
1333,thumb
1557,thumb
1987,thumb
2326,thumb
2409,thumb
2343,thumb
2180,thumb
2079,thumb
1975,thumb
2308,thumb
2356,thumb
2128,thumb
1708,thumb
1468,thumb
1362,thumb
1359,thumb
1489,thumb
1619,thumb
1731,thumb
1395,thumb
1323,thumb
1555,thumb
1983,thumb
2314,thumb
2403,thumb
2347,thumb
2198,thumb
2069,thumb
1953,thumb
2303,thumb
2362,thumb
2127,thumb
1732,thumb
1458,thumb
1375,thumb
1398,thumb
1524,thumb
1612,thumb
1668,thumb
1376,thumb
1357,thumb
1596,thumb
1984,thumb
2316,thumb
2406,thumb
2342,thumb
2193,thumb
2071,thumb
1957,thumb
2305,thumb
2369,thumb
2139,thumb
1705,thumb
1461,thumb
1356,thumb
1346,thumb
1481,thumb
1611,thumb
1730,thumb
1395,thumb
1326,thumb
1547,thumb
1966,thumb
2300,thumb
2392,thumb
2334,thumb
2201,thumb
2098,thumb
1978,thumb
2320,thumb
2376,thumb
2149,thumb
1711,thumb
1464,thumb
1360,thumb
1343,thumb
1483,thumb
1617,thumb
1730,thumb
1403,thumb
1334,thumb
1545,thumb
1968,thumb
2311,thumb
2395,thumb
2341,thumb
2197,thumb
2080,thumb
1971,thumb
2313,thumb
2377,thumb
2141,thumb
1715,thumb
1465,thumb
1359,thumb
1353,thumb
1486,thumb
1611,thumb
1732,thumb
1407,thumb
1334,thumb
1548,thumb
1967,thumb
2299,thumb
2390,thumb
2338,thumb
2202,thumb
2081,thumb
1967,thumb
2311,thumb
2381,thumb
2145,thumb
1719,thumb
1477,thumb
1361,thumb
1353,thumb
1479,thumb
1607,thumb
1733,thumb
1405,thumb
1329,thumb
1542,thumb
1970,thumb
2312,thumb
2396,thumb
2339,thumb
2194,thumb
2082,thumb
1971,thumb
2313,thumb
2376,thumb
2133,thumb
1712,thumb
1465,thumb
1364,thumb
1358,thumb
1486,thumb
1613,thumb
1729,thumb
1403,thumb
1328,thumb
1553,thumb
1971,thumb
2301,thumb
2393,thumb
2335,thumb
2196,thumb
2082,thumb
1970,thumb
2312,thumb
2371,thumb
2146,thumb
1721,thumb
1474,thumb
1367,thumb
1352,thumb
1477,thumb
1609,thumb
1716,thumb
1398,thumb
1326,thumb
1539,thumb
1965,thumb
2304,thumb
2410,thumb
2351,thumb
2199,thumb
2076,thumb
1971,thumb
2309,thumb
2380,thumb
2149,thumb
1717,thumb
1475,thumb
1369,thumb
1357,thumb
1476,thumb
1615,thumb
1734,thumb
1409,thumb
1304,thumb
1478,thumb
1923,thumb
2323,thumb
2461,thumb
2388,thumb
2208,thumb
2071,thumb
1960,thumb
2299,thumb
2368,thumb
2150,thumb
1718,thumb
1473,thumb
1366,thumb
1354,thumb
1479,thumb
1605,thumb
1725,thumb
1403,thumb
1325,thumb
1540,thumb
1964,thumb
2299,thumb
2393,thumb
2342,thumb
2203,thumb
2090,thumb
1970,thumb
2302,thumb
2371,thumb
2143,thumb
1713,thumb
1481,thumb
1375,thumb
1368,thumb
1503,thumb
1627,thumb
1731,thumb
1404,thumb
1321,thumb
1525,thumb
1955,thumb
2295,thumb
2393,thumb
2341,thumb
2202,thumb
2096,thumb
1985,thumb
2307,thumb
2380,thumb
2148,thumb
1749,thumb
1500,thumb
1366,thumb
1331,thumb
1441,thumb
1573,thumb
1703,thumb
1386,thumb
1303,thumb
1541,thumb
2034,thumb
2352,thumb
2401,thumb
2341,thumb
2198,thumb
2081,thumb
1965,thumb
2301,thumb
2386,thumb
2162,thumb
1726,thumb
1475,thumb
1360,thumb
1332,thumb
1471,thumb
1606,thumb
1721,thumb
1406,thumb
1315,thumb
1528,thumb
1958,thumb
2302,thumb
2401,thumb
2351,thumb
2209,thumb
2097,thumb
1981,thumb
2308,thumb
2384,thumb
2158,thumb
1722,thumb
1472,thumb
1361,thumb
1347,thumb
1476,thumb
1602,thumb
1723,thumb
1407,thumb
1317,thumb
1536,thumb
1961,thumb
2301,thumb
2394,thumb
2347,thumb
2212,thumb
2089,thumb
1978,thumb
2310,thumb
2390,thumb
2164,thumb
1728,thumb
1478,thumb
1361,thumb
1342,thumb
1473,thumb
1603,thumb
1723,thumb
1412,thumb
1318,thumb
1530,thumb
1957,thumb
2290,thumb
2397,thumb
2347,thumb
2201,thumb
2083,thumb
1975,thumb
2309,thumb
2395,thumb
2161,thumb
1720,thumb
1474,thumb
1355,thumb
1343,thumb
1492,thumb
1651,thumb
1731,thumb
1391,thumb
1295,thumb
1521,thumb
1965,thumb
2304,thumb
2384,thumb
2316,thumb
2207,thumb
2084,thumb
1959,thumb
2282,thumb
2388,thumb
2192,thumb
1741,thumb
1482,thumb
1337,thumb
1313,thumb
1474,thumb
1648,thumb
1755,thumb
1420,thumb
1327,thumb
1523,thumb
1936,thumb
2289,thumb
2412,thumb
2370,thumb
2228,thumb
2117,thumb
1986,thumb
2308,thumb
2395,thumb
2164,thumb
1728,thumb
1447,thumb
1353,thumb
1342,thumb
1457,thumb
1594,thumb
1714,thumb
1406,thumb
1315,thumb
1523,thumb
1949,thumb
2287,thumb
2393,thumb
2344,thumb
2209,thumb
2092,thumb
1970,thumb
2293,thumb
2390,thumb
2168,thumb
1748,thumb
1506,thumb
1392,thumb
1365,thumb
1459,thumb
1582,thumb
1708,thumb
1405,thumb
1300,thumb
1519,thumb
1958,thumb
2321,thumb
2434,thumb
2359,thumb
2204,thumb
2070,thumb
1957,thumb
2284,thumb
2381,thumb
2160,thumb
1762,thumb
1509,thumb
1366,thumb
1336,thumb
1432,thumb
1568,thumb
1715,thumb
1391,thumb
1277,thumb
1493,thumb
1945,thumb
2343,thumb
2460,thumb
2361,thumb
2217,thumb
2100,thumb
1981,thumb
2295,thumb
2387,thumb
2175,thumb
1729,thumb
1462,thumb
1350,thumb
1350,thumb
1475,thumb
1597,thumb
1707,thumb
1432,thumb
1321,thumb
1528,thumb
1946,thumb
2276,thumb
2381,thumb
2349,thumb
2210,thumb
2094,thumb
1979,thumb
2313,thumb
2405,thumb
2182,thumb
1737,thumb
1485,thumb
1351,thumb
1313,thumb
1472,thumb
1611,thumb
1722,thumb
1412,thumb
1298,thumb
1509,thumb
1948,thumb
2296,thumb
2402,thumb
2365,thumb
2211,thumb
2093,thumb
1975,thumb
2291,thumb
2390,thumb
2167,thumb
1725,thumb
1452,thumb
1322,thumb
1313,thumb
1485,thumb
1655,thumb
1784,thumb
1456,thumb
1298,thumb
1506,thumb
1929,thumb
2282,thumb
2399,thumb
2357,thumb
2214,thumb
2097,thumb
2006,thumb
2311,thumb
2403,thumb
2168,thumb
1700,thumb
1458,thumb
1369,thumb
1380,thumb
1461,thumb
1533,thumb
1645,thumb
1389,thumb
1324,thumb
1532,thumb
1971,thumb
2337,thumb
2453,thumb
2391,thumb
2210,thumb
2097,thumb
1949,thumb
2267,thumb
2389,thumb
2179,thumb
1748,thumb
1495,thumb
1369,thumb
1347,thumb
1464,thumb
1588,thumb
1717,thumb
1426,thumb
1319,thumb
1525,thumb
1947,thumb
2298,thumb
2395,thumb
2343,thumb
2188,thumb
2048,thumb
1952,thumb
2282,thumb
2412,thumb
2200,thumb
1764,thumb
1490,thumb
1359,thumb
1351,thumb
1472,thumb
1585,thumb
1722,thumb
1432,thumb
1308,thumb
1515,thumb
1945,thumb
2287,thumb
2400,thumb
2348,thumb
2198,thumb
2081,thumb
1961,thumb
2257,thumb
2390,thumb
2234,thumb
1808,thumb
1531,thumb
1366,thumb
1314,thumb
1442,thumb
1579,thumb
1689,thumb
1419,thumb
1330,thumb
1534,thumb
1965,thumb
2281,thumb
2377,thumb
2326,thumb
2182,thumb
2085,thumb
1994,thumb
2290,thumb
2402,thumb
2180,thumb
1734,thumb
1487,thumb
1384,thumb
1355,thumb
1476,thumb
1572,thumb
1705,thumb
1430,thumb
1311,thumb
1514,thumb
1940,thumb
2291,thumb
2395,thumb
2348,thumb
2212,thumb
2090,thumb
1970,thumb
2262,thumb
2396,thumb
2210,thumb
1740,thumb
1488,thumb
1392,thumb
1387,thumb
1513,thumb
1603,thumb
1683,thumb
1411,thumb
1312,thumb
1505,thumb
1945,thumb
2288,thumb
2400,thumb
2353,thumb
2210,thumb
2061,thumb
1971,thumb
2277,thumb
2404,thumb
2184,thumb
1746,thumb
1479,thumb
1339,thumb
1334,thumb
1475,thumb
1590,thumb
1725,thumb
1438,thumb
1300,thumb
1515,thumb
1963,thumb
2292,thumb
2411,thumb
2382,thumb
2226,thumb
2096,thumb
1974,thumb
2274,thumb
2404,thumb
2187,thumb
1760,thumb
1510,thumb
1372,thumb
1320,thumb
1443,thumb
1567,thumb
1703,thumb
1447,thumb
1274,thumb
1471,thumb
1901,thumb
2240,thumb
2381,thumb
2406,thumb
2278,thumb
2131,thumb
1995,thumb
2283,thumb
2408,thumb
2192,thumb
1733,thumb
1436,thumb
1340,thumb
1334,thumb
1459,thumb
1601,thumb
1735,thumb
1472,thumb
1305,thumb
1475,thumb
1945,thumb
2304,thumb
2430,thumb
2374,thumb
2201,thumb
2063,thumb
1962,thumb
2295,thumb
2407,thumb
2176,thumb
1743,thumb
1489,thumb
1400,thumb
1357,thumb
1482,thumb
1623,thumb
1717,thumb
1417,thumb
1289,thumb
1498,thumb
1930,thumb
2239,thumb
2361,thumb
2342,thumb
2225,thumb
2099,thumb
1960,thumb
2255,thumb
2386,thumb
2206,thumb
1785,thumb
1544,thumb
1433,thumb
1414,thumb
1476,thumb
1572,thumb
1682,thumb
1386,thumb
1270,thumb
1425,thumb
1833,thumb
2242,thumb
2423,thumb
2379,thumb
2293,thumb
2221,thumb
2027,thumb
2208,thumb
2291,thumb
2084,thumb
1706,thumb
1512,thumb
1463,thumb
1506,thumb
1657,thumb
1667,thumb
1698,thumb
1310,thumb
1197,thumb
1443,thumb
1997,thumb
2338,thumb
2393,thumb
2355,thumb
2213,thumb
2135,thumb
2004,thumb
2238,thumb
2364,thumb
2180,thumb
1763,thumb
1485,thumb
1377,thumb
1333,thumb
1441,thumb
1599,thumb
1708,thumb
1432,thumb
1273,thumb
1477,thumb
1916,thumb
2282,thumb
2410,thumb
2354,thumb
2190,thumb
2052,thumb
1952,thumb
2308,thumb
2436,thumb
2210,thumb
1733,thumb
1462,thumb
1341,thumb
1324,thumb
1482,thumb
1669,thumb
1784,thumb
1456,thumb
1280,thumb
1487,thumb
1935,thumb
2269,thumb
2409,thumb
2393,thumb
2247,thumb
2096,thumb
1965,thumb
2261,thumb
2394,thumb
2172,thumb
1747,thumb
1491,thumb
1355,thumb
1314,thumb
1445,thumb
1565,thumb
1705,thumb
1446,thumb
1290,thumb
1467,thumb
1972,thumb
2339,thumb
2407,thumb
2362,thumb
2266,thumb
2169,thumb
2055,thumb
2286,thumb
2361,thumb
2129,thumb
1692,thumb
1463,thumb
1342,thumb
1367,thumb
1542,thumb
1599,thumb
1693,thumb
1455,thumb
1290,thumb
1466,thumb
1871,thumb
2233,thumb
2398,thumb
2374,thumb
2238,thumb
2135,thumb
2026,thumb
2271,thumb
2328,thumb
2146,thumb
1725,thumb
1412,thumb
1328,thumb
1351,thumb
1590,thumb
1683,thumb
1740,thumb
1374,thumb
1282,thumb
1586,thumb
1900,thumb
2189,thumb
2390,thumb
2456,thumb
2282,thumb
2109,thumb
2008,thumb
2324,thumb
2439,thumb
2171,thumb
1733,thumb
1471,thumb
1357,thumb
1324,thumb
1461,thumb
1584,thumb
1695,thumb
1444,thumb
1295,thumb
1488,thumb
1906,thumb
2246,thumb
2377,thumb
2360,thumb
2221,thumb
2093,thumb
1984,thumb
2247,thumb
2415,thumb
2213,thumb
1759,thumb
1475,thumb
1327,thumb
1307,thumb
1450,thumb
1590,thumb
1691,thumb
1419,thumb
1280,thumb
1473,thumb
1937,thumb
2370,thumb
2530,thumb
2439,thumb
2207,thumb
2076,thumb
1977,thumb
2267,thumb
2420,thumb
2190,thumb
1754,thumb
1478,thumb
1352,thumb
1329,thumb
1461,thumb
1590,thumb
1765,thumb
1486,thumb
1276,thumb
1457,thumb
1874,thumb
2252,thumb
2376,thumb
2326,thumb
2212,thumb
2106,thumb
1980,thumb
2243,thumb
2397,thumb
2210,thumb
1797,thumb
1548,thumb
1401,thumb
1347,thumb
1444,thumb
1534,thumb
1663,thumb
1426,thumb
1252,thumb
1449,thumb
1946,thumb
2344,thumb
2528,thumb
2419,thumb
2197,thumb
2043,thumb
1931,thumb
2262,thumb
2415,thumb
2197,thumb
1782,thumb
1501,thumb
1387,thumb
1373,thumb
1511,thumb
1613,thumb
1729,thumb
1453,thumb
1256,thumb
1411,thumb
1877,thumb
2266,thumb
2414,thumb
2362,thumb
2212,thumb
2088,thumb
1956,thumb
2210,thumb
2398,thumb
2246,thumb
1811,thumb
1521,thumb
1365,thumb
1304,thumb
1446,thumb
1578,thumb
1714,thumb
1482,thumb
1327,thumb
1515,thumb
1925,thumb
2267,thumb
2402,thumb
2355,thumb
2207,thumb
2095,thumb
2001,thumb
2245,thumb
2398,thumb
2196,thumb
1759,thumb
1484,thumb
1368,thumb
1322,thumb
1435,thumb
1569,thumb
1698,thumb
1464,thumb
1309,thumb
1512,thumb
1962,thumb
2271,thumb
2401,thumb
2358,thumb
2213,thumb
2095,thumb
1975,thumb
2234,thumb
2389,thumb
2201,thumb
1766,thumb
1504,thumb
1369,thumb
1337,thumb
1447,thumb
1600,thumb
1732,thumb
1493,thumb
1274,thumb
1437,thumb
1891,thumb
2277,thumb
2409,thumb
2366,thumb
2224,thumb
2107,thumb
1997,thumb
2252,thumb
2412,thumb
2206,thumb
1775,thumb
1497,thumb
1368,thumb
1341,thumb
1465,thumb
1585,thumb
1705,thumb
1473,thumb
1308,thumb
1501,thumb
1922,thumb
2258,thumb
2398,thumb
2362,thumb
2218,thumb
2105,thumb
1979,thumb
2231,thumb
2404,thumb
2212,thumb
1771,thumb
1483,thumb
1355,thumb
1338,thumb
1468,thumb
1596,thumb
1719,thumb
1504,thumb
1331,thumb
1482,thumb
1912,thumb
2261,thumb
2392,thumb
2339,thumb
2188,thumb
2097,thumb
1978,thumb
2226,thumb
2401,thumb
2214,thumb
1787,thumb
1502,thumb
1375,thumb
1352,thumb
1467,thumb
1592,thumb
1719,thumb
1478,thumb
1301,thumb
1486,thumb
1905,thumb
2260,thumb
2397,thumb
2360,thumb
2211,thumb
2101,thumb
1977,thumb
2234,thumb
2407,thumb
2206,thumb
1778,thumb
1508,thumb
1378,thumb
1346,thumb
1465,thumb
1590,thumb
1712,thumb
1484,thumb
1299,thumb
1479,thumb
1905,thumb
2258,thumb
2400,thumb
2367,thumb
2219,thumb
2098,thumb
1974,thumb
2231,thumb
2413,thumb
2208,thumb
1781,thumb
1498,thumb
1363,thumb
1327,thumb
1460,thumb
1585,thumb
1716,thumb
1483,thumb
1303,thumb
1483,thumb
1910,thumb
2260,thumb
2404,thumb
2359,thumb
2215,thumb
2109,thumb
1985,thumb
2232,thumb
2410,thumb
2210,thumb
1776,thumb
1501,thumb
1370,thumb
1339,thumb
1461,thumb
1586,thumb
1714,thumb
1485,thumb
1306,thumb
1486,thumb
1909,thumb
2260,thumb
2401,thumb
2365,thumb
2223,thumb
2104,thumb
1984,thumb
2228,thumb
2405,thumb
2211,thumb
1777,thumb
1498,thumb
1361,thumb
1336,thumb
1461,thumb
1586,thumb
1715,thumb
1485,thumb
1299,thumb
1476,thumb
1900,thumb
2258,thumb
2399,thumb
2369,thumb
2220,thumb
2108,thumb
1990,thumb
2230,thumb
2411,thumb
2207,thumb
1786,thumb
1503,thumb
1366,thumb
1336,thumb
1457,thumb
1584,thumb
1708,thumb
1482,thumb
1297,thumb
1473,thumb
1898,thumb
2255,thumb
2406,thumb
2377,thumb
2228,thumb
2105,thumb
1981,thumb
2228,thumb
2418,thumb
2222,thumb
1781,thumb
1508,thumb
1374,thumb
1331,thumb
1458,thumb
1579,thumb
1708,thumb
1482,thumb
1292,thumb
1468,thumb
1904,thumb
2253,thumb
2404,thumb
2373,thumb
2226,thumb
2112,thumb
1988,thumb
2233,thumb
2421,thumb
2218,thumb
1783,thumb
1503,thumb
1367,thumb
1338,thumb
1457,thumb
1585,thumb
1707,thumb
1483,thumb
1294,thumb
1471,thumb
1887,thumb
2253,thumb
2404,thumb
2374,thumb
2228,thumb
2105,thumb
1984,thumb
2227,thumb
2417,thumb
2223,thumb
1788,thumb
1505,thumb
1369,thumb
1339,thumb
1459,thumb
1585,thumb
1705,thumb
1486,thumb
1294,thumb
1468,thumb
1891,thumb
2248,thumb
2403,thumb
2373,thumb
2234,thumb
2109,thumb
1982,thumb
2224,thumb
2418,thumb
2226,thumb
1784,thumb
1503,thumb
1367,thumb
1333,thumb
1456,thumb
1583,thumb
1707,thumb
1486,thumb
1289,thumb
1463,thumb
1899,thumb
2255,thumb
2400,thumb
2369,thumb
2223,thumb
2112,thumb
1989,thumb
2229,thumb
2424,thumb
2233,thumb
1792,thumb
1503,thumb
1369,thumb
1333,thumb
1450,thumb
1575,thumb
1710,thumb
1487,thumb
1287,thumb
1464,thumb
1891,thumb
2259,thumb
2405,thumb
2361,thumb
2231,thumb
2115,thumb
1995,thumb
2234,thumb
2420,thumb
2226,thumb
1797,thumb
1509,thumb
1375,thumb
1335,thumb
1451,thumb
1579,thumb
1703,thumb
1486,thumb
1284,thumb
1465,thumb
1896,thumb
2257,thumb
2406,thumb
2374,thumb
2230,thumb
2114,thumb
1989,thumb
2224,thumb
2421,thumb
2227,thumb
1795,thumb
1514,thumb
1370,thumb
1331,thumb
1454,thumb
1579,thumb
1707,thumb
1491,thumb
1288,thumb
1457,thumb
1892,thumb
2249,thumb
2402,thumb
2376,thumb
2225,thumb
2112,thumb
1987,thumb
2227,thumb
2425,thumb
2233,thumb
1796,thumb
1509,thumb
1370,thumb
1332,thumb
1460,thumb
1581,thumb
1707,thumb
1499,thumb
1282,thumb
1460,thumb
1892,thumb
2254,thumb
2403,thumb
2363,thumb
2221,thumb
2105,thumb
1988,thumb
2226,thumb
2432,thumb
2236,thumb
1796,thumb
1513,thumb
1368,thumb
1327,thumb
1450,thumb
1574,thumb
1701,thumb
1489,thumb
1282,thumb
1458,thumb
1887,thumb
2246,thumb
2403,thumb
2372,thumb
2229,thumb
2119,thumb
1995,thumb
2221,thumb
2421,thumb
2235,thumb
1801,thumb
1512,thumb
1368,thumb
1338,thumb
1457,thumb
1579,thumb
1705,thumb
1494,thumb
1281,thumb
1460,thumb
1882,thumb
2237,thumb
2397,thumb
2372,thumb
2225,thumb
2114,thumb
1992,thumb
2220,thumb
2419,thumb
2237,thumb
1803,thumb
1516,thumb
1376,thumb
1337,thumb
1451,thumb
1575,thumb
1694,thumb
1496,thumb
1283,thumb
1459,thumb
1884,thumb
2247,thumb
2404,thumb
2384,thumb
2238,thumb
2115,thumb
1989,thumb
2217,thumb
2422,thumb
2235,thumb
1799,thumb
1509,thumb
1365,thumb
1329,thumb
1448,thumb
1573,thumb
1709,thumb
1509,thumb
1294,thumb
1465,thumb
1882,thumb
2231,thumb
2384,thumb
2379,thumb
2235,thumb
2112,thumb
1997,thumb
2227,thumb
2424,thumb
2224,thumb
1799,thumb
1511,thumb
1368,thumb
1341,thumb
1459,thumb
1568,thumb
1694,thumb
1497,thumb
1291,thumb
1457,thumb
1876,thumb
2238,thumb
2400,thumb
2359,thumb
2218,thumb
2111,thumb
1990,thumb
2218,thumb
2423,thumb
2236,thumb
1823,thumb
1537,thumb
1390,thumb
1347,thumb
1457,thumb
1559,thumb
1668,thumb
1458,thumb
1266,thumb
1458,thumb
1885,thumb
2243,thumb
2410,thumb
2384,thumb
2233,thumb
2102,thumb
1979,thumb
2200,thumb
2420,thumb
2224,thumb
1788,thumb
1504,thumb
1373,thumb
1346,thumb
1467,thumb
1593,thumb
1716,thumb
1506,thumb
1299,thumb
1461,thumb
1874,thumb
2225,thumb
2406,thumb
2381,thumb
2230,thumb
2109,thumb
1950,thumb
2147,thumb
2423,thumb
2248,thumb
1821,thumb
1538,thumb
1382,thumb
1338,thumb
1449,thumb
1581,thumb
1707,thumb
1508,thumb
1309,thumb
1469,thumb
1869,thumb
2216,thumb
2368,thumb
2347,thumb
2229,thumb
2129,thumb
2031,thumb
2240,thumb
2441,thumb
2240,thumb
1786,thumb
1490,thumb
1354,thumb
1320,thumb
1451,thumb
1571,thumb
1714,thumb
1539,thumb
1315,thumb
1478,thumb
1878,thumb
2239,thumb
2395,thumb
2363,thumb
2234,thumb
2136,thumb
2006,thumb
2224,thumb
2430,thumb
2216,thumb
1797,thumb
1522,thumb
1372,thumb
1340,thumb
1464,thumb
1540,thumb
1650,thumb
1475,thumb
1239,thumb
1441,thumb
1904,thumb
2280,thumb
2431,thumb
2391,thumb
2233,thumb
2115,thumb
2003,thumb
2212,thumb
2424,thumb
2230,thumb
1805,thumb
1517,thumb
1375,thumb
1333,thumb
1456,thumb
1573,thumb
1685,thumb
1500,thumb
1274,thumb
1455,thumb
1878,thumb
2234,thumb
2403,thumb
2377,thumb
2229,thumb
2118,thumb
2001,thumb
2195,thumb
2419,thumb
2235,thumb
1814,thumb
1524,thumb
1372,thumb
1330,thumb
1449,thumb
1574,thumb
1703,thumb
1512,thumb
1278,thumb
1444,thumb
1868,thumb
2237,thumb
2400,thumb
2372,thumb
2227,thumb
2105,thumb
1990,thumb
2200,thumb
2427,thumb
2235,thumb
1818,thumb
1540,thumb
1376,thumb
1321,thumb
1425,thumb
1518,thumb
1656,thumb
1531,thumb
1370,thumb
1513,thumb
1872,thumb
2224,thumb
2389,thumb
2372,thumb
2233,thumb
2121,thumb
1996,thumb
2191,thumb
2418,thumb
2251,thumb
1806,thumb
1507,thumb
1366,thumb
1321,thumb
1437,thumb
1557,thumb
1701,thumb
1535,thumb
1296,thumb
1465,thumb
1853,thumb
2231,thumb
2393,thumb
2360,thumb
2207,thumb
2076,thumb
1961,thumb
2189,thumb
2467,thumb
2297,thumb
1854,thumb
1529,thumb
1416,thumb
1359,thumb
1416,thumb
1546,thumb
1665,thumb
1487,thumb
1225,thumb
1410,thumb
1912,thumb
2372,thumb
2470,thumb
2377,thumb
2230,thumb
2116,thumb
1977,thumb
2171,thumb
2404,thumb
2230,thumb
1803,thumb
1514,thumb
1366,thumb
1324,thumb
1466,thumb
1599,thumb
1712,thumb
1518,thumb
1283,thumb
1445,thumb
1851,thumb
2219,thumb
2399,thumb
2377,thumb
2227,thumb
2118,thumb
1992,thumb
2189,thumb
2422,thumb
2250,thumb
1824,thumb
1516,thumb
1369,thumb
1330,thumb
1443,thumb
1566,thumb
1695,thumb
1534,thumb
1281,thumb
1440,thumb
1847,thumb
2216,thumb
2392,thumb
2375,thumb
2233,thumb
2130,thumb
2016,thumb
2221,thumb
2487,thumb
2313,thumb
1826,thumb
1481,thumb
1317,thumb
1278,thumb
1418,thumb
1552,thumb
1687,thumb
1535,thumb
1274,thumb
1436,thumb
1855,thumb
2229,thumb
2409,thumb
2379,thumb
2259,thumb
2155,thumb
2039,thumb
2196,thumb
2421,thumb
2229,thumb
1799,thumb
1496,thumb
1378,thumb
1336,thumb
1412,thumb
1539,thumb
1675,thumb
1559,thumb
1359,thumb
1491,thumb
1863,thumb
2213,thumb
2393,thumb
2360,thumb
2218,thumb
2126,thumb
2031,thumb
2222,thumb
2432,thumb
2247,thumb
1827,thumb
1514,thumb
1365,thumb
1327,thumb
1444,thumb
1556,thumb
1688,thumb
1534,thumb
1273,thumb
1435,thumb
1849,thumb
2215,thumb
2411,thumb
2377,thumb
2227,thumb
2117,thumb
1987,thumb
2178,thumb
2417,thumb
2244,thumb
1841,thumb
1535,thumb
1381,thumb
1326,thumb
1446,thumb
1570,thumb
1699,thumb
1527,thumb
1283,thumb
1447,thumb
1830,thumb
2210,thumb
2405,thumb
2380,thumb
2239,thumb
2131,thumb
2000,thumb
2181,thumb
2433,thumb
2259,thumb
1837,thumb
1533,thumb
1400,thumb
1359,thumb
1461,thumb
1594,thumb
1686,thumb
1529,thumb
1237,thumb
1380,thumb
1805,thumb
2190,thumb
2401,thumb
2389,thumb
2246,thumb
2106,thumb
1978,thumb
2166,thumb
2439,thumb
2279,thumb
1826,thumb
1501,thumb
1377,thumb
1357,thumb
1508,thumb
1625,thumb
1732,thumb
1537,thumb
1281,thumb
1440,thumb
1839,thumb
2178,thumb
2366,thumb
2384,thumb
2242,thumb
2143,thumb
2005,thumb
2186,thumb
2460,thumb
2266,thumb
1821,thumb
1499,thumb
1356,thumb
1324,thumb
1451,thumb
1578,thumb
1732,thumb
1567,thumb
1275,thumb
1402,thumb
1811,thumb
2211,thumb
2425,thumb
2383,thumb
2223,thumb
2110,thumb
1977,thumb
2168,thumb
2430,thumb
2251,thumb
1832,thumb
1523,thumb
1376,thumb
1332,thumb
1448,thumb
1570,thumb
1690,thumb
1549,thumb
1279,thumb
1444,thumb
1843,thumb
2210,thumb
2398,thumb
2379,thumb
2251,thumb
2161,thumb
2063,thumb
2198,thumb
2425,thumb
2226,thumb
1783,thumb
1485,thumb
1337,thumb
1301,thumb
1401,thumb
1520,thumb
1645,thumb
1512,thumb
1299,thumb
1535,thumb
1941,thumb
2291,thumb
2476,thumb
2399,thumb
2233,thumb
2105,thumb
1970,thumb
2141,thumb
2394,thumb
2210,thumb
1839,thumb
1552,thumb
1387,thumb
1333,thumb
1452,thumb
1562,thumb
1629,thumb
1480,thumb
1224,thumb
1410,thumb
1825,thumb
2230,thumb
2538,thumb
2541,thumb
2305,thumb
2113,thumb
1975,thumb
2146,thumb
2417,thumb
2231,thumb
1794,thumb
1475,thumb
1376,thumb
1348,thumb
1438,thumb
1548,thumb
1694,thumb
1598,thumb
1337,thumb
1400,thumb
1751,thumb
2163,thumb
2405,thumb
2373,thumb
2193,thumb
2131,thumb
2077,thumb
2231,thumb
2451,thumb
2253,thumb
1848,thumb
1555,thumb
1390,thumb
1332,thumb
1484,thumb
1618,thumb
1711,thumb
1548,thumb
1271,thumb
1417,thumb
1823,thumb
2179,thumb
2379,thumb
2368,thumb
2224,thumb
2111,thumb
1975,thumb
2146,thumb
2426,thumb
2265,thumb
1846,thumb
1544,thumb
1394,thumb
1339,thumb
1432,thumb
1552,thumb
1689,thumb
1554,thumb
1285,thumb
1446,thumb
1854,thumb
2217,thumb
2398,thumb
2384,thumb
2245,thumb
2123,thumb
1994,thumb
2162,thumb
2425,thumb
2253,thumb
1844,thumb
1532,thumb
1376,thumb
1326,thumb
1445,thumb
1573,thumb
1705,thumb
1560,thumb
1276,thumb
1417,thumb
1828,thumb
2203,thumb
2414,thumb
2407,thumb
2260,thumb
2132,thumb
1923,thumb
2053,thumb
2364,thumb
2213,thumb
1820,thumb
1559,thumb
1491,thumb
1485,thumb
1500,thumb
1581,thumb
1697,thumb
1584,thumb
1319,thumb
1485,thumb
1833,thumb
2157,thumb
2357,thumb
2368,thumb
2212,thumb
2092,thumb
1979,thumb
2142,thumb
2416,thumb
2239,thumb
1850,thumb
1535,thumb
1383,thumb
1335,thumb
1433,thumb
1547,thumb
1701,thumb
1555,thumb
1291,thumb
1466,thumb
1868,thumb
2211,thumb
2402,thumb
2382,thumb
2250,thumb
2121,thumb
1986,thumb
2158,thumb
2432,thumb
2258,thumb
1852,thumb
1531,thumb
1377,thumb
1314,thumb
1413,thumb
1551,thumb
1685,thumb
1544,thumb
1280,thumb
1443,thumb
1847,thumb
2219,thumb
2416,thumb
2388,thumb
2243,thumb
2127,thumb
2020,thumb
2170,thumb
2431,thumb
2248,thumb
1830,thumb
1524,thumb
1371,thumb
1312,thumb
1420,thumb
1557,thumb
1697,thumb
1569,thumb
1291,thumb
1460,thumb
1868,thumb
2223,thumb
2403,thumb
2377,thumb
2238,thumb
2129,thumb
1999,thumb
2151,thumb
2425,thumb
2259,thumb
1851,thumb
1532,thumb
1378,thumb
1330,thumb
1426,thumb
1555,thumb
1688,thumb
1552,thumb
1266,thumb
1428,thumb
1841,thumb
2211,thumb
2405,thumb
2383,thumb
2231,thumb
2107,thumb
2019,thumb
2184,thumb
2430,thumb
2245,thumb
1829,thumb
1538,thumb
1395,thumb
1344,thumb
1446,thumb
1568,thumb
1711,thumb
1594,thumb
1269,thumb
1423,thumb
1821,thumb
2193,thumb
2420,thumb
2393,thumb
2236,thumb
2117,thumb
2000,thumb
2146,thumb
2423,thumb
2256,thumb
1858,thumb
1534,thumb
1379,thumb
1332,thumb
1440,thumb
1566,thumb
1698,thumb
1567,thumb
1275,thumb
1434,thumb
1839,thumb
2208,thumb
2402,thumb
2379,thumb
2239,thumb
2131,thumb
2003,thumb
2151,thumb
2434,thumb
2263,thumb
1858,thumb
1540,thumb
1381,thumb
1324,thumb
1435,thumb
1557,thumb
1690,thumb
1565,thumb
1273,thumb
1432,thumb
1831,thumb
2197,thumb
2402,thumb
2386,thumb
2249,thumb
2130,thumb
2005,thumb
2146,thumb
2432,thumb
2263,thumb
1856,thumb
1536,thumb
1370,thumb
1323,thumb
1434,thumb
1563,thumb
1696,thumb
1562,thumb
1275,thumb
1427,thumb
1829,thumb
2198,thumb
2405,thumb
2391,thumb
2250,thumb
2134,thumb
2003,thumb
2148,thumb
2435,thumb
2261,thumb
1853,thumb
1532,thumb
1378,thumb
1322,thumb
1430,thumb
1559,thumb
1697,thumb
1567,thumb
1271,thumb
1426,thumb
1826,thumb
2205,thumb
2404,thumb
2383,thumb
2245,thumb
2135,thumb
2008,thumb
2147,thumb
2433,thumb
2259,thumb
1856,thumb
1538,thumb
1379,thumb
1325,thumb
1433,thumb
1558,thumb
1688,thumb
1575,thumb
1275,thumb
1434,thumb
1826,thumb
2198,thumb
2397,thumb
2384,thumb
2244,thumb
2128,thumb
1998,thumb
2131,thumb
2428,thumb
2267,thumb
1859,thumb
1538,thumb
1380,thumb
1337,thumb
1445,thumb
1560,thumb
1697,thumb
1572,thumb
1270,thumb
1429,thumb
1823,thumb
2194,thumb
2402,thumb
2389,thumb
2246,thumb
2132,thumb
2003,thumb
2146,thumb
2431,thumb
2263,thumb
1863,thumb
1538,thumb
1376,thumb
1321,thumb
1433,thumb
1553,thumb
1689,thumb
1567,thumb
1269,thumb
1424,thumb
1829,thumb
2212,thumb
2411,thumb
2387,thumb
2245,thumb
2127,thumb
2009,thumb
2146,thumb
2429,thumb
2259,thumb
1859,thumb
1539,thumb
1380,thumb
1327,thumb
1432,thumb
1557,thumb
1695,thumb
1578,thumb
1270,thumb
1425,thumb
1813,thumb
2186,thumb
2397,thumb
2388,thumb
2246,thumb
2131,thumb
2011,thumb
2147,thumb
2446,thumb
2270,thumb
1857,thumb
1543,thumb
1383,thumb
1328,thumb
1427,thumb
1553,thumb
1690,thumb
1582,thumb
1268,thumb
1419,thumb
1819,thumb
2195,thumb
2403,thumb
2383,thumb
2245,thumb
2135,thumb
2003,thumb
2142,thumb
2440,thumb
2272,thumb
1866,thumb
1541,thumb
1370,thumb
1324,thumb
1430,thumb
1557,thumb
1691,thumb
1572,thumb
1268,thumb
1426,thumb
1822,thumb
2198,thumb
2409,thumb
2397,thumb
2256,thumb
2133,thumb
1996,thumb
2128,thumb
2437,thumb
2269,thumb
1864,thumb
1530,thumb
1377,thumb
1329,thumb
1436,thumb
1554,thumb
1691,thumb
1576,thumb
1264,thumb
1419,thumb
1823,thumb
2206,thumb
2409,thumb
2386,thumb
2247,thumb
2136,thumb
2008,thumb
2136,thumb
2439,thumb
2269,thumb
1870,thumb
1540,thumb
1374,thumb
1322,thumb
1428,thumb
1553,thumb
1697,thumb
1583,thumb
1266,thumb
1419,thumb
1808,thumb
2190,thumb
2407,thumb
2395,thumb
2256,thumb
2130,thumb
1988,thumb
2113,thumb
2440,thumb
2296,thumb
1890,thumb
1547,thumb
1381,thumb
1324,thumb
1420,thumb
1546,thumb
1691,thumb
1584,thumb
1265,thumb
1422,thumb
1818,thumb
2199,thumb
2406,thumb
2390,thumb
2248,thumb
2121,thumb
2006,thumb
2136,thumb
2436,thumb
2273,thumb
1872,thumb
1548,thumb
1381,thumb
1328,thumb
1435,thumb
1555,thumb
1689,thumb
1587,thumb
1270,thumb
1418,thumb
1810,thumb
2193,thumb
2404,thumb
2387,thumb
2249,thumb
2134,thumb
2001,thumb
2130,thumb
2443,thumb
2275,thumb
1881,thumb
1547,thumb
1394,thumb
1336,thumb
1431,thumb
1552,thumb
1698,thumb
1585,thumb
1267,thumb
1417,thumb
1804,thumb
2183,thumb
2403,thumb
2391,thumb
2255,thumb
2137,thumb
2010,thumb
2130,thumb
2441,thumb
2273,thumb
1881,thumb
1546,thumb
1376,thumb
1327,thumb
1422,thumb
1546,thumb
1685,thumb
1585,thumb
1269,thumb
1414,thumb
1807,thumb
2184,thumb
2392,thumb
2381,thumb
2247,thumb
2140,thumb
2015,thumb
2131,thumb
2439,thumb
2277,thumb
1881,thumb
1550,thumb
1386,thumb
1328,thumb
1428,thumb
1554,thumb
1690,thumb
1585,thumb
1252,thumb
1403,thumb
1815,thumb
2216,thumb
2411,thumb
2385,thumb
2250,thumb
2131,thumb
2006,thumb
2132,thumb
2440,thumb
2272,thumb
1876,thumb
1550,thumb
1385,thumb
1324,thumb
1426,thumb
1548,thumb
1687,thumb
1589,thumb
1266,thumb
1413,thumb
1796,thumb
2177,thumb
2400,thumb
2389,thumb
2252,thumb
2140,thumb
2010,thumb
2122,thumb
2438,thumb
2277,thumb
1885,thumb
1544,thumb
1380,thumb
1328,thumb
1430,thumb
1550,thumb
1685,thumb
1592,thumb
1282,thumb
1414,thumb
1798,thumb
2178,thumb
2396,thumb
2378,thumb
2257,thumb
2141,thumb
2011,thumb
2127,thumb
2444,thumb
2281,thumb
1891,thumb
1554,thumb
1387,thumb
1331,thumb
1424,thumb
1548,thumb
1688,thumb
1590,thumb
1272,thumb
1416,thumb
1793,thumb
2178,thumb
2410,thumb
2393,thumb
2257,thumb
2142,thumb
2009,thumb
2118,thumb
2435,thumb
2279,thumb
1881,thumb
1540,thumb
1385,thumb
1333,thumb
1415,thumb
1531,thumb
1677,thumb
1589,thumb
1274,thumb
1437,thumb
1810,thumb
2180,thumb
2392,thumb
2381,thumb
2242,thumb
2133,thumb
2022,thumb
2131,thumb
2454,thumb
2301,thumb
1920,thumb
1560,thumb
1380,thumb
1312,thumb
1399,thumb
1533,thumb
1676,thumb
1613,thumb
1284,thumb
1421,thumb
1787,thumb
2167,thumb
2393,thumb
2384,thumb
2280,thumb
2158,thumb
2003,thumb
2104,thumb
2418,thumb
2276,thumb
1892,thumb
1552,thumb
1369,thumb
1316,thumb
1392,thumb
1528,thumb
1723,thumb
1647,thumb
1303,thumb
1413,thumb
1783,thumb
2169,thumb
2390,thumb
2376,thumb
2268,thumb
2152,thumb
2005,thumb
2110,thumb
2420,thumb
2274,thumb
1914,thumb
1578,thumb
1387,thumb
1326,thumb
1415,thumb
1533,thumb
1651,thumb
1593,thumb
1260,thumb
1410,thumb
1798,thumb
2180,thumb
2416,thumb
2402,thumb
2260,thumb
2141,thumb
1998,thumb
2090,thumb
2417,thumb
2311,thumb
1941,thumb
1588,thumb
1390,thumb
1285,thumb
1401,thumb
1544,thumb
1653,thumb
1549,thumb
1269,thumb
1473,thumb
1820,thumb
2219,thumb
2419,thumb
2394,thumb
2249,thumb
2124,thumb
2001,thumb
2109,thumb
2425,thumb
2274,thumb
1896,thumb
1555,thumb
1408,thumb
1344,thumb
1426,thumb
1526,thumb
1651,thumb
1574,thumb
1256,thumb
1414,thumb
1785,thumb
2172,thumb
2387,thumb
2381,thumb
2252,thumb
2153,thumb
2018,thumb
2109,thumb
2434,thumb
2304,thumb
1912,thumb
1563,thumb
1399,thumb
1330,thumb
1422,thumb
1546,thumb
1688,thumb
1611,thumb
1278,thumb
1411,thumb
1788,thumb
2169,thumb
2382,thumb
2377,thumb
2253,thumb
2139,thumb
1998,thumb
2096,thumb
2435,thumb
2280,thumb
1906,thumb
1566,thumb
1384,thumb
1336,thumb
1434,thumb
1549,thumb
1677,thumb
1599,thumb
1260,thumb
1411,thumb
1792,thumb
2160,thumb
2389,thumb
2391,thumb
2264,thumb
2170,thumb
2015,thumb
2080,thumb
2395,thumb
2244,thumb
1894,thumb
1588,thumb
1441,thumb
1392,thumb
1458,thumb
1560,thumb
1704,thumb
1595,thumb
1246,thumb
1389,thumb
1762,thumb
2149,thumb
2414,thumb
2408,thumb
2260,thumb
2123,thumb
1988,thumb
2098,thumb
2446,thumb
2289,thumb
1898,thumb
1556,thumb
1393,thumb
1329,thumb
1424,thumb
1551,thumb
1684,thumb
1613,thumb
1274,thumb
1402,thumb
1766,thumb
2152,thumb
2396,thumb
2392,thumb
2267,thumb
2143,thumb
2006,thumb
2098,thumb
2449,thumb
2292,thumb
1914,thumb
1568,thumb
1400,thumb
1330,thumb
1401,thumb
1529,thumb
1670,thumb
1605,thumb
1267,thumb
1417,thumb
1780,thumb
2163,thumb
2402,thumb
2396,thumb
2260,thumb
2143,thumb
2009,thumb
2101,thumb
2430,thumb
2285,thumb
1908,thumb
1558,thumb
1387,thumb
1329,thumb
1424,thumb
1554,thumb
1690,thumb
1602,thumb
1251,thumb
1417,thumb
1789,thumb
2177,thumb
2397,thumb
2392,thumb
2273,thumb
2150,thumb
2009,thumb
2093,thumb
2443,thumb
2291,thumb
1908,thumb
1563,thumb
1393,thumb
1326,thumb
1413,thumb
1537,thumb
1686,thumb
1625,thumb
1276,thumb
1407,thumb
1752,thumb
2139,thumb
2402,thumb
2421,thumb
2263,thumb
2141,thumb
2005,thumb
2098,thumb
2439,thumb
2278,thumb
1898,thumb
1545,thumb
1379,thumb
1312,thumb
1406,thumb
1583,thumb
1735,thumb
1675,thumb
1272,thumb
1383,thumb
1747,thumb
2144,thumb
2371,thumb
2353,thumb
2231,thumb
2129,thumb
2011,thumb
2100,thumb
2463,thumb
2336,thumb
1935,thumb
1547,thumb
1376,thumb
1332,thumb
1428,thumb
1556,thumb
1698,thumb
1599,thumb
1284,thumb
1426,thumb
1788,thumb
2158,thumb
2383,thumb
2380,thumb
2256,thumb
2140,thumb
2011,thumb
2077,thumb
2427,thumb
2273,thumb
1896,thumb
1558,thumb
1388,thumb
1331,thumb
1425,thumb
1580,thumb
1728,thumb
1655,thumb
1290,thumb
1405,thumb
1750,thumb
2114,thumb
2389,thumb
2391,thumb
2256,thumb
2129,thumb
1997,thumb
2080,thumb
2473,thumb
2286,thumb
1901,thumb
1568,thumb
1397,thumb
1327,thumb
1419,thumb
1535,thumb
1656,thumb
1611,thumb
1243,thumb
1376,thumb
1770,thumb
2173,thumb
2429,thumb
2446,thumb
2314,thumb
2169,thumb
2054,thumb
2105,thumb
2441,thumb
2284,thumb
1874,thumb
1513,thumb
1357,thumb
1303,thumb
1393,thumb
1564,thumb
1702,thumb
1653,thumb
1281,thumb
1401,thumb
1756,thumb
2146,thumb
2367,thumb
2375,thumb
2267,thumb
2165,thumb
2040,thumb
2102,thumb
2437,thumb
2276,thumb
1897,thumb
1564,thumb
1400,thumb
1342,thumb
1406,thumb
1527,thumb
1654,thumb
1597,thumb
1265,thumb
1427,thumb
1802,thumb
2177,thumb
2407,thumb
2407,thumb
2271,thumb
2159,thumb
2018,thumb
2100,thumb
2477,thumb
2292,thumb
1885,thumb
1505,thumb
1327,thumb
1299,thumb
1430,thumb
1550,thumb
1680,thumb
1638,thumb
1297,thumb
1411,thumb
1777,thumb
2175,thumb
2409,thumb
2386,thumb
2278,thumb
2177,thumb
2050,thumb
2099,thumb
2455,thumb
2246,thumb
1866,thumb
1533,thumb
1375,thumb
1339,thumb
1412,thumb
1526,thumb
1655,thumb
1626,thumb
1275,thumb
1409,thumb
1737,thumb
2127,thumb
2363,thumb
2350,thumb
2235,thumb
2131,thumb
1993,thumb
2056,thumb
2482,thumb
2435,thumb
2047,thumb
1632,thumb
1403,thumb
1301,thumb
1389,thumb
1524,thumb
1671,thumb
1629,thumb
1254,thumb
1402,thumb
1756,thumb
2149,thumb
2406,thumb
2381,thumb
2259,thumb
2149,thumb
2013,thumb
2076,thumb
2436,thumb
2296,thumb
1935,thumb
1549,thumb
1375,thumb
1311,thumb
1396,thumb
1534,thumb
1663,thumb
1635,thumb
1275,thumb
1412,thumb
1776,thumb
2153,thumb
2389,thumb
2388,thumb
2262,thumb
2156,thumb
2020,thumb
2071,thumb
2435,thumb
2294,thumb
1939,thumb
1575,thumb
1381,thumb
1318,thumb
1416,thumb
1548,thumb
1682,thumb
1647,thumb
1265,thumb
1414,thumb
1767,thumb
2160,thumb
2402,thumb
2376,thumb
2246,thumb
2121,thumb
2012,thumb
2070,thumb
2431,thumb
2287,thumb
1945,thumb
1585,thumb
1403,thumb
1329,thumb
1397,thumb
1528,thumb
1670,thumb
1653,thumb
1296,thumb
1417,thumb
1762,thumb
2145,thumb
2391,thumb
2383,thumb
2258,thumb
2152,thumb
2020,thumb
2068,thumb
2439,thumb
2304,thumb
1942,thumb
1581,thumb
1355,thumb
1276,thumb
1360,thumb
1539,thumb
1709,thumb
1673,thumb
1281,thumb
1436,thumb
1779,thumb
2163,thumb
2389,thumb
2370,thumb
2266,thumb
2157,thumb
2038,thumb
2072,thumb
2417,thumb
2280,thumb
1925,thumb
1572,thumb
1383,thumb
1316,thumb
1411,thumb
1529,thumb
1665,thumb
1639,thumb
1278,thumb
1403,thumb
1752,thumb
2149,thumb
2402,thumb
2405,thumb
2276,thumb
2153,thumb
2021,thumb
2066,thumb
2433,thumb
2287,thumb
1932,thumb
1572,thumb
1396,thumb
1332,thumb
1407,thumb
1517,thumb
1653,thumb
1652,thumb
1286,thumb
1421,thumb
1764,thumb
2130,thumb
2407,thumb
2406,thumb
2263,thumb
2147,thumb
2023,thumb
2063,thumb
2418,thumb
2277,thumb
1928,thumb
1573,thumb
1400,thumb
1339,thumb
1423,thumb
1539,thumb
1671,thumb
1649,thumb
1266,thumb
1390,thumb
1745,thumb
2135,thumb
2397,thumb
2394,thumb
2275,thumb
2155,thumb
2034,thumb
2077,thumb
2441,thumb
2295,thumb
1935,thumb
1572,thumb
1399,thumb
1329,thumb
1405,thumb
1530,thumb
1670,thumb
1651,thumb
1274,thumb
1403,thumb
1743,thumb
2131,thumb
2393,thumb
2408,thumb
2276,thumb
2148,thumb
2017,thumb
2066,thumb
2443,thumb
2307,thumb
1928,thumb
1566,thumb
1395,thumb
1323,thumb
1390,thumb
1526,thumb
1664,thumb
1649,thumb
1291,thumb
1412,thumb
1749,thumb
2130,thumb
2389,thumb
2403,thumb
2280,thumb
2154,thumb
2027,thumb
2075,thumb
2442,thumb
2300,thumb
1944,thumb
1579,thumb
1397,thumb
1325,thumb
1399,thumb
1519,thumb
1668,thumb
1656,thumb
1274,thumb
1398,thumb
1742,thumb
2133,thumb
2385,thumb
2389,thumb
2277,thumb
2164,thumb
2029,thumb
2059,thumb
2438,thumb
2301,thumb
1944,thumb
1580,thumb
1394,thumb
1328,thumb
1412,thumb
1535,thumb
1669,thumb
1652,thumb
1272,thumb
1388,thumb
1730,thumb
2127,thumb
2389,thumb
2400,thumb
2281,thumb
2161,thumb
2026,thumb
2053,thumb
2436,thumb
2299,thumb
1950,thumb
1579,thumb
1401,thumb
1331,thumb
1409,thumb
1529,thumb
1668,thumb
1660,thumb
1276,thumb
1401,thumb
1736,thumb
2126,thumb
2387,thumb
2399,thumb
2274,thumb
2154,thumb
2027,thumb
2051,thumb
2431,thumb
2292,thumb
1945,thumb
1586,thumb
1400,thumb
1336,thumb
1411,thumb
1527,thumb
1677,thumb
1668,thumb
1265,thumb
1391,thumb
1729,thumb
2125,thumb
2384,thumb
2384,thumb
2276,thumb
2169,thumb
2032,thumb
2053,thumb
2435,thumb
2297,thumb
1948,thumb
1577,thumb
1401,thumb
1342,thumb
1410,thumb
1530,thumb
1669,thumb
1655,thumb
1273,thumb
1387,thumb
1732,thumb
2120,thumb
2383,thumb
2393,thumb
2282,thumb
2163,thumb
2033,thumb
2052,thumb
2436,thumb
2305,thumb
1956,thumb
1587,thumb
1401,thumb
1340,thumb
1406,thumb
1524,thumb
1666,thumb
1658,thumb
1269,thumb
1389,thumb
1726,thumb
2120,thumb
2379,thumb
2392,thumb
2276,thumb
2158,thumb
2027,thumb
2050,thumb
2434,thumb
2305,thumb
1958,thumb
1580,thumb
1398,thumb
1330,thumb
1411,thumb
1533,thumb
1672,thumb
1670,thumb
1273,thumb
1389,thumb
1722,thumb
2122,thumb
2388,thumb
2394,thumb
2282,thumb
2160,thumb
2026,thumb
2044,thumb
2434,thumb
2299,thumb
1955,thumb
1586,thumb
1402,thumb
1329,thumb
1399,thumb
1527,thumb
1667,thumb
1667,thumb
1274,thumb
1393,thumb
1732,thumb
2125,thumb
2390,thumb
2402,thumb
2281,thumb
2162,thumb
2028,thumb
2052,thumb
2434,thumb
2311,thumb
1959,thumb
1588,thumb
1401,thumb
1323,thumb
1397,thumb
1523,thumb
1663,thumb
1670,thumb
1280,thumb
1384,thumb
1717,thumb
2114,thumb
2384,thumb
2392,thumb
2277,thumb
2156,thumb
2028,thumb
2038,thumb
2436,thumb
2304,thumb
1957,thumb
1584,thumb
1407,thumb
1345,thumb
1406,thumb
1528,thumb
1663,thumb
1663,thumb
1270,thumb
1383,thumb
1718,thumb
2105,thumb
2377,thumb
2398,thumb
2306,thumb
2178,thumb
2037,thumb
2041,thumb
2443,thumb
2300,thumb
1972,thumb
1589,thumb
1392,thumb
1334,thumb
1399,thumb
1514,thumb
1659,thumb
1676,thumb
1278,thumb
1387,thumb
1719,thumb
2110,thumb
2379,thumb
2396,thumb
2284,thumb
2159,thumb
2030,thumb
2046,thumb
2441,thumb
2318,thumb
1969,thumb
1594,thumb
1399,thumb
1327,thumb
1396,thumb
1518,thumb
1654,thumb
1671,thumb
1270,thumb
1380,thumb
1718,thumb
2106,thumb
2387,thumb
2401,thumb
2287,thumb
2167,thumb
2038,thumb
2038,thumb
2441,thumb
2308,thumb
1965,thumb
1588,thumb
1399,thumb
1334,thumb
1393,thumb
1518,thumb
1665,thumb
1678,thumb
1273,thumb
1385,thumb
1716,thumb
2133,thumb
2393,thumb
2402,thumb
2282,thumb
2159,thumb
2035,thumb
2034,thumb
2436,thumb
2306,thumb
1973,thumb
1588,thumb
1399,thumb
1325,thumb
1401,thumb
1527,thumb
1663,thumb
1674,thumb
1269,thumb
1384,thumb
1703,thumb
2102,thumb
2385,thumb
2407,thumb
2292,thumb
2161,thumb
2031,thumb
2037,thumb
2450,thumb
2318,thumb
1968,thumb
1579,thumb
1391,thumb
1313,thumb
1381,thumb
1511,thumb
1675,thumb
1688,thumb
1274,thumb
1388,thumb
1722,thumb
2111,thumb
2383,thumb
2401,thumb
2296,thumb
2166,thumb
2030,thumb
2031,thumb
2438,thumb
2314,thumb
1975,thumb
1595,thumb
1403,thumb
1332,thumb
1395,thumb
1518,thumb
1659,thumb
1679,thumb
1266,thumb
1378,thumb
1705,thumb
2100,thumb
2384,thumb
2412,thumb
2294,thumb
2162,thumb
2028,thumb
2029,thumb
2444,thumb
2316,thumb
1981,thumb
1599,thumb
1415,thumb
1327,thumb
1376,thumb
1502,thumb
1655,thumb
1681,thumb
1271,thumb
1380,thumb
1705,thumb
2115,thumb
2388,thumb
2385,thumb
2277,thumb
2156,thumb
2021,thumb
2027,thumb
2468,thumb
2403,thumb
2066,thumb
1625,thumb
1381,thumb
1254,thumb
1304,thumb
1486,thumb
1678,thumb
1699,thumb
1257,thumb
1367,thumb
1704,thumb
2096,thumb
2376,thumb
2404,thumb
2291,thumb
2162,thumb
2045,thumb
2053,thumb
2459,thumb
2321,thumb
1972,thumb
1604,thumb
1411,thumb
1329,thumb
1393,thumb
1527,thumb
1662,thumb
1684,thumb
1269,thumb
1355,thumb
1666,thumb
2053,thumb
2346,thumb
2390,thumb
2293,thumb
2220,thumb
2110,thumb
2084,thumb
2477,thumb
2326,thumb
1982,thumb
1610,thumb
1401,thumb
1326,thumb
1387,thumb
1493,thumb
1636,thumb
1677,thumb
1269,thumb
1377,thumb
1694,thumb
2072,thumb
2390,thumb
2396,thumb
2272,thumb
2147,thumb
2042,thumb
2032,thumb
2434,thumb
2306,thumb
1972,thumb
1596,thumb
1445,thumb
1359,thumb
1387,thumb
1497,thumb
1638,thumb
1675,thumb
1285,thumb
1396,thumb
1715,thumb
2110,thumb
2391,thumb
2403,thumb
2295,thumb
2170,thumb
2031,thumb
2010,thumb
2460,thumb
2356,thumb
1973,thumb
1598,thumb
1414,thumb
1332,thumb
1387,thumb
1517,thumb
1661,thumb
1699,thumb
1283,thumb
1369,thumb
1690,thumb
2069,thumb
2363,thumb
2391,thumb
2289,thumb
2169,thumb
2071,thumb
2009,thumb
2429,thumb
2319,thumb
1969,thumb
1587,thumb
1412,thumb
1345,thumb
1412,thumb
1532,thumb
1665,thumb
1690,thumb
1282,thumb
1404,thumb
1716,thumb
2106,thumb
2365,thumb
2335,thumb
2241,thumb
2162,thumb
2035,thumb
1999,thumb
2424,thumb
2315,thumb
1978,thumb
1582,thumb
1406,thumb
1362,thumb
1425,thumb
1529,thumb
1681,thumb
1703,thumb
1287,thumb
1380,thumb
1695,thumb
2079,thumb
2336,thumb
2360,thumb
2270,thumb
2173,thumb
2088,thumb
2070,thumb
2469,thumb
2387,thumb
2032,thumb
1620,thumb
1415,thumb
1330,thumb
1363,thumb
1486,thumb
1628,thumb
1686,thumb
1288,thumb
1367,thumb
1682,thumb
2070,thumb
2369,thumb
2410,thumb
2293,thumb
2156,thumb
2030,thumb
1990,thumb
2393,thumb
2298,thumb
2014,thumb
1659,thumb
1433,thumb
1333,thumb
1414,thumb
1511,thumb
1662,thumb
1706,thumb
1283,thumb
1365,thumb
1691,thumb
2105,thumb
2379,thumb
2392,thumb
2300,thumb
2195,thumb
2079,thumb
2013,thumb
2376,thumb
2227,thumb
1943,thumb
1608,thumb
1434,thumb
1342,thumb
1412,thumb
1555,thumb
1668,thumb
1682,thumb
1259,thumb
1378,thumb
1689,thumb
2088,thumb
2369,thumb
2386,thumb
2288,thumb
2174,thumb
2065,thumb
2049,thumb
2459,thumb
2354,thumb
1986,thumb
1584,thumb
1406,thumb
1326,thumb
1365,thumb
1485,thumb
1634,thumb
1698,thumb
1313,thumb
1407,thumb
1704,thumb
2078,thumb
2371,thumb
2393,thumb
2304,thumb
2196,thumb
2064,thumb
2013,thumb
2409,thumb
2278,thumb
1958,thumb
1581,thumb
1409,thumb
1337,thumb
1387,thumb
1512,thumb
1679,thumb
1747,thumb
1293,thumb
1370,thumb
1681,thumb
2073,thumb
2379,thumb
2400,thumb
2299,thumb
2175,thumb
2022,thumb
1973,thumb
2390,thumb
2277,thumb
2012,thumb
1677,thumb
1459,thumb
1370,thumb
1383,thumb
1506,thumb
1659,thumb
1741,thumb
1362,thumb
1417,thumb
1677,thumb
2026,thumb
2334,thumb
2417,thumb
2307,thumb
2108,thumb
1976,thumb
1943,thumb
2395,thumb
2312,thumb
2014,thumb
1626,thumb
1435,thumb
1342,thumb
1387,thumb
1545,thumb
1677,thumb
1714,thumb
1287,thumb
1360,thumb
1667,thumb
2068,thumb
2379,thumb
2419,thumb
2326,thumb
2183,thumb
2037,thumb
1989,thumb
2439,thumb
2345,thumb
2004,thumb
1614,thumb
1447,thumb
1345,thumb
1383,thumb
1511,thumb
1626,thumb
1660,thumb
1257,thumb
1387,thumb
1685,thumb
2075,thumb
2401,thumb
2409,thumb
2293,thumb
2164,thumb
2039,thumb
1987,thumb
2410,thumb
2315,thumb
2001,thumb
1622,thumb
1441,thumb
1329,thumb
1369,thumb
1510,thumb
1681,thumb
1742,thumb
1306,thumb
1357,thumb
1645,thumb
2069,thumb
2357,thumb
2400,thumb
2291,thumb
2183,thumb
2053,thumb
2002,thumb
2422,thumb
2310,thumb
1990,thumb
1610,thumb
1412,thumb
1344,thumb
1395,thumb
1508,thumb
1658,thumb
1745,thumb
1317,thumb
1385,thumb
1659,thumb
2038,thumb
2349,thumb
2393,thumb
2297,thumb
2181,thumb
2048,thumb
2008,thumb
2435,thumb
2331,thumb
2026,thumb
1627,thumb
1406,thumb
1331,thumb
1396,thumb
1539,thumb
1659,thumb
1711,thumb
1268,thumb
1317,thumb
1585,thumb
2000,thumb
2314,thumb
2442,thumb
2393,thumb
2235,thumb
2120,thumb
2040,thumb
2447,thumb
2340,thumb
1992,thumb
1596,thumb
1386,thumb
1316,thumb
1338,thumb
1511,thumb
1669,thumb
1739,thumb
1314,thumb
1385,thumb
1700,thumb
2089,thumb
2368,thumb
2350,thumb
2233,thumb
2139,thumb
2021,thumb
1973,thumb
2409,thumb
2316,thumb
2036,thumb
1645,thumb
1443,thumb
1367,thumb
1409,thumb
1533,thumb
1661,thumb
1699,thumb
1273,thumb
1360,thumb
1637,thumb
2028,thumb
2345,thumb
2426,thumb
2321,thumb
2160,thumb
1973,thumb
1928,thumb
2482,thumb
2454,thumb
2077,thumb
1628,thumb
1439,thumb
1361,thumb
1381,thumb
1495,thumb
1620,thumb
1692,thumb
1293,thumb
1364,thumb
1656,thumb
2037,thumb
2347,thumb
2391,thumb
2286,thumb
2154,thumb
2036,thumb
2035,thumb
2459,thumb
2357,thumb
2050,thumb
1603,thumb
1413,thumb
1346,thumb
1407,thumb
1506,thumb
1647,thumb
1714,thumb
1276,thumb
1353,thumb
1643,thumb
2048,thumb
2365,thumb
2413,thumb
2320,thumb
2219,thumb
2089,thumb
1997,thumb
2405,thumb
2294,thumb
2004,thumb
1597,thumb
1403,thumb
1338,thumb
1387,thumb
1498,thumb
1627,thumb
1709,thumb
1302,thumb
1370,thumb
1659,thumb
2072,thumb
2382,thumb
2411,thumb
2302,thumb
2183,thumb
2067,thumb
1978,thumb
2434,thumb
2387,thumb
2054,thumb
1584,thumb
1346,thumb
1301,thumb
1376,thumb
1515,thumb
1615,thumb
1729,thumb
1276,thumb
1334,thumb
1669,thumb
2117,thumb
2432,thumb
2463,thumb
2308,thumb
2159,thumb
2057,thumb
1996,thumb
2442,thumb
2340,thumb
2020,thumb
1620,thumb
1414,thumb
1324,thumb
1387,thumb
1503,thumb
1625,thumb
1685,thumb
1289,thumb
1374,thumb
1666,thumb
2056,thumb
2376,thumb
2438,thumb
2341,thumb
2177,thumb
2052,thumb
2002,thumb
2393,thumb
2289,thumb
1974,thumb
1581,thumb
1412,thumb
1326,thumb
1361,thumb
1504,thumb
1651,thumb
1760,thumb
1357,thumb
1400,thumb
1666,thumb
2055,thumb
2358,thumb
2375,thumb
2302,thumb
2179,thumb
2056,thumb
1979,thumb
2420,thumb
2327,thumb
2018,thumb
1625,thumb
1408,thumb
1330,thumb
1380,thumb
1513,thumb
1680,thumb
1762,thumb
1303,thumb
1360,thumb
1655,thumb
2029,thumb
2326,thumb
2358,thumb
2279,thumb
2203,thumb
2090,thumb
2018,thumb
2415,thumb
2312,thumb
2007,thumb
1649,thumb
1453,thumb
1371,thumb
1409,thumb
1509,thumb
1627,thumb
1644,thumb
1241,thumb
1336,thumb
1657,thumb
2055,thumb
2347,thumb
2396,thumb
2309,thumb
2165,thumb
2078,thumb
2049,thumb
2515,thumb
2375,thumb
2030,thumb
1587,thumb
1390,thumb
1333,thumb
1371,thumb
1489,thumb
1623,thumb
1729,thumb
1328,thumb
1372,thumb
1608,thumb
1992,thumb
2314,thumb
2389,thumb
2336,thumb
2265,thumb
2117,thumb
2017,thumb
2399,thumb
2341,thumb
2048,thumb
1645,thumb
1428,thumb
1336,thumb
1352,thumb
1443,thumb
1586,thumb
1714,thumb
1314,thumb
1362,thumb
1672,thumb
2086,thumb
2342,thumb
2404,thumb
2339,thumb
2204,thumb
2067,thumb
1973,thumb
2453,thumb
2356,thumb
2008,thumb
1601,thumb
1405,thumb
1328,thumb
1367,thumb
1507,thumb
1637,thumb
1724,thumb
1297,thumb
1360,thumb
1671,thumb
2080,thumb
2406,thumb
2443,thumb
2314,thumb
2145,thumb
1973,thumb
1905,thumb
2396,thumb
2349,thumb
2060,thumb
1680,thumb
1424,thumb
1340,thumb
1373,thumb
1478,thumb
1597,thumb
1711,thumb
1310,thumb
1373,thumb
1663,thumb
2070,thumb
2399,thumb
2393,thumb
2286,thumb
2182,thumb
2070,thumb
1975,thumb
2404,thumb
2331,thumb
2031,thumb
1643,thumb
1467,thumb
1378,thumb
1370,thumb
1497,thumb
1629,thumb
1722,thumb
1292,thumb
1336,thumb
1620,thumb
2066,thumb
2394,thumb
2418,thumb
2309,thumb
2180,thumb
2061,thumb
1979,thumb
2405,thumb
2332,thumb
2044,thumb
1636,thumb
1422,thumb
1337,thumb
1373,thumb
1502,thumb
1630,thumb
1717,thumb
1314,thumb
1369,thumb
1646,thumb
2046,thumb
2364,thumb
2415,thumb
2321,thumb
2187,thumb
2061,thumb
1976,thumb
2412,thumb
2344,thumb
2038,thumb
1640,thumb
1434,thumb
1334,thumb
1384,thumb
1504,thumb
1644,thumb
1724,thumb
1275,thumb
1341,thumb
1619,thumb
2030,thumb
2367,thumb
2398,thumb
2314,thumb
2180,thumb
2059,thumb
1969,thumb
2414,thumb
2380,thumb
2130,thumb
1671,thumb
1407,thumb
1292,thumb
1333,thumb
1468,thumb
1630,thumb
1743,thumb
1344,thumb
1388,thumb
1636,thumb
2030,thumb
2343,thumb
2391,thumb
2324,thumb
2171,thumb
2038,thumb
1957,thumb
2413,thumb
2365,thumb
2083,thumb
1669,thumb
1406,thumb
1306,thumb
1346,thumb
1462,thumb
1638,thumb
1793,thumb
1347,thumb
1330,thumb
1623,thumb
2034,thumb
2358,thumb
2395,thumb
2289,thumb
2168,thumb
2079,thumb
1996,thumb
2409,thumb
2350,thumb
2059,thumb
1646,thumb
1429,thumb
1339,thumb
1372,thumb
1506,thumb
1638,thumb
1742,thumb
1320,thumb
1355,thumb
1629,thumb
2021,thumb
2347,thumb
2397,thumb
2314,thumb
2179,thumb
2058,thumb
1973,thumb
2406,thumb
2347,thumb
2061,thumb
1650,thumb
1418,thumb
1324,thumb
1378,thumb
1498,thumb
1640,thumb
1747,thumb
1319,thumb
1353,thumb
1622,thumb
2032,thumb
2355,thumb
2412,thumb
2337,thumb
2187,thumb
2043,thumb
1948,thumb
2395,thumb
2359,thumb
2078,thumb
1657,thumb
1427,thumb
1327,thumb
1359,thumb
1494,thumb
1630,thumb
1732,thumb
1321,thumb
1359,thumb
1635,thumb
2036,thumb
2356,thumb
2402,thumb
2312,thumb
2179,thumb
2056,thumb
1962,thumb
2393,thumb
2347,thumb
2083,thumb
1670,thumb
1447,thumb
1344,thumb
1393,thumb
1524,thumb
1648,thumb
1732,thumb
1254,thumb
1307,thumb
1614,thumb
2008,thumb
2332,thumb
2410,thumb
2369,thumb
2216,thumb
2056,thumb
1933,thumb
2354,thumb
2323,thumb
2077,thumb
1685,thumb
1436,thumb
1364,thumb
1380,thumb
1520,thumb
1653,thumb
1759,thumb
1326,thumb
1311,thumb
1604,thumb
2030,thumb
2355,thumb
2389,thumb
2293,thumb
2180,thumb
2075,thumb
1997,thumb
2444,thumb
2388,thumb
2098,thumb
1646,thumb
1420,thumb
1331,thumb
1354,thumb
1487,thumb
1622,thumb
1724,thumb
1313,thumb
1340,thumb
1607,thumb
2016,thumb
2344,thumb
2401,thumb
2321,thumb
2187,thumb
2058,thumb
1958,thumb
2394,thumb
2361,thumb
2077,thumb
1652,thumb
1426,thumb
1336,thumb
1361,thumb
1490,thumb
1626,thumb
1731,thumb
1317,thumb
1346,thumb
1617,thumb
2022,thumb
2349,thumb
2400,thumb
2316,thumb
2195,thumb
2079,thumb
1967,thumb
2392,thumb
2352,thumb
2074,thumb
1664,thumb
1426,thumb
1337,thumb
1361,thumb
1491,thumb
1625,thumb
1739,thumb
1330,thumb
1349,thumb
1621,thumb
2023,thumb
2354,thumb
2411,thumb
2329,thumb
2192,thumb
2069,thumb
1961,thumb
2388,thumb
2361,thumb
2084,thumb
1685,thumb
1451,thumb
1350,thumb
1333,thumb
1410,thumb
1563,thumb
1754,thumb
1419,thumb
1387,thumb
1604,thumb
2012,thumb
2340,thumb
2396,thumb
2321,thumb
2180,thumb
2057,thumb
1950,thumb
2390,thumb
2366,thumb
2075,thumb
1632,thumb
1406,thumb
1349,thumb
1382,thumb
1502,thumb
1673,thumb
1770,thumb
1337,thumb
1341,thumb
1622,thumb
2021,thumb
2342,thumb
2408,thumb
2324,thumb
2188,thumb
2053,thumb
1939,thumb
2405,thumb
2395,thumb
2108,thumb
1662,thumb
1408,thumb
1319,thumb
1352,thumb
1475,thumb
1601,thumb
1705,thumb
1310,thumb
1350,thumb
1621,thumb
2029,thumb
2373,thumb
2450,thumb
2372,thumb
2197,thumb
2053,thumb
1945,thumb
2358,thumb
2346,thumb
2084,thumb
1672,thumb
1459,thumb
1342,thumb
1364,thumb
1515,thumb
1634,thumb
1708,thumb
1305,thumb
1342,thumb
1595,thumb
1994,thumb
2339,thumb
2410,thumb
2347,thumb
2200,thumb
2068,thumb
1959,thumb
2379,thumb
2357,thumb
2086,thumb
1667,thumb
1440,thumb
1347,thumb
1365,thumb
1494,thumb
1629,thumb
1741,thumb
1337,thumb
1354,thumb
1605,thumb
2007,thumb
2340,thumb
2403,thumb
2328,thumb
2186,thumb
2064,thumb
1952,thumb
2392,thumb
2355,thumb
2073,thumb
1653,thumb
1412,thumb
1331,thumb
1399,thumb
1527,thumb
1628,thumb
1739,thumb
1335,thumb
1330,thumb
1609,thumb
2030,thumb
2361,thumb
2425,thumb
2331,thumb
2177,thumb
2062,thumb
1926,thumb
2342,thumb
2344,thumb
2088,thumb
1677,thumb
1442,thumb
1371,thumb
1429,thumb
1515,thumb
1618,thumb
1708,thumb
1298,thumb
1318,thumb
1575,thumb
2004,thumb
2365,thumb
2432,thumb
2343,thumb
2195,thumb
2069,thumb
1955,thumb
2370,thumb
2379,thumb
2102,thumb
1672,thumb
1425,thumb
1315,thumb
1356,thumb
1495,thumb
1614,thumb
1726,thumb
1351,thumb
1372,thumb
1632,thumb
2019,thumb
2341,thumb
2395,thumb
2331,thumb
2222,thumb
2086,thumb
1954,thumb
2364,thumb
2366,thumb
2104,thumb
1672,thumb
1443,thumb
1339,thumb
1324,thumb
1452,thumb
1603,thumb
1726,thumb
1333,thumb
1336,thumb
1591,thumb
2035,thumb
2367,thumb
2411,thumb
2346,thumb
2213,thumb
2077,thumb
1962,thumb
2366,thumb
2345,thumb
2093,thumb
1686,thumb
1440,thumb
1340,thumb
1355,thumb
1496,thumb
1633,thumb
1744,thumb
1337,thumb
1326,thumb
1592,thumb
1992,thumb
2332,thumb
2401,thumb
2353,thumb
2214,thumb
2064,thumb
1940,thumb
2349,thumb
2380,thumb
2112,thumb
1704,thumb
1463,thumb
1339,thumb
1335,thumb
1468,thumb
1598,thumb
1737,thumb
1337,thumb
1344,thumb
1620,thumb
2039,thumb
2352,thumb
2377,thumb
2273,thumb
2182,thumb
2093,thumb
1967,thumb
2351,thumb
2355,thumb
2095,thumb
1671,thumb
1412,thumb
1337,thumb
1390,thumb
1557,thumb
1674,thumb
1780,thumb
1379,thumb
1338,thumb
1565,thumb
1969,thumb
2323,thumb
2402,thumb
2333,thumb
2201,thumb
2064,thumb
1944,thumb
2346,thumb
2357,thumb
2097,thumb
1665,thumb
1429,thumb
1340,thumb
1364,thumb
1526,thumb
1651,thumb
1731,thumb
1320,thumb
1296,thumb
1585,thumb
2048,thumb
2361,thumb
2386,thumb
2324,thumb
2196,thumb
2098,thumb
2004,thumb
2401,thumb
2354,thumb
2051,thumb
1626,thumb
1395,thumb
1318,thumb
1371,thumb
1470,thumb
1595,thumb
1723,thumb
1331,thumb
1356,thumb
1589,thumb
2044,thumb
2394,thumb
2459,thumb
2352,thumb
2201,thumb
2128,thumb
2008,thumb
2368,thumb
2345,thumb
2069,thumb
1654,thumb
1423,thumb
1328,thumb
1335,thumb
1468,thumb
1601,thumb
1719,thumb
1349,thumb
1332,thumb
1567,thumb
1980,thumb
2303,thumb
2408,thumb
2360,thumb
2252,thumb
2148,thumb
2010,thumb
2387,thumb
2360,thumb
2070,thumb
1659,thumb
1450,thumb
1293,thumb
1307,thumb
1481,thumb
1630,thumb
1722,thumb
1349,thumb
1394,thumb
1615,thumb
1963,thumb
2289,thumb
2376,thumb
2324,thumb
2175,thumb
2051,thumb
1939,thumb
2354,thumb
2359,thumb
2093,thumb
1659,thumb
1448,thumb
1379,thumb
1415,thumb
1511,thumb
1693,thumb
1781,thumb
1367,thumb
1299,thumb
1547,thumb
2018,thumb
2420,thumb
2474,thumb
2341,thumb
2174,thumb
2045,thumb
1949,thumb
2340,thumb
2356,thumb
2074,thumb
1656,thumb
1435,thumb
1334,thumb
1391,thumb
1603,thumb
1672,thumb
1727,thumb
1339,thumb
1300,thumb
1555,thumb
1976,thumb
2331,thumb
2412,thumb
2314,thumb
2166,thumb
2006,thumb
1902,thumb
2356,thumb
2382,thumb
2157,thumb
1738,thumb
1458,thumb
1361,thumb
1366,thumb
1487,thumb
1602,thumb
1713,thumb
1345,thumb
1322,thumb
1566,thumb
2000,thumb
2328,thumb
2388,thumb
2367,thumb
2182,thumb
2036,thumb
1930,thumb
2331,thumb
2367,thumb
2123,thumb
1714,thumb
1473,thumb
1372,thumb
1342,thumb
1508,thumb
1728,thumb
1819,thumb
1388,thumb
1346,thumb
1571,thumb
1994,thumb
2323,thumb
2393,thumb
2317,thumb
2164,thumb
2061,thumb
1957,thumb
2314,thumb
2326,thumb
2117,thumb
1735,thumb
1451,thumb
1319,thumb
1334,thumb
1493,thumb
1621,thumb
1735,thumb
1351,thumb
1317,thumb
1562,thumb
1973,thumb
2276,thumb
2343,thumb
2331,thumb
2212,thumb
2123,thumb
2001,thumb
2378,thumb
2385,thumb
2100,thumb
1649,thumb
1427,thumb
1351,thumb
1333,thumb
1494,thumb
1678,thumb
1733,thumb
1384,thumb
1339,thumb
1547,thumb
1950,thumb
2305,thumb
2405,thumb
2392,thumb
2245,thumb
2116,thumb
2000,thumb
2357,thumb
2365,thumb
2106,thumb
1678,thumb
1437,thumb
1358,thumb
1371,thumb
1508,thumb
1604,thumb
1702,thumb
1376,thumb
1337,thumb
1565,thumb
1943,thumb
2292,thumb
2387,thumb
2318,thumb
2174,thumb
2053,thumb
1990,thumb
2380,thumb
2437,thumb
2208,thumb
1744,thumb
1452,thumb
1327,thumb
1294,thumb
1473,thumb
1629,thumb
1731,thumb
1346,thumb
1300,thumb
1580,thumb
1995,thumb
2307,thumb
2372,thumb
2326,thumb
2208,thumb
2060,thumb
1949,thumb
2359,thumb
2380,thumb
2121,thumb
1681,thumb
1454,thumb
1349,thumb
1350,thumb
1479,thumb
1627,thumb
1796,thumb
1398,thumb
1328,thumb
1556,thumb
1966,thumb
2298,thumb
2388,thumb
2315,thumb
2194,thumb
2085,thumb
1973,thumb
2373,thumb
2423,thumb
2114,thumb
1652,thumb
1428,thumb
1382,thumb
1419,thumb
1527,thumb
1632,thumb
1736,thumb
1346,thumb
1284,thumb
1525,thumb
1963,thumb
2303,thumb
2392,thumb
2360,thumb
2241,thumb
2139,thumb
1977,thumb
2304,thumb
2362,thumb
2162,thumb
1758,thumb
1499,thumb
1358,thumb
1258,thumb
1385,thumb
1594,thumb
1741,thumb
1379,thumb
1305,thumb
1534,thumb
2017,thumb
2353,thumb
2401,thumb
2359,thumb
2213,thumb
2050,thumb
1925,thumb
2255,thumb
2339,thumb
2173,thumb
1764,thumb
1549,thumb
1364,thumb
1379,thumb
1514,thumb
1603,thumb
1705,thumb
1380,thumb
1330,thumb
1498,thumb
1899,thumb
2282,thumb
2412,thumb
2378,thumb
2264,thumb
2174,thumb
2082,thumb
2326,thumb
2319,thumb
2092,thumb
1666,thumb
1442,thumb
1369,thumb
1411,thumb
1509,thumb
1584,thumb
1671,thumb
1324,thumb
1289,thumb
1547,thumb
1983,thumb
2360,thumb
2483,thumb
2427,thumb
2200,thumb
2052,thumb
1943,thumb
2325,thumb
2404,thumb
2130,thumb
1705,thumb
1437,thumb
1300,thumb
1321,thumb
1477,thumb
1619,thumb
1755,thumb
1394,thumb
1288,thumb
1491,thumb
1937,thumb
2357,thumb
2426,thumb
2375,thumb
2250,thumb
2095,thumb
1976,thumb
2297,thumb
2396,thumb
2210,thumb
1761,thumb
1445,thumb
1319,thumb
1317,thumb
1488,thumb
1626,thumb
1778,thumb
1445,thumb
1291,thumb
1494,thumb
1927,thumb
2296,thumb
2415,thumb
2393,thumb
2258,thumb
2090,thumb
1964,thumb
2341,thumb
2398,thumb
2134,thumb
1675,thumb
1444,thumb
1355,thumb
1337,thumb
1454,thumb
1591,thumb
1704,thumb
1372,thumb
1310,thumb
1560,thumb
2004,thumb
2319,thumb
2406,thumb
2362,thumb
2209,thumb
2080,thumb
1968,thumb
2314,thumb
2363,thumb
2144,thumb
1711,thumb
1462,thumb
1357,thumb
1361,thumb
1502,thumb
1614,thumb
1712,thumb
1379,thumb
1313,thumb
1555,thumb
1977,thumb
2328,thumb
2375,thumb
2308,thumb
2213,thumb
2151,thumb
1993,thumb
2309,thumb
2335,thumb
2118,thumb
1713,thumb
1467,thumb
1340,thumb
1326,thumb
1469,thumb
1562,thumb
1695,thumb
1421,thumb
1399,thumb
1623,thumb
1984,thumb
2342,thumb
2452,thumb
2334,thumb
2187,thumb
2099,thumb
1963,thumb
2281,thumb
2369,thumb
2104,thumb
1663,thumb
1434,thumb
1345,thumb
1433,thumb
1557,thumb
1617,thumb
1745,thumb
1438,thumb
1307,thumb
1506,thumb
1932,thumb
2282,thumb
2344,thumb
2291,thumb
2216,thumb
2143,thumb
1986,thumb
2325,thumb
2462,thumb
2206,thumb
1718,thumb
1428,thumb
1324,thumb
1323,thumb
1478,thumb
1613,thumb
1721,thumb
1395,thumb
1308,thumb
1515,thumb
1941,thumb
2306,thumb
2401,thumb
2342,thumb
2219,thumb
2110,thumb
2010,thumb
2341,thumb
2395,thumb
2157,thumb
1718,thumb
1462,thumb
1363,thumb
1356,thumb
1484,thumb
1623,thumb
1684,thumb
1375,thumb
1274,thumb
1482,thumb
1938,thumb
2296,thumb
2391,thumb
2358,thumb
2212,thumb
2098,thumb
1990,thumb
2376,thumb
2422,thumb
2160,thumb
1705,thumb
1450,thumb
1333,thumb
1321,thumb
1463,thumb
1564,thumb
1694,thumb
1397,thumb
1347,thumb
1564,thumb
1921,thumb
2280,thumb
2378,thumb
2392,thumb
2289,thumb
2176,thumb
2006,thumb
2368,thumb
2421,thumb
2213,thumb
1744,thumb
1464,thumb
1344,thumb
1254,thumb
1408,thumb
1551,thumb
1689,thumb
1415,thumb
1321,thumb
1518,thumb
1974,thumb
2340,thumb
2425,thumb
2356,thumb
2192,thumb
2080,thumb
1972,thumb
2287,thumb
2366,thumb
2134,thumb
1688,thumb
1464,thumb
1356,thumb
1354,thumb
1514,thumb
1622,thumb
1737,thumb
1405,thumb
1301,thumb
1528,thumb
1957,thumb
2336,thumb
2446,thumb
2353,thumb
2201,thumb
2084,thumb
1975,thumb
2302,thumb
2384,thumb
2157,thumb
1717,thumb
1456,thumb
1344,thumb
1334,thumb
1469,thumb
1601,thumb
1714,thumb
1410,thumb
1311,thumb
1520,thumb
1960,thumb
2302,thumb
2415,thumb
2359,thumb
2218,thumb
2091,thumb
1972,thumb
2306,thumb
2400,thumb
2177,thumb
1730,thumb
1469,thumb
1351,thumb
1327,thumb
1457,thumb
1599,thumb
1720,thumb
1413,thumb
1312,thumb
1521,thumb
1955,thumb
2300,thumb
2394,thumb
2355,thumb
2221,thumb
2096,thumb
1986,thumb
2306,thumb
2391,thumb
2167,thumb
1717,thumb
1453,thumb
1339,thumb
1330,thumb
1468,thumb
1613,thumb
1746,thumb
1452,thumb
1340,thumb
1518,thumb
1950,thumb
2307,thumb
2408,thumb
2360,thumb
2195,thumb
2071,thumb
1956,thumb
2283,thumb
2382,thumb
2162,thumb
1744,thumb
1532,thumb
1420,thumb
1349,thumb
1447,thumb
1563,thumb
1695,thumb
1442,thumb
1325,thumb
1492,thumb
1922,thumb
2284,thumb
2402,thumb
2371,thumb
2241,thumb
2094,thumb
1968,thumb
2294,thumb
2392,thumb
2169,thumb
1728,thumb
1467,thumb
1349,thumb
1333,thumb
1468,thumb
1601,thumb
1726,thumb
1424,thumb
1311,thumb
1514,thumb
1940,thumb
2287,thumb
2399,thumb
2354,thumb
2215,thumb
2113,thumb
2023,thumb
2333,thumb
2412,thumb
2195,thumb
1732,thumb
1474,thumb
1322,thumb
1271,thumb
1440,thumb
1585,thumb
1686,thumb
1414,thumb
1316,thumb
1530,thumb
1961,thumb
2323,thumb
2426,thumb
2370,thumb
2220,thumb
2093,thumb
1968,thumb
2292,thumb
2404,thumb
2169,thumb
1735,thumb
1470,thumb
1349,thumb
1330,thumb
1463,thumb
1586,thumb
1706,thumb
1412,thumb
1297,thumb
1513,thumb
1962,thumb
2332,thumb
2436,thumb
2367,thumb
2218,thumb
2093,thumb
1974,thumb
2294,thumb
2400,thumb
2167,thumb
1724,thumb
1468,thumb
1353,thumb
1338,thumb
1473,thumb
1592,thumb
1716,thumb
1428,thumb
1318,thumb
1510,thumb
1944,thumb
2295,thumb
2412,thumb
2367,thumb
2218,thumb
2097,thumb
1972,thumb
2278,thumb
2389,thumb
2180,thumb
1737,thumb
1464,thumb
1348,thumb
1340,thumb
1491,thumb
1603,thumb
1725,thumb
1425,thumb
1303,thumb
1505,thumb
1938,thumb
2297,thumb
2422,thumb
2362,thumb
2208,thumb
2087,thumb
1971,thumb
2293,thumb
2418,thumb
2188,thumb
1734,thumb
1476,thumb
1374,thumb
1339,thumb
1464,thumb
1581,thumb
1713,thumb
1422,thumb
1300,thumb
1507,thumb
1944,thumb
2294,thumb
2398,thumb
2369,thumb
2226,thumb
2114,thumb
1989,thumb
2275,thumb
2381,thumb
2157,thumb
1723,thumb
1476,thumb
1395,thumb
1344,thumb
1460,thumb
1608,thumb
1739,thumb
1426,thumb
1285,thumb
1466,thumb
1905,thumb
2286,thumb
2414,thumb
2371,thumb
2244,thumb
2119,thumb
1985,thumb
2283,thumb
2405,thumb
2191,thumb
1749,thumb
1474,thumb
1350,thumb
1333,thumb
1458,thumb
1578,thumb
1702,thumb
1426,thumb
1305,thumb
1507,thumb
1959,thumb
2331,thumb
2434,thumb
2369,thumb
2205,thumb
2094,thumb
1974,thumb
2278,thumb
2395,thumb
2180,thumb
1728,thumb
1465,thumb
1348,thumb
1333,thumb
1480,thumb
1637,thumb
1759,thumb
1442,thumb
1271,thumb
1435,thumb
1886,thumb
2283,thumb
2432,thumb
2379,thumb
2217,thumb
2102,thumb
2013,thumb
2297,thumb
2416,thumb
2203,thumb
1749,thumb
1474,thumb
1339,thumb
1319,thumb
1465,thumb
1614,thumb
1738,thumb
1428,thumb
1279,thumb
1501,thumb
1937,thumb
2294,thumb
2422,thumb
2366,thumb
2198,thumb
2099,thumb
2006,thumb
2302,thumb
2411,thumb
2184,thumb
1732,thumb
1470,thumb
1335,thumb
1284,thumb
1432,thumb
1588,thumb
1724,thumb
1458,thumb
1318,thumb
1508,thumb
1943,thumb
2299,thumb
2422,thumb
2378,thumb
2218,thumb
2080,thumb
1961,thumb
2261,thumb
2396,thumb
2210,thumb
1789,thumb
1532,thumb
1378,thumb
1326,thumb
1458,thumb
1602,thumb
1712,thumb
1419,thumb
1283,thumb
1477,thumb
1918,thumb
2285,thumb
2409,thumb
2366,thumb
2240,thumb
2145,thumb
1993,thumb
2266,thumb
2392,thumb
2181,thumb
1750,thumb
1488,thumb
1355,thumb
1332,thumb
1464,thumb
1582,thumb
1700,thumb
1410,thumb
1269,thumb
1467,thumb
1923,thumb
2303,thumb
2442,thumb
2410,thumb
2282,thumb
2140,thumb
1993,thumb
2269,thumb
2387,thumb
2165,thumb
1739,thumb
1475,thumb
1351,thumb
1315,thumb
1462,thumb
1582,thumb
1708,thumb
1431,thumb
1272,thumb
1493,thumb
1939,thumb
2287,thumb
2425,thumb
2404,thumb
2250,thumb
2111,thumb
1984,thumb
2271,thumb
2422,thumb
2202,thumb
1740,thumb
1478,thumb
1356,thumb
1324,thumb
1443,thumb
1555,thumb
1694,thumb
1443,thumb
1301,thumb
1516,thumb
1951,thumb
2280,thumb
2390,thumb
2371,thumb
2242,thumb
2117,thumb
1973,thumb
2250,thumb
2430,thumb
2207,thumb
1741,thumb
1451,thumb
1338,thumb
1327,thumb
1461,thumb
1595,thumb
1724,thumb
1450,thumb
1296,thumb
1503,thumb
1926,thumb
2314,thumb
2437,thumb
2375,thumb
2226,thumb
2093,thumb
1964,thumb
2266,thumb
2404,thumb
2188,thumb
1749,thumb
1460,thumb
1360,thumb
1346,thumb
1473,thumb
1623,thumb
1756,thumb
1464,thumb
1284,thumb
1475,thumb
1914,thumb
2279,thumb
2408,thumb
2367,thumb
2212,thumb
2089,thumb
1965,thumb
2247,thumb
2420,thumb
2222,thumb
1784,thumb
1498,thumb
1385,thumb
1353,thumb
1470,thumb
1594,thumb
1717,thumb
1446,thumb
1264,thumb
1449,thumb
1904,thumb
2278,thumb
2404,thumb
2369,thumb
2234,thumb
2104,thumb
1995,thumb
2296,thumb
2444,thumb
2210,thumb
1738,thumb
1456,thumb
1312,thumb
1310,thumb
1455,thumb
1595,thumb
1723,thumb
1436,thumb
1294,thumb
1492,thumb
1941,thumb
2308,thumb
2435,thumb
2347,thumb
2206,thumb
2121,thumb
1995,thumb
2265,thumb
2418,thumb
2209,thumb
1766,thumb
1481,thumb
1357,thumb
1328,thumb
1475,thumb
1582,thumb
1681,thumb
1445,thumb
1286,thumb
1488,thumb
1945,thumb
2303,thumb
2421,thumb
2394,thumb
2226,thumb
2100,thumb
1975,thumb
2250,thumb
2423,thumb
2211,thumb
1768,thumb
1489,thumb
1345,thumb
1315,thumb
1444,thumb
1584,thumb
1711,thumb
1461,thumb
1284,thumb
1469,thumb
1902,thumb
2265,thumb
2411,thumb
2380,thumb
2236,thumb
2110,thumb
1974,thumb
2246,thumb
2422,thumb
2223,thumb
1759,thumb
1469,thumb
1359,thumb
1349,thumb
1478,thumb
1571,thumb
1706,thumb
1471,thumb
1347,thumb
1484,thumb
1898,thumb
2268,thumb
2416,thumb
2374,thumb
2249,thumb
2148,thumb
1988,thumb
2219,thumb
2414,thumb
2219,thumb
1770,thumb
1453,thumb
1307,thumb
1302,thumb
1423,thumb
1541,thumb
1676,thumb
1453,thumb
1330,thumb
1522,thumb
1927,thumb
2285,thumb
2436,thumb
2378,thumb
2232,thumb
2117,thumb
2014,thumb
2276,thumb
2421,thumb
2223,thumb
1779,thumb
1502,thumb
1363,thumb
1318,thumb
1436,thumb
1584,thumb
1700,thumb
1446,thumb
1262,thumb
1460,thumb
1925,thumb
2302,thumb
2415,thumb
2324,thumb
2181,thumb
2111,thumb
2030,thumb
2295,thumb
2449,thumb
2208,thumb
1750,thumb
1486,thumb
1370,thumb
1322,thumb
1444,thumb
1588,thumb
1701,thumb
1467,thumb
1302,thumb
1516,thumb
1941,thumb
2266,thumb
2385,thumb
2344,thumb
2217,thumb
2120,thumb
1972,thumb
2229,thumb
2405,thumb
2233,thumb
1807,thumb
1511,thumb
1352,thumb
1289,thumb
1424,thumb
1580,thumb
1702,thumb
1461,thumb
1303,thumb
1481,thumb
1906,thumb
2274,thumb
2427,thumb
2388,thumb
2233,thumb
2116,thumb
1982,thumb
2240,thumb
2422,thumb
2197,thumb
1742,thumb
1478,thumb
1378,thumb
1352,thumb
1471,thumb
1595,thumb
1723,thumb
1493,thumb
1273,thumb
1461,thumb
1898,thumb
2268,thumb
2402,thumb
2355,thumb
2223,thumb
2103,thumb
1985,thumb
2242,thumb
2451,thumb
2228,thumb
1778,thumb
1488,thumb
1331,thumb
1334,thumb
1473,thumb
1582,thumb
1772,thumb
1528,thumb
1302,thumb
1423,thumb
1821,thumb
2186,thumb
2350,thumb
2350,thumb
2223,thumb
2161,thumb
2095,thumb
2295,thumb
2446,thumb
2222,thumb
1744,thumb
1459,thumb
1324,thumb
1296,thumb
1430,thumb
1574,thumb
1743,thumb
1524,thumb
1269,thumb
1496,thumb
1942,thumb
2269,thumb
2423,thumb
2413,thumb
2232,thumb
2101,thumb
1980,thumb
2228,thumb
2421,thumb
2218,thumb
1774,thumb
1466,thumb
1359,thumb
1336,thumb
1444,thumb
1527,thumb
1656,thumb
1474,thumb
1304,thumb
1469,thumb
1872,thumb
2243,thumb
2393,thumb
2394,thumb
2288,thumb
2137,thumb
1995,thumb
2245,thumb
2417,thumb
2197,thumb
1773,thumb
1497,thumb
1359,thumb
1335,thumb
1467,thumb
1614,thumb
1718,thumb
1463,thumb
1267,thumb
1475,thumb
1889,thumb
2257,thumb
2407,thumb
2382,thumb
2226,thumb
2112,thumb
1998,thumb
2216,thumb
2409,thumb
2263,thumb
1809,thumb
1496,thumb
1324,thumb
1293,thumb
1432,thumb
1571,thumb
1721,thumb
1522,thumb
1314,thumb
1487,thumb
1859,thumb
2268,thumb
2424,thumb
2362,thumb
2207,thumb
2099,thumb
2004,thumb
2252,thumb
2434,thumb
2226,thumb
1788,thumb
1491,thumb
1346,thumb
1343,thumb
1448,thumb
1579,thumb
1731,thumb
1494,thumb
1268,thumb
1441,thumb
1878,thumb
2265,thumb
2407,thumb
2357,thumb
2230,thumb
2125,thumb
2007,thumb
2233,thumb
2445,thumb
2195,thumb
1760,thumb
1516,thumb
1368,thumb
1328,thumb
1463,thumb
1586,thumb
1716,thumb
1482,thumb
1278,thumb
1476,thumb
1878,thumb
2262,thumb
2446,thumb
2419,thumb
2192,thumb
2071,thumb
1961,thumb
2224,thumb
2437,thumb
2231,thumb
1804,thumb
1522,thumb
1350,thumb
1331,thumb
1475,thumb
1585,thumb
1693,thumb
1495,thumb
1294,thumb
1439,thumb
1874,thumb
2232,thumb
2392,thumb
2369,thumb
2249,thumb
2120,thumb
1985,thumb
2226,thumb
2434,thumb
2233,thumb
1776,thumb
1484,thumb
1348,thumb
1314,thumb
1457,thumb
1617,thumb
1742,thumb
1537,thumb
1286,thumb
1473,thumb
1883,thumb
2201,thumb
2371,thumb
2377,thumb
2252,thumb
2139,thumb
2001,thumb
2260,thumb
2481,thumb
2235,thumb
1793,thumb
1432,thumb
1309,thumb
1320,thumb
1442,thumb
1551,thumb
1727,thumb
1514,thumb
1277,thumb
1451,thumb
1887,thumb
2269,thumb
2431,thumb
2389,thumb
2256,thumb
2110,thumb
1996,thumb
2212,thumb
2429,thumb
2246,thumb
1808,thumb
1506,thumb
1352,thumb
1291,thumb
1420,thumb
1561,thumb
1684,thumb
1516,thumb
1321,thumb
1509,thumb
1923,thumb
2219,thumb
2366,thumb
2324,thumb
2199,thumb
2122,thumb
1984,thumb
2183,thumb
2442,thumb
2335,thumb
1861,thumb
1501,thumb
1348,thumb
1312,thumb
1446,thumb
1552,thumb
1702,thumb
1527,thumb
1313,thumb
1494,thumb
1887,thumb
2246,thumb
2395,thumb
2357,thumb
2208,thumb
2110,thumb
1983,thumb
2208,thumb
2427,thumb
2253,thumb
1819,thumb
1541,thumb
1398,thumb
1339,thumb
1412,thumb
1502,thumb
1643,thumb
1519,thumb
1291,thumb
1431,thumb
1845,thumb
2250,thumb
2443,thumb
2392,thumb
2260,thumb
2136,thumb
1986,thumb
2182,thumb
2405,thumb
2238,thumb
1810,thumb
1513,thumb
1377,thumb
1344,thumb
1480,thumb
1587,thumb
1700,thumb
1504,thumb
1283,thumb
1453,thumb
1872,thumb
2241,thumb
2419,thumb
2375,thumb
2239,thumb
2125,thumb
1988,thumb
2197,thumb
2429,thumb
2224,thumb
1795,thumb
1506,thumb
1380,thumb
1346,thumb
1446,thumb
1571,thumb
1711,thumb
1517,thumb
1275,thumb
1438,thumb
1876,thumb
2237,thumb
2423,thumb
2395,thumb
2250,thumb
2118,thumb
1967,thumb
2159,thumb
2416,thumb
2266,thumb
1810,thumb
1474,thumb
1350,thumb
1327,thumb
1453,thumb
1574,thumb
1719,thumb
1516,thumb
1294,thumb
1457,thumb
1881,thumb
2283,thumb
2468,thumb
2417,thumb
2267,thumb
2157,thumb
2010,thumb
2118,thumb
2375,thumb
2208,thumb
1760,thumb
1449,thumb
1301,thumb
1271,thumb
1438,thumb
1641,thumb
1803,thumb
1575,thumb
1292,thumb
1454,thumb
1880,thumb
2238,thumb
2418,thumb
2385,thumb
2235,thumb
2121,thumb
2012,thumb
2195,thumb
2460,thumb
2240,thumb
1791,thumb
1508,thumb
1340,thumb
1306,thumb
1433,thumb
1585,thumb
1720,thumb
1523,thumb
1265,thumb
1439,thumb
1861,thumb
2237,thumb
2412,thumb
2378,thumb
2239,thumb
2127,thumb
1991,thumb
2187,thumb
2429,thumb
2238,thumb
1810,thumb
1515,thumb
1366,thumb
1326,thumb
1446,thumb
1569,thumb
1702,thumb
1508,thumb
1249,thumb
1429,thumb
1871,thumb
2247,thumb
2422,thumb
2391,thumb
2240,thumb
2124,thumb
1999,thumb
2198,thumb
2436,thumb
2245,thumb
1817,thumb
1510,thumb
1364,thumb
1317,thumb
1435,thumb
1566,thumb
1701,thumb
1527,thumb
1275,thumb
1449,thumb
1867,thumb
2237,thumb
2413,thumb
2387,thumb
2240,thumb
2121,thumb
1995,thumb
2191,thumb
2436,thumb
2245,thumb
1816,thumb
1514,thumb
1368,thumb
1323,thumb
1438,thumb
1571,thumb
1702,thumb
1525,thumb
1271,thumb
1446,thumb
1865,thumb
2241,thumb
2422,thumb
2384,thumb
2232,thumb
2117,thumb
1989,thumb
2198,thumb
2428,thumb
2248,thumb
1828,thumb
1516,thumb
1363,thumb
1331,thumb
1439,thumb
1559,thumb
1692,thumb
1528,thumb
1274,thumb
1457,thumb
1861,thumb
2232,thumb
2413,thumb
2387,thumb
2235,thumb
2114,thumb
1992,thumb
2182,thumb
2429,thumb
2242,thumb
1825,thumb
1533,thumb
1379,thumb
1343,thumb
1449,thumb
1567,thumb
1694,thumb
1527,thumb
1267,thumb
1444,thumb
1863,thumb
2232,thumb
2441,thumb
2395,thumb
2234,thumb
2095,thumb
1958,thumb
2167,thumb
2441,thumb
2265,thumb
1833,thumb
1510,thumb
1365,thumb
1316,thumb
1425,thumb
1561,thumb
1704,thumb
1556,thumb
1276,thumb
1442,thumb
1853,thumb
2232,thumb
2411,thumb
2380,thumb
2241,thumb
2122,thumb
1996,thumb
2182,thumb
2435,thumb
2256,thumb
1827,thumb
1530,thumb
1382,thumb
1329,thumb
1421,thumb
1532,thumb
1685,thumb
1540,thumb
1281,thumb
1436,thumb
1849,thumb
2231,thumb
2420,thumb
2395,thumb
2251,thumb
2122,thumb
1988,thumb
2178,thumb
2450,thumb
2261,thumb
1830,thumb
1518,thumb
1369,thumb
1320,thumb
1425,thumb
1566,thumb
1704,thumb
1542,thumb
1265,thumb
1439,thumb
1859,thumb
2226,thumb
2413,thumb
2391,thumb
2247,thumb
2124,thumb
1992,thumb
2175,thumb
2434,thumb
2253,thumb
1830,thumb
1525,thumb
1370,thumb
1325,thumb
1437,thumb
1561,thumb
1702,thumb
1554,thumb
1272,thumb
1435,thumb
1857,thumb
2228,thumb
2416,thumb
2389,thumb
2250,thumb
2126,thumb
1991,thumb
2172,thumb
2425,thumb
2247,thumb
1832,thumb
1532,thumb
1381,thumb
1326,thumb
1434,thumb
1565,thumb
1699,thumb
1542,thumb
1273,thumb
1428,thumb
1848,thumb
2223,thumb
2410,thumb
2382,thumb
2241,thumb
2130,thumb
2009,thumb
2181,thumb
2442,thumb
2254,thumb
1833,thumb
1516,thumb
1362,thumb
1318,thumb
1433,thumb
1559,thumb
1698,thumb
1544,thumb
1274,thumb
1437,thumb
1855,thumb
2226,thumb
2408,thumb
2396,thumb
2251,thumb
2126,thumb
1986,thumb
2151,thumb
2418,thumb
2241,thumb
1824,thumb
1542,thumb
1393,thumb
1335,thumb
1439,thumb
1556,thumb
1686,thumb
1542,thumb
1276,thumb
1473,thumb
1871,thumb
2220,thumb
2381,thumb
2343,thumb
2183,thumb
2084,thumb
1996,thumb
2211,thumb
2504,thumb
2318,thumb
1852,thumb
1526,thumb
1372,thumb
1319,thumb
1429,thumb
1553,thumb
1693,thumb
1546,thumb
1263,thumb
1431,thumb
1844,thumb
2221,thumb
2409,thumb
2393,thumb
2238,thumb
2132,thumb
2006,thumb
2169,thumb
2447,thumb
2268,thumb
1839,thumb
1515,thumb
1366,thumb
1318,thumb
1443,thumb
1562,thumb
1701,thumb
1548,thumb
1262,thumb
1424,thumb
1837,thumb
2222,thumb
2406,thumb
2383,thumb
2246,thumb
2125,thumb
1998,thumb
2171,thumb
2453,thumb
2262,thumb
1843,thumb
1525,thumb
1358,thumb
1317,thumb
1433,thumb
1565,thumb
1700,thumb
1555,thumb
1268,thumb
1430,thumb
1834,thumb
2209,thumb
2411,thumb
2395,thumb
2254,thumb
2129,thumb
1996,thumb
2168,thumb
2450,thumb
2266,thumb
1842,thumb
1522,thumb
1364,thumb
1319,thumb
1431,thumb
1556,thumb
1696,thumb
1553,thumb
1262,thumb
1417,thumb
1837,thumb
2225,thumb
2419,thumb
2389,thumb
2252,thumb
2131,thumb
1996,thumb
2160,thumb
2437,thumb
2267,thumb
1849,thumb
1525,thumb
1372,thumb
1327,thumb
1437,thumb
1561,thumb
1703,thumb
1562,thumb
1266,thumb
1432,thumb
1831,thumb
2209,thumb
2410,thumb
2390,thumb
2254,thumb
2138,thumb
2006,thumb
2164,thumb
2438,thumb
2252,thumb
1841,thumb
1530,thumb
1363,thumb
1316,thumb
1431,thumb
1560,thumb
1690,thumb
1550,thumb
1266,thumb
1437,thumb
1838,thumb
2208,thumb
2417,thumb
2389,thumb
2256,thumb
2136,thumb
2010,thumb
2163,thumb
2442,thumb
2271,thumb
1848,thumb
1530,thumb
1366,thumb
1315,thumb
1429,thumb
1557,thumb
1697,thumb
1561,thumb
1263,thumb
1425,thumb
1834,thumb
2209,thumb
2406,thumb
2396,thumb
2257,thumb
2133,thumb
2003,thumb
2161,thumb
2440,thumb
2266,thumb
1850,thumb
1529,thumb
1373,thumb
1317,thumb
1417,thumb
1552,thumb
1700,thumb
1571,thumb
1270,thumb
1428,thumb
1826,thumb
2203,thumb
2421,thumb
2409,thumb
2263,thumb
2137,thumb
2001,thumb
2140,thumb
2413,thumb
2262,thumb
1861,thumb
1541,thumb
1380,thumb
1323,thumb
1429,thumb
1553,thumb
1696,thumb
1558,thumb
1257,thumb
1417,thumb
1825,thumb
2205,thumb
2416,thumb
2398,thumb
2255,thumb
2137,thumb
2007,thumb
2152,thumb
2439,thumb
2266,thumb
1853,thumb
1528,thumb
1376,thumb
1332,thumb
1432,thumb
1556,thumb
1683,thumb
1567,thumb
1271,thumb
1424,thumb
1825,thumb
2210,thumb
2410,thumb
2370,thumb
2244,thumb
2133,thumb
2013,thumb
2155,thumb
2449,thumb
2284,thumb
1888,thumb
1558,thumb
1371,thumb
1313,thumb
1418,thumb
1526,thumb
1664,thumb
1563,thumb
1260,thumb
1419,thumb
1822,thumb
2205,thumb
2410,thumb
2397,thumb
2256,thumb
2142,thumb
2016,thumb
2158,thumb
2444,thumb
2278,thumb
1865,thumb
1541,thumb
1374,thumb
1325,thumb
1428,thumb
1547,thumb
1689,thumb
1562,thumb
1253,thumb
1422,thumb
1822,thumb
2211,thumb
2410,thumb
2395,thumb
2246,thumb
2129,thumb
2008,thumb
2150,thumb
2440,thumb
2266,thumb
1862,thumb
1543,thumb
1381,thumb
1322,thumb
1430,thumb
1545,thumb
1683,thumb
1568,thumb
1265,thumb
1407,thumb
1801,thumb
2230,thumb
2432,thumb
2419,thumb
2270,thumb
2143,thumb
1995,thumb
2131,thumb
2438,thumb
2272,thumb
1845,thumb
1516,thumb
1367,thumb
1322,thumb
1426,thumb
1552,thumb
1695,thumb
1578,thumb
1263,thumb
1415,thumb
1816,thumb
2195,thumb
2410,thumb
2402,thumb
2262,thumb
2134,thumb
2004,thumb
2143,thumb
2451,thumb
2276,thumb
1871,thumb
1540,thumb
1374,thumb
1323,thumb
1426,thumb
1550,thumb
1687,thumb
1565,thumb
1256,thumb
1408,thumb
1803,thumb
2197,thumb
2414,thumb
2407,thumb
2266,thumb
2133,thumb
2003,thumb
2140,thumb
2451,thumb
2282,thumb
1877,thumb
1535,thumb
1359,thumb
1311,thumb
1425,thumb
1547,thumb
1680,thumb
1570,thumb
1260,thumb
1428,thumb
1821,thumb
2202,thumb
2409,thumb
2412,thumb
2294,thumb
2137,thumb
1988,thumb
2110,thumb
2433,thumb
2289,thumb
1912,thumb
1547,thumb
1372,thumb
1302,thumb
1389,thumb
1525,thumb
1665,thumb
1560,thumb
1254,thumb
1447,thumb
1865,thumb
2228,thumb
2414,thumb
2374,thumb
2242,thumb
2140,thumb
2011,thumb
2134,thumb
2452,thumb
2285,thumb
1875,thumb
1539,thumb
1387,thumb
1311,thumb
1437,thumb
1586,thumb
1693,thumb
1550,thumb
1215,thumb
1368,thumb
1786,thumb
2182,thumb
2424,thumb
2449,thumb
2306,thumb
2162,thumb
2001,thumb
2138,thumb
2461,thumb
2277,thumb
1872,thumb
1530,thumb
1376,thumb
1323,thumb
1411,thumb
1543,thumb
1689,thumb
1579,thumb
1252,thumb
1405,thumb
1784,thumb
2183,thumb
2422,thumb
2415,thumb
2285,thumb
2187,thumb
2026,thumb
2102,thumb
2382,thumb
2217,thumb
1881,thumb
1581,thumb
1413,thumb
1322,thumb
1379,thumb
1491,thumb
1675,thumb
1597,thumb
1277,thumb
1450,thumb
1852,thumb
2213,thumb
2419,thumb
2377,thumb
2227,thumb
2125,thumb
2008,thumb
2145,thumb
2450,thumb
2278,thumb
1886,thumb
1558,thumb
1378,thumb
1321,thumb
1408,thumb
1530,thumb
1668,thumb
1568,thumb
1231,thumb
1366,thumb
1771,thumb
2230,thumb
2516,thumb
2464,thumb
2278,thumb
2132,thumb
1997,thumb
2118,thumb
2426,thumb
2262,thumb
1863,thumb
1519,thumb
1359,thumb
1316,thumb
1433,thumb
1584,thumb
1724,thumb
1611,thumb
1243,thumb
1384,thumb
1818,thumb
2199,thumb
2404,thumb
2381,thumb
2242,thumb
2141,thumb
2009,thumb
2131,thumb
2436,thumb
2265,thumb
1880,thumb
1546,thumb
1372,thumb
1318,thumb
1425,thumb
1546,thumb
1688,thumb
1592,thumb
1254,thumb
1406,thumb
1793,thumb
2178,thumb
2395,thumb
2403,thumb
2278,thumb
2163,thumb
2023,thumb
2130,thumb
2453,thumb
2262,thumb
1874,thumb
1544,thumb
1372,thumb
1332,thumb
1415,thumb
1543,thumb
1673,thumb
1604,thumb
1269,thumb
1439,thumb
1811,thumb
2176,thumb
2403,thumb
2394,thumb
2258,thumb
2139,thumb
2003,thumb
2106,thumb
2443,thumb
2287,thumb
1890,thumb
1556,thumb
1396,thumb
1337,thumb
1418,thumb
1549,thumb
1683,thumb
1592,thumb
1261,thumb
1397,thumb
1790,thumb
2189,thumb
2408,thumb
2373,thumb
2259,thumb
2132,thumb
2001,thumb
2119,thumb
2453,thumb
2301,thumb
1903,thumb
1543,thumb
1377,thumb
1301,thumb
1405,thumb
1541,thumb
1679,thumb
1600,thumb
1268,thumb
1424,thumb
1799,thumb
2180,thumb
2412,thumb
2368,thumb
2238,thumb
2150,thumb
2021,thumb
2132,thumb
2458,thumb
2296,thumb
1899,thumb
1543,thumb
1379,thumb
1334,thumb
1399,thumb
1523,thumb
1718,thumb
1635,thumb
1272,thumb
1409,thumb
1773,thumb
2167,thumb
2398,thumb
2344,thumb
2227,thumb
2131,thumb
2030,thumb
2131,thumb
2494,thumb
2328,thumb
1889,thumb
1523,thumb
1345,thumb
1313,thumb
1414,thumb
1544,thumb
1676,thumb
1592,thumb
1258,thumb
1420,thumb
1790,thumb
2176,thumb
2406,thumb
2381,thumb
2265,thumb
2159,thumb
2025,thumb
2127,thumb
2454,thumb
2282,thumb
1873,thumb
1510,thumb
1368,thumb
1322,thumb
1436,thumb
1589,thumb
1736,thumb
1663,thumb
1299,thumb
1407,thumb
1756,thumb
2136,thumb
2387,thumb
2401,thumb
2260,thumb
2142,thumb
2003,thumb
2110,thumb
2435,thumb
2277,thumb
1884,thumb
1554,thumb
1373,thumb
1307,thumb
1408,thumb
1538,thumb
1699,thumb
1645,thumb
1290,thumb
1398,thumb
1773,thumb
2151,thumb
2397,thumb
2387,thumb
2260,thumb
2150,thumb
2015,thumb
2108,thumb
2451,thumb
2295,thumb
1919,thumb
1571,thumb
1379,thumb
1306,thumb
1399,thumb
1544,thumb
1678,thumb
1610,thumb
1260,thumb
1396,thumb
1765,thumb
2114,thumb
2337,thumb
2400,thumb
2314,thumb
2222,thumb
2073,thumb
2128,thumb
2439,thumb
2278,thumb
1893,thumb
1564,thumb
1403,thumb
1320,thumb
1395,thumb
1506,thumb
1677,thumb
1622,thumb
1269,thumb
1404,thumb
1775,thumb
2167,thumb
2394,thumb
2383,thumb
2280,thumb
2163,thumb
2035,thumb
2125,thumb
2469,thumb
2299,thumb
1901,thumb
1547,thumb
1384,thumb
1321,thumb
1409,thumb
1515,thumb
1649,thumb
1594,thumb
1240,thumb
1398,thumb
1778,thumb
2180,thumb
2408,thumb
2427,thumb
2275,thumb
2134,thumb
2034,thumb
2112,thumb
2463,thumb
2286,thumb
1872,thumb
1532,thumb
1369,thumb
1293,thumb
1395,thumb
1529,thumb
1674,thumb
1648,thumb
1283,thumb
1417,thumb
1785,thumb
2153,thumb
2396,thumb
2423,thumb
2297,thumb
2167,thumb
2016,thumb
2096,thumb
2450,thumb
2293,thumb
1896,thumb
1547,thumb
1383,thumb
1321,thumb
1418,thumb
1537,thumb
1692,thumb
1622,thumb
1248,thumb
1363,thumb
1744,thumb
2151,thumb
2386,thumb
2363,thumb
2273,thumb
2195,thumb
2087,thumb
2130,thumb
2442,thumb
2282,thumb
1906,thumb
1551,thumb
1376,thumb
1317,thumb
1412,thumb
1554,thumb
1681,thumb
1617,thumb
1247,thumb
1384,thumb
1747,thumb
2148,thumb
2402,thumb
2427,thumb
2296,thumb
2131,thumb
2039,thumb
2102,thumb
2441,thumb
2303,thumb
1913,thumb
1549,thumb
1348,thumb
1284,thumb
1398,thumb
1523,thumb
1667,thumb
1625,thumb
1283,thumb
1456,thumb
1801,thumb
2150,thumb
2400,thumb
2406,thumb
2274,thumb
2145,thumb
2013,thumb
2101,thumb
2446,thumb
2305,thumb
1922,thumb
1553,thumb
1372,thumb
1312,thumb
1414,thumb
1535,thumb
1678,thumb
1619,thumb
1256,thumb
1396,thumb
1766,thumb
2155,thumb
2407,thumb
2397,thumb
2262,thumb
2137,thumb
2023,thumb
2105,thumb
2480,thumb
2336,thumb
1926,thumb
1549,thumb
1354,thumb
1289,thumb
1400,thumb
1539,thumb
1652,thumb
1597,thumb
1240,thumb
1370,thumb
1765,thumb
2181,thumb
2457,thumb
2445,thumb
2295,thumb
2165,thumb
2025,thumb
2073,thumb
2418,thumb
2275,thumb
1923,thumb
1559,thumb
1388,thumb
1329,thumb
1424,thumb
1552,thumb
1662,thumb
1601,thumb
1252,thumb
1395,thumb
1752,thumb
2156,thumb
2389,thumb
2428,thumb
2303,thumb
2144,thumb
2016,thumb
2095,thumb
2464,thumb
2290,thumb
1915,thumb
1556,thumb
1380,thumb
1310,thumb
1394,thumb
1530,thumb
1670,thumb
1635,thumb
1283,thumb
1412,thumb
1762,thumb
2149,thumb
2400,thumb
2407,thumb
2275,thumb
2150,thumb
2021,thumb
2083,thumb
2450,thumb
2298,thumb
1919,thumb
1561,thumb
1382,thumb
1321,thumb
1405,thumb
1525,thumb
1667,thumb
1630,thumb
1261,thumb
1393,thumb
1760,thumb
2156,thumb
2403,thumb
2400,thumb
2283,thumb
2156,thumb
2026,thumb
2081,thumb
2444,thumb
2290,thumb
1931,thumb
1576,thumb
1385,thumb
1314,thumb
1403,thumb
2002,open hand
2286,open hand
2138,open hand
1811,open hand
1576,open hand
1475,open hand
1452,open hand
1582,open hand
1682,open hand
1768,open hand
1692,open hand
1437,open hand
1581,open hand
1878,open hand
2141,open hand
2282,open hand
2239,open hand
2114,open hand
2023,open hand
1941,open hand
2023,open hand
2293,open hand
2134,open hand
1833,open hand
1579,open hand
1467,open hand
1457,open hand
1565,open hand
1664,open hand
1779,open hand
1702,open hand
1415,open hand
1561,open hand
1867,open hand
2147,open hand
2279,open hand
2225,open hand
2115,open hand
2039,open hand
1939,open hand
2019,open hand
2268,open hand
2116,open hand
1793,open hand
1584,open hand
1508,open hand
1503,open hand
1565,open hand
1652,open hand
1765,open hand
1719,open hand
1473,open hand
1607,open hand
1877,open hand
2115,open hand
2260,open hand
2220,open hand
2099,open hand
2006,open hand
1930,open hand
2016,open hand
2258,open hand
2115,open hand
1834,open hand
1609,open hand
1510,open hand
1481,open hand
1544,open hand
1671,open hand
1796,open hand
1712,open hand
1425,open hand
1548,open hand
1835,open hand
2146,open hand
2268,open hand
2207,open hand
2103,open hand
2020,open hand
1927,open hand
2019,open hand
2263,open hand
2121,open hand
1829,open hand
1600,open hand
1507,open hand
1492,open hand
1586,open hand
1686,open hand
1773,open hand
1719,open hand
1473,open hand
1611,open hand
1893,open hand
2116,open hand
2226,open hand
2186,open hand
2087,open hand
2006,open hand
1916,open hand
2010,open hand
2235,open hand
2095,open hand
1816,open hand
1607,open hand
1533,open hand
1523,open hand
1605,open hand
1687,open hand
1750,open hand
1695,open hand
1486,open hand
1620,open hand
1889,open hand
2120,open hand
2233,open hand
2189,open hand
2065,open hand
1984,open hand
1923,open hand
1993,open hand
2231,open hand
2110,open hand
1809,open hand
1606,open hand
1543,open hand
1528,open hand
1613,open hand
1695,open hand
1791,open hand
1717,open hand
1481,open hand
1616,open hand
1876,open hand
2106,open hand
2219,open hand
2178,open hand
2067,open hand
1986,open hand
1906,open hand
2002,open hand
2250,open hand
2110,open hand
1824,open hand
1603,open hand
1514,open hand
1513,open hand
1619,open hand
1709,open hand
1798,open hand
1714,open hand
1464,open hand
1604,open hand
1869,open hand
2094,open hand
2233,open hand
2202,open hand
2074,open hand
1989,open hand
1902,open hand
1992,open hand
2217,open hand
2082,open hand
1814,open hand
1621,open hand
1547,open hand
1543,open hand
1628,open hand
1703,open hand
1796,open hand
1717,open hand
1478,open hand
1635,open hand
1893,open hand
2103,open hand
2218,open hand
2166,open hand
2053,open hand
1973,open hand
1906,open hand
1988,open hand
2207,open hand
2081,open hand
1813,open hand
1619,open hand
1554,open hand
1548,open hand
1628,open hand
1707,open hand
1789,open hand
1719,open hand
1498,open hand
1632,open hand
1885,open hand
2102,open hand
2206,open hand
2161,open hand
2064,open hand
1966,open hand
1890,open hand
2004,open hand
2233,open hand
2079,open hand
1802,open hand
1614,open hand
1545,open hand
1558,open hand
1640,open hand
1703,open hand
1788,open hand
1709,open hand
1493,open hand
1624,open hand
1897,open hand
2126,open hand
2215,open hand
2139,open hand
2035,open hand
1964,open hand
1901,open hand
2001,open hand
2217,open hand
2085,open hand
1832,open hand
1647,open hand
1541,open hand
1522,open hand
1610,open hand
1705,open hand
1795,open hand
1720,open hand
1493,open hand
1622,open hand
1898,open hand
2119,open hand
2217,open hand
2153,open hand
2043,open hand
1989,open hand
1915,open hand
1976,open hand
2203,open hand
2072,open hand
1798,open hand
1633,open hand
1580,open hand
1556,open hand
1615,open hand
1691,open hand
1798,open hand
1724,open hand
1495,open hand
1613,open hand
1885,open hand
2106,open hand
2220,open hand
2166,open hand
2068,open hand
1996,open hand
1917,open hand
2003,open hand
2212,open hand
2071,open hand
1805,open hand
1607,open hand
1536,open hand
1542,open hand
1639,open hand
1703,open hand
1783,open hand
1706,open hand
1473,open hand
1579,open hand
1869,open hand
2119,open hand
2257,open hand
2209,open hand
2060,open hand
1990,open hand
1914,open hand
2009,open hand
2231,open hand
2098,open hand
1819,open hand
1606,open hand
1523,open hand
1512,open hand
1609,open hand
1686,open hand
1776,open hand
1720,open hand
1501,open hand
1627,open hand
1878,open hand
2093,open hand
2207,open hand
2190,open hand
2086,open hand
1985,open hand
1908,open hand
2005,open hand
2264,open hand
2118,open hand
1818,open hand
1608,open hand
1519,open hand
1490,open hand
1591,open hand
1691,open hand
1792,open hand
1713,open hand
1475,open hand
1607,open hand
1872,open hand
2110,open hand
2242,open hand
2202,open hand
2096,open hand
2006,open hand
1916,open hand
2007,open hand
2250,open hand
2105,open hand
1811,open hand
1593,open hand
1502,open hand
1497,open hand
1596,open hand
1706,open hand
1791,open hand
1691,open hand
1450,open hand
1602,open hand
1877,open hand
2119,open hand
2234,open hand
2194,open hand
2090,open hand
2007,open hand
1930,open hand
2035,open hand
2266,open hand
2120,open hand
1816,open hand
1598,open hand
1526,open hand
1500,open hand
1582,open hand
1672,open hand
1764,open hand
1680,open hand
1442,open hand
1580,open hand
1873,open hand
2130,open hand
2270,open hand
2227,open hand
2095,open hand
2019,open hand
1918,open hand
2077,open hand
2285,open hand
2107,open hand
1832,open hand
1586,open hand
1504,open hand
1485,open hand
1567,open hand
1657,open hand
1712,open hand
1637,open hand
1443,open hand
1607,open hand
1887,open hand
2147,open hand
2281,open hand
2231,open hand
2112,open hand
2016,open hand
1926,open hand
2030,open hand
2306,open hand
2166,open hand
1825,open hand
1576,open hand
1474,open hand
1463,open hand
1563,open hand
1661,open hand
1753,open hand
1652,open hand
1363,open hand
1541,open hand
1905,open hand
2194,open hand
2326,open hand
2254,open hand
2109,open hand
2037,open hand
1929,open hand
2028,open hand
2289,open hand
2151,open hand
1823,open hand
1575,open hand
1461,open hand
1433,open hand
1546,open hand
1662,open hand
1771,open hand
1684,open hand
1413,open hand
1562,open hand
1875,open hand
2173,open hand
2317,open hand
2257,open hand
2112,open hand
2018,open hand
1912,open hand
2022,open hand
2304,open hand
2141,open hand
1816,open hand
1564,open hand
1467,open hand
1446,open hand
1555,open hand
1664,open hand
1763,open hand
1688,open hand
1410,open hand
1552,open hand
1881,open hand
2169,open hand
2311,open hand
2271,open hand
2140,open hand
2036,open hand
1931,open hand
2031,open hand
2316,open hand
2144,open hand
1794,open hand
1563,open hand
1492,open hand
1442,open hand
1535,open hand
1625,open hand
1738,open hand
1672,open hand
1387,open hand
1569,open hand
1931,open hand
2180,open hand
2313,open hand
2261,open hand
2131,open hand
2056,open hand
1970,open hand
2082,open hand
2296,open hand
2085,open hand
1749,open hand
1544,open hand
1471,open hand
1442,open hand
1542,open hand
1645,open hand
1767,open hand
1691,open hand
1404,open hand
1566,open hand
1903,open hand
2197,open hand
2344,open hand
2296,open hand
2141,open hand
1999,open hand
1898,open hand
2019,open hand
2293,open hand
2132,open hand
1808,open hand
1551,open hand
1449,open hand
1440,open hand
1552,open hand
1640,open hand
1745,open hand
1684,open hand
1446,open hand
1601,open hand
1890,open hand
2147,open hand
2301,open hand
2263,open hand
2135,open hand
2032,open hand
1925,open hand
2050,open hand
2316,open hand
2136,open hand
1781,open hand
1521,open hand
1440,open hand
1430,open hand
1528,open hand
1648,open hand
1769,open hand
1681,open hand
1442,open hand
1613,open hand
1918,open hand
2195,open hand
2347,open hand
2254,open hand
2123,open hand
2028,open hand
1935,open hand
2027,open hand
2269,open hand
2096,open hand
1764,open hand
1562,open hand
1476,open hand
1465,open hand
1566,open hand
1659,open hand
1762,open hand
1682,open hand
1435,open hand
1588,open hand
1903,open hand
2163,open hand
2282,open hand
2220,open hand
2105,open hand
2024,open hand
1928,open hand
2045,open hand
2306,open hand
2102,open hand
1776,open hand
1571,open hand
1477,open hand
1461,open hand
1567,open hand
1685,open hand
1775,open hand
1700,open hand
1458,open hand
1605,open hand
1899,open hand
2131,open hand
2246,open hand
2218,open hand
2087,open hand
1996,open hand
1900,open hand
2045,open hand
2298,open hand
2136,open hand
1824,open hand
1597,open hand
1489,open hand
1479,open hand
1580,open hand
1677,open hand
1785,open hand
1704,open hand
1454,open hand
1588,open hand
1884,open hand
2139,open hand
2266,open hand
2209,open hand
2108,open hand
2037,open hand
1941,open hand
2039,open hand
2235,open hand
2084,open hand
1787,open hand
1561,open hand
1488,open hand
1457,open hand
1564,open hand
1696,open hand
1832,open hand
1727,open hand
1447,open hand
1599,open hand
1889,open hand
2142,open hand
2259,open hand
2202,open hand
2095,open hand
2002,open hand
1907,open hand
2009,open hand
2225,open hand
2083,open hand
1802,open hand
1617,open hand
1543,open hand
1503,open hand
1618,open hand
1709,open hand
1768,open hand
1682,open hand
1461,open hand
1616,open hand
1910,open hand
2133,open hand
2243,open hand
2193,open hand
2082,open hand
1991,open hand
1905,open hand
2012,open hand
2231,open hand
2071,open hand
1770,open hand
1586,open hand
1524,open hand
1512,open hand
1607,open hand
1703,open hand
1794,open hand
1665,open hand
1469,open hand
1640,open hand
1923,open hand
2151,open hand
2261,open hand
2213,open hand
2090,open hand
1985,open hand
1882,open hand
2006,open hand
2232,open hand
2080,open hand
1797,open hand
1602,open hand
1543,open hand
1531,open hand
1607,open hand
1669,open hand
1760,open hand
1700,open hand
1475,open hand
1597,open hand
1899,open hand
2136,open hand
2252,open hand
2203,open hand
2088,open hand
2001,open hand
1907,open hand
2008,open hand
2244,open hand
2109,open hand
1813,open hand
1603,open hand
1524,open hand
1516,open hand
1600,open hand
1677,open hand
1767,open hand
1690,open hand
1478,open hand
1624,open hand
1913,open hand
2148,open hand
2228,open hand
2185,open hand
2087,open hand
1998,open hand
1916,open hand
2018,open hand
2271,open hand
2105,open hand
1786,open hand
1576,open hand
1505,open hand
1509,open hand
1606,open hand
1703,open hand
1802,open hand
1695,open hand
1459,open hand
1608,open hand
1885,open hand
2131,open hand
2238,open hand
2191,open hand
2106,open hand
2015,open hand
1918,open hand
2025,open hand
2235,open hand
2076,open hand
1790,open hand
1584,open hand
1515,open hand
1516,open hand
1612,open hand
1698,open hand
1789,open hand
1689,open hand
1459,open hand
1603,open hand
1889,open hand
2138,open hand
2264,open hand
2232,open hand
2101,open hand
2005,open hand
1879,open hand
1985,open hand
2265,open hand
2105,open hand
1755,open hand
1557,open hand
1495,open hand
1511,open hand
1607,open hand
1720,open hand
1791,open hand
1686,open hand
1469,open hand
1614,open hand
1901,open hand
2142,open hand
2251,open hand
2201,open hand
2088,open hand
2011,open hand
1916,open hand
2030,open hand
2244,open hand
2072,open hand
1778,open hand
1580,open hand
1515,open hand
1507,open hand
1584,open hand
1678,open hand
1780,open hand
1707,open hand
1492,open hand
1615,open hand
1893,open hand
2140,open hand
2251,open hand
2196,open hand
2087,open hand
2013,open hand
1909,open hand
2021,open hand
2250,open hand
2109,open hand
1802,open hand
1583,open hand
1528,open hand
1512,open hand
1606,open hand
1704,open hand
1785,open hand
1664,open hand
1438,open hand
1598,open hand
1891,open hand
2120,open hand
2227,open hand
2223,open hand
2132,open hand
2038,open hand
1903,open hand
2010,open hand
2264,open hand
2101,open hand
1775,open hand
1586,open hand
1507,open hand
1490,open hand
1580,open hand
1675,open hand
1783,open hand
1695,open hand
1474,open hand
1609,open hand
1895,open hand
2131,open hand
2253,open hand
2217,open hand
2100,open hand
1979,open hand
1909,open hand
2048,open hand
2304,open hand
2117,open hand
1779,open hand
1567,open hand
1489,open hand
1486,open hand
1594,open hand
1673,open hand
1786,open hand
1715,open hand
1465,open hand
1581,open hand
1874,open hand
2136,open hand
2264,open hand
2205,open hand
2082,open hand
1977,open hand
1911,open hand
2028,open hand
2243,open hand
2110,open hand
1804,open hand
1598,open hand
1526,open hand
1558,open hand
1644,open hand
1700,open hand
1773,open hand
1633,open hand
1390,open hand
1557,open hand
1868,open hand
2177,open hand
2323,open hand
2239,open hand
2096,open hand
2010,open hand
1912,open hand
2036,open hand
2270,open hand
2110,open hand
1786,open hand
1566,open hand
1481,open hand
1480,open hand
1585,open hand
1682,open hand
1783,open hand
1673,open hand
1415,open hand
1578,open hand
1894,open hand
2145,open hand
2268,open hand
2232,open hand
2108,open hand
2020,open hand
1927,open hand
2054,open hand
2280,open hand
2112,open hand
1795,open hand
1574,open hand
1481,open hand
1474,open hand
1580,open hand
1674,open hand
1778,open hand
1676,open hand
1437,open hand
1589,open hand
1899,open hand
2162,open hand
2277,open hand
2227,open hand
2108,open hand
2025,open hand
1925,open hand
2050,open hand
2282,open hand
2121,open hand
1791,open hand
1575,open hand
1488,open hand
1469,open hand
1572,open hand
1676,open hand
1784,open hand
1676,open hand
1414,open hand
1577,open hand
1895,open hand
2177,open hand
2285,open hand
2235,open hand
2104,open hand
2020,open hand
1931,open hand
2058,open hand
2319,open hand
2138,open hand
1756,open hand
1522,open hand
1430,open hand
1453,open hand
1597,open hand
1691,open hand
1785,open hand
1668,open hand
1427,open hand
1592,open hand
1936,open hand
2179,open hand
2279,open hand
2218,open hand
2122,open hand
2043,open hand
1922,open hand
2017,open hand
2240,open hand
2101,open hand
1822,open hand
1574,open hand
1457,open hand
1430,open hand
1528,open hand
1656,open hand
1797,open hand
1703,open hand
1440,open hand
1624,open hand
1958,open hand
2202,open hand
2284,open hand
2226,open hand
2099,open hand
2018,open hand
1928,open hand
2053,open hand
2272,open hand
2097,open hand
1768,open hand
1545,open hand
1470,open hand
1462,open hand
1577,open hand
1677,open hand
1779,open hand
1665,open hand
1427,open hand
1587,open hand
1909,open hand
2172,open hand
2287,open hand
2236,open hand
2108,open hand
2011,open hand
1920,open hand
2052,open hand
2276,open hand
2123,open hand
1797,open hand
1564,open hand
1463,open hand
1450,open hand
1574,open hand
1674,open hand
1780,open hand
1682,open hand
1463,open hand
1610,open hand
1913,open hand
2171,open hand
2282,open hand
2222,open hand
2100,open hand
2011,open hand
1933,open hand
2062,open hand
2272,open hand
2091,open hand
1763,open hand
1568,open hand
1469,open hand
1460,open hand
1572,open hand
1692,open hand
1788,open hand
1673,open hand
1443,open hand
1588,open hand
1901,open hand
2166,open hand
2289,open hand
2240,open hand
2107,open hand
2011,open hand
1906,open hand
2040,open hand
2267,open hand
2105,open hand
1780,open hand
1573,open hand
1491,open hand
1476,open hand
1582,open hand
1682,open hand
1778,open hand
1670,open hand
1434,open hand
1575,open hand
1883,open hand
2151,open hand
2275,open hand
2253,open hand
2119,open hand
2029,open hand
1924,open hand
2042,open hand
2258,open hand
2090,open hand
1792,open hand
1613,open hand
1494,open hand
1478,open hand
1584,open hand
1694,open hand
1783,open hand
1672,open hand
1451,open hand
1594,open hand
1890,open hand
2148,open hand
2269,open hand
2217,open hand
2080,open hand
2000,open hand
1903,open hand
2047,open hand
2263,open hand
2105,open hand
1796,open hand
1601,open hand
1506,open hand
1498,open hand
1561,open hand
1666,open hand
1768,open hand
1632,open hand
1427,open hand
1598,open hand
1925,open hand
2156,open hand
2268,open hand
2231,open hand
2115,open hand
2023,open hand
1925,open hand
2063,open hand
2275,open hand
2104,open hand
1789,open hand
1580,open hand
1487,open hand
1484,open hand
1587,open hand
1681,open hand
1777,open hand
1673,open hand
1455,open hand
1601,open hand
1897,open hand
2143,open hand
2244,open hand
2189,open hand
2093,open hand
2002,open hand
1920,open hand
2068,open hand
2263,open hand
2121,open hand
1798,open hand
1581,open hand
1484,open hand
1480,open hand
1588,open hand
1686,open hand
1768,open hand
1668,open hand
1476,open hand
1610,open hand
1904,open hand
2161,open hand
2279,open hand
2227,open hand
2100,open hand
2001,open hand
1911,open hand
2039,open hand
2261,open hand
2106,open hand
1786,open hand
1581,open hand
1486,open hand
1479,open hand
1581,open hand
1684,open hand
1780,open hand
1640,open hand
1420,open hand
1560,open hand
1891,open hand
2172,open hand
2315,open hand
2282,open hand
2126,open hand
2007,open hand
1928,open hand
2057,open hand
2264,open hand
2076,open hand
1754,open hand
1588,open hand
1500,open hand
1464,open hand
1582,open hand
1690,open hand
1772,open hand
1641,open hand
1435,open hand
1597,open hand
1916,open hand
2176,open hand
2285,open hand
2233,open hand
2123,open hand
2024,open hand
1931,open hand
2030,open hand
2222,open hand
2068,open hand
1749,open hand
1571,open hand
1485,open hand
1492,open hand
1607,open hand
1677,open hand
1767,open hand
1646,open hand
1452,open hand
1625,open hand
1927,open hand
2173,open hand
2311,open hand
2211,open hand
2072,open hand
1998,open hand
1919,open hand
2056,open hand
2261,open hand
2139,open hand
1839,open hand
1579,open hand
1477,open hand
1459,open hand
1576,open hand
1684,open hand
1770,open hand
1645,open hand
1438,open hand
1601,open hand
1900,open hand
2152,open hand
2262,open hand
2224,open hand
2101,open hand
2021,open hand
1930,open hand
2044,open hand
2246,open hand
2099,open hand
1786,open hand
1582,open hand
1498,open hand
1501,open hand
1597,open hand
1680,open hand
1758,open hand
1644,open hand
1435,open hand
1592,open hand
1916,open hand
2176,open hand
2283,open hand
2213,open hand
2098,open hand
2017,open hand
1915,open hand
2050,open hand
2255,open hand
2095,open hand
1772,open hand
1583,open hand
1497,open hand
1485,open hand
1587,open hand
1683,open hand
1783,open hand
1667,open hand
1444,open hand
1594,open hand
1914,open hand
2170,open hand
2284,open hand
2225,open hand
2090,open hand
2004,open hand
1914,open hand
2060,open hand
2274,open hand
2105,open hand
1772,open hand
1566,open hand
1489,open hand
1486,open hand
1583,open hand
1666,open hand
1761,open hand
1655,open hand
1445,open hand
1603,open hand
1916,open hand
2172,open hand
2303,open hand
2251,open hand
2092,open hand
1942,open hand
1868,open hand
2087,open hand
2251,open hand
2087,open hand
1795,open hand
1583,open hand
1518,open hand
1504,open hand
1607,open hand
1712,open hand
1783,open hand
1657,open hand
1439,open hand
1587,open hand
1908,open hand
2162,open hand
2265,open hand
2215,open hand
2107,open hand
2021,open hand
1907,open hand
2015,open hand
2239,open hand
2089,open hand
1775,open hand
1589,open hand
1516,open hand
1491,open hand
1582,open hand
1709,open hand
1816,open hand
1660,open hand
1452,open hand
1567,open hand
1887,open hand
2161,open hand
2285,open hand
2243,open hand
2104,open hand
2005,open hand
1914,open hand
2039,open hand
2257,open hand
2105,open hand
1777,open hand
1566,open hand
1475,open hand
1471,open hand
1582,open hand
1681,open hand
1782,open hand
1653,open hand
1438,open hand
1601,open hand
1925,open hand
2178,open hand
2289,open hand
2234,open hand
2100,open hand
2010,open hand
1920,open hand
2059,open hand
2273,open hand
2113,open hand
1778,open hand
1578,open hand
1495,open hand
1460,open hand
1551,open hand
1666,open hand
1776,open hand
1633,open hand
1429,open hand
1602,open hand
1929,open hand
2182,open hand
2279,open hand
2220,open hand
2091,open hand
2000,open hand
1907,open hand
2078,open hand
2299,open hand
2106,open hand
1805,open hand
1594,open hand
1480,open hand
1462,open hand
1587,open hand
1703,open hand
1766,open hand
1640,open hand
1436,open hand
1599,open hand
1932,open hand
2178,open hand
2282,open hand
2225,open hand
2100,open hand
2006,open hand
1915,open hand
2057,open hand
2265,open hand
2096,open hand
1764,open hand
1561,open hand
1482,open hand
1481,open hand
1594,open hand
1687,open hand
1783,open hand
1644,open hand
1415,open hand
1590,open hand
1922,open hand
2178,open hand
2294,open hand
2229,open hand
2105,open hand
2005,open hand
1900,open hand
2056,open hand
2281,open hand
2103,open hand
1774,open hand
1568,open hand
1484,open hand
1483,open hand
1595,open hand
1692,open hand
1780,open hand
1658,open hand
1444,open hand
1600,open hand
1913,open hand
2155,open hand
2233,open hand
2178,open hand
2091,open hand
2046,open hand
1964,open hand
2093,open hand
2268,open hand
2094,open hand
1763,open hand
1556,open hand
1464,open hand
1485,open hand
1631,open hand
1720,open hand
1782,open hand
1639,open hand
1418,open hand
1569,open hand
1891,open hand
2146,open hand
2263,open hand
2225,open hand
2086,open hand
1994,open hand
1945,open hand
2089,open hand
2288,open hand
2121,open hand
1779,open hand
1569,open hand
1506,open hand
1508,open hand
1603,open hand
1696,open hand
1785,open hand
1633,open hand
1417,open hand
1583,open hand
1910,open hand
2172,open hand
2289,open hand
2232,open hand
2092,open hand
1996,open hand
1892,open hand
2043,open hand
2260,open hand
2103,open hand
1777,open hand
1570,open hand
1483,open hand
1471,open hand
1589,open hand
1689,open hand
1790,open hand
1652,open hand
1437,open hand
1594,open hand
1916,open hand
2181,open hand
2289,open hand
2249,open hand
2109,open hand
2008,open hand
1911,open hand
2065,open hand
2269,open hand
2097,open hand
1763,open hand
1558,open hand
1475,open hand
1471,open hand
1580,open hand
1684,open hand
1781,open hand
1649,open hand
1441,open hand
1595,open hand
1921,open hand
2182,open hand
2284,open hand
2224,open hand
2099,open hand
2012,open hand
1937,open hand
2106,open hand
2307,open hand
2121,open hand
1724,open hand
1503,open hand
1450,open hand
1450,open hand
1564,open hand
1667,open hand
1794,open hand
1676,open hand
1449,open hand
1587,open hand
1914,open hand
2190,open hand
2291,open hand
2227,open hand
2103,open hand
2015,open hand
1918,open hand
2080,open hand
2283,open hand
2114,open hand
1765,open hand
1552,open hand
1475,open hand
1480,open hand
1589,open hand
1683,open hand
1784,open hand
1646,open hand
1425,open hand
1575,open hand
1909,open hand
2171,open hand
2276,open hand
2223,open hand
2114,open hand
2015,open hand
1917,open hand
2083,open hand
2279,open hand
2112,open hand
1762,open hand
1553,open hand
1522,open hand
1520,open hand
1618,open hand
1686,open hand
1757,open hand
1593,open hand
1383,open hand
1587,open hand
1934,open hand
2183,open hand
2277,open hand
2219,open hand
2090,open hand
2017,open hand
1919,open hand
2067,open hand
2277,open hand
2125,open hand
1784,open hand
1578,open hand
1479,open hand
1467,open hand
1574,open hand
1654,open hand
1766,open hand
1629,open hand
1434,open hand
1619,open hand
1942,open hand
2172,open hand
2274,open hand
2242,open hand
2108,open hand
2004,open hand
1896,open hand
2053,open hand
2254,open hand
2103,open hand
1795,open hand
1584,open hand
1505,open hand
1492,open hand
1588,open hand
1699,open hand
1796,open hand
1644,open hand
1434,open hand
1587,open hand
1920,open hand
2170,open hand
2276,open hand
2218,open hand
2102,open hand
1999,open hand
1898,open hand
2067,open hand
2257,open hand
2100,open hand
1759,open hand
1559,open hand
1483,open hand
1472,open hand
1570,open hand
1665,open hand
1773,open hand
1639,open hand
1442,open hand
1617,open hand
1952,open hand
2193,open hand
2299,open hand
2230,open hand
2093,open hand
2002,open hand
1910,open hand
2069,open hand
2268,open hand
2101,open hand
1769,open hand
1566,open hand
1476,open hand
1468,open hand
1582,open hand
1685,open hand
1787,open hand
1647,open hand
1434,open hand
1590,open hand
1923,open hand
2176,open hand
2274,open hand
2222,open hand
2101,open hand
2005,open hand
1916,open hand
2077,open hand
2270,open hand
2103,open hand
1758,open hand
1569,open hand
1495,open hand
1470,open hand
1583,open hand
1675,open hand
1772,open hand
1623,open hand
1423,open hand
1587,open hand
1950,open hand
2220,open hand
2344,open hand
2229,open hand
2071,open hand
1972,open hand
1889,open hand
2071,open hand
2282,open hand
2096,open hand
1744,open hand
1550,open hand
1491,open hand
1492,open hand
1604,open hand
1697,open hand
1772,open hand
1627,open hand
1438,open hand
1614,open hand
1939,open hand
2186,open hand
2277,open hand
2219,open hand
2106,open hand
2008,open hand
1911,open hand
2079,open hand
2258,open hand
2095,open hand
1758,open hand
1551,open hand
1470,open hand
1463,open hand
1581,open hand
1692,open hand
1798,open hand
1661,open hand
1465,open hand
1607,open hand
1931,open hand
2177,open hand
2275,open hand
2226,open hand
2104,open hand
2020,open hand
1909,open hand
2058,open hand
2259,open hand
2103,open hand
1766,open hand
1564,open hand
1474,open hand
1465,open hand
1582,open hand
1678,open hand
1778,open hand
1636,open hand
1437,open hand
1603,open hand
1934,open hand
2195,open hand
2277,open hand
2223,open hand
2087,open hand
1996,open hand
1908,open hand
2074,open hand
2280,open hand
2123,open hand
1769,open hand
1563,open hand
1467,open hand
1466,open hand
1596,open hand
1700,open hand
1781,open hand
1619,open hand
1426,open hand
1638,open hand
1949,open hand
2158,open hand
2244,open hand
2206,open hand
2090,open hand
2046,open hand
1947,open hand
2080,open hand
2259,open hand
2092,open hand
1756,open hand
1556,open hand
1489,open hand
1484,open hand
1581,open hand
1681,open hand
1784,open hand
1642,open hand
1445,open hand
1602,open hand
1930,open hand
2187,open hand
2288,open hand
2225,open hand
2094,open hand
1999,open hand
1912,open hand
2090,open hand
2265,open hand
2081,open hand
1739,open hand
1556,open hand
1479,open hand
1468,open hand
1580,open hand
1664,open hand
1757,open hand
1619,open hand
1440,open hand
1618,open hand
1945,open hand
2211,open hand
2313,open hand
2274,open hand
2105,open hand
2013,open hand
1916,open hand
2066,open hand
2242,open hand
2079,open hand
1752,open hand
1526,open hand
1443,open hand
1457,open hand
1606,open hand
1725,open hand
1784,open hand
1665,open hand
1460,open hand
1603,open hand
1920,open hand
2163,open hand
2261,open hand
2204,open hand
2075,open hand
2021,open hand
1937,open hand
2094,open hand
2296,open hand
2157,open hand
1772,open hand
1546,open hand
1463,open hand
1469,open hand
1580,open hand
1690,open hand
1791,open hand
1627,open hand
1432,open hand
1581,open hand
1897,open hand
2158,open hand
2274,open hand
2257,open hand
2118,open hand
2006,open hand
1911,open hand
2084,open hand
2274,open hand
2102,open hand
1756,open hand
1546,open hand
1474,open hand
1481,open hand
1591,open hand
1679,open hand
1770,open hand
1634,open hand
1449,open hand
1596,open hand
1941,open hand
2198,open hand
2286,open hand
2227,open hand
2094,open hand
1989,open hand
1895,open hand
2071,open hand
2274,open hand
2109,open hand
1768,open hand
1574,open hand
1500,open hand
1483,open hand
1579,open hand
1681,open hand
1794,open hand
1664,open hand
1465,open hand
1595,open hand
1894,open hand
2156,open hand
2268,open hand
2210,open hand
2092,open hand
1998,open hand
1925,open hand
2100,open hand
2285,open hand
2108,open hand
1755,open hand
1555,open hand
1474,open hand
1474,open hand
1588,open hand
1682,open hand
1778,open hand
1632,open hand
1443,open hand
1602,open hand
1939,open hand
2177,open hand
2274,open hand
2229,open hand
2126,open hand
2031,open hand
1923,open hand
2077,open hand
2235,open hand
2079,open hand
1742,open hand
1549,open hand
1489,open hand
1491,open hand
1614,open hand
1710,open hand
1768,open hand
1615,open hand
1436,open hand
1584,open hand
1900,open hand
2151,open hand
2290,open hand
2255,open hand
2136,open hand
2010,open hand
1896,open hand
2126,open hand
2308,open hand
2083,open hand
1739,open hand
1535,open hand
1475,open hand
1465,open hand
1586,open hand
1703,open hand
1774,open hand
1634,open hand
1447,open hand
1612,open hand
1936,open hand
2184,open hand
2278,open hand
2215,open hand
2099,open hand
1998,open hand
1907,open hand
2071,open hand
2251,open hand
2090,open hand
1753,open hand
1566,open hand
1482,open hand
1471,open hand
1588,open hand
1688,open hand
1785,open hand
1657,open hand
1445,open hand
1603,open hand
1936,open hand
2186,open hand
2284,open hand
2216,open hand
2081,open hand
1999,open hand
1930,open hand
2103,open hand
2272,open hand
2098,open hand
1760,open hand
1561,open hand
1472,open hand
1439,open hand
1545,open hand
1672,open hand
1789,open hand
1626,open hand
1462,open hand
1652,open hand
1965,open hand
2191,open hand
2275,open hand
2216,open hand
2090,open hand
1995,open hand
1896,open hand
2070,open hand
2259,open hand
2097,open hand
1757,open hand
1564,open hand
1494,open hand
1480,open hand
1590,open hand
1693,open hand
1781,open hand
1634,open hand
1443,open hand
1592,open hand
1933,open hand
2185,open hand
2309,open hand
2239,open hand
2100,open hand
1993,open hand
1902,open hand
2070,open hand
2257,open hand
2107,open hand
1759,open hand
1558,open hand
1481,open hand
1468,open hand
1576,open hand
1671,open hand
1761,open hand
1631,open hand
1465,open hand
1627,open hand
1970,open hand
2192,open hand
2263,open hand
2206,open hand
2086,open hand
1994,open hand
1896,open hand
2069,open hand
2241,open hand
2095,open hand
1774,open hand
1596,open hand
1509,open hand
1492,open hand
1592,open hand
1688,open hand
1770,open hand
1599,open hand
1428,open hand
1591,open hand
1929,open hand
2188,open hand
2330,open hand
2265,open hand
2103,open hand
1993,open hand
1887,open hand
2078,open hand
2234,open hand
2066,open hand
1781,open hand
1595,open hand
1465,open hand
1456,open hand
1589,open hand
1702,open hand
1794,open hand
1625,open hand
1436,open hand
1612,open hand
1949,open hand
2190,open hand
2277,open hand
2215,open hand
2091,open hand
2011,open hand
1920,open hand
2097,open hand
2251,open hand
2087,open hand
1752,open hand
1553,open hand
1449,open hand
1447,open hand
1578,open hand
1695,open hand
1803,open hand
1672,open hand
1496,open hand
1646,open hand
1950,open hand
2181,open hand
2275,open hand
2217,open hand
2091,open hand
1989,open hand
1898,open hand
2077,open hand
2243,open hand
2077,open hand
1727,open hand
1539,open hand
1471,open hand
1463,open hand
1614,open hand
1721,open hand
1815,open hand
1634,open hand
1452,open hand
1615,open hand
1954,open hand
2193,open hand
2277,open hand
2205,open hand
2083,open hand
1992,open hand
1895,open hand
2092,open hand
2278,open hand
2100,open hand
1740,open hand
1556,open hand
1482,open hand
1467,open hand
1573,open hand
1658,open hand
1755,open hand
1649,open hand
1480,open hand
1638,open hand
1960,open hand
2200,open hand
2267,open hand
2207,open hand
2086,open hand
1996,open hand
1909,open hand
2096,open hand
2262,open hand
2107,open hand
1744,open hand
1564,open hand
1504,open hand
1482,open hand
1574,open hand
1655,open hand
1764,open hand
1623,open hand
1453,open hand
1620,open hand
1955,open hand
2190,open hand
2296,open hand
2224,open hand
2090,open hand
2003,open hand
1913,open hand
2087,open hand
2238,open hand
2077,open hand
1744,open hand
1560,open hand
1480,open hand
1477,open hand
1602,open hand
1707,open hand
1817,open hand
1622,open hand
1423,open hand
1575,open hand
1922,open hand
2198,open hand
2272,open hand
2226,open hand
2135,open hand
2025,open hand
1904,open hand
2089,open hand
2243,open hand
2077,open hand
1733,open hand
1527,open hand
1473,open hand
1492,open hand
1594,open hand
1685,open hand
1794,open hand
1645,open hand
1462,open hand
1634,open hand
1968,open hand
2188,open hand
2269,open hand
2214,open hand
2102,open hand
2032,open hand
1942,open hand
2105,open hand
2239,open hand
2034,open hand
1712,open hand
1535,open hand
1445,open hand
1463,open hand
1596,open hand
1708,open hand
1805,open hand
1624,open hand
1454,open hand
1611,open hand
1944,open hand
2197,open hand
2278,open hand
2222,open hand
2098,open hand
2000,open hand
1906,open hand
2103,open hand
2257,open hand
2070,open hand
1730,open hand
1548,open hand
1481,open hand
1496,open hand
1608,open hand
1705,open hand
1797,open hand
1614,open hand
1451,open hand
1623,open hand
1953,open hand
2194,open hand
2283,open hand
2236,open hand
2096,open hand
1988,open hand
1882,open hand
2081,open hand
2243,open hand
2073,open hand
1741,open hand
1565,open hand
1486,open hand
1478,open hand
1586,open hand
1686,open hand
1780,open hand
1605,open hand
1451,open hand
1602,open hand
1940,open hand
2207,open hand
2299,open hand
2256,open hand
2102,open hand
2017,open hand
1912,open hand
2103,open hand
2264,open hand
2109,open hand
1765,open hand
1524,open hand
1461,open hand
1473,open hand
1554,open hand
1708,open hand
1832,open hand
1656,open hand
1444,open hand
1586,open hand
1941,open hand
2198,open hand
2260,open hand
2214,open hand
2107,open hand
2008,open hand
1917,open hand
2104,open hand
2253,open hand
2075,open hand
1738,open hand
1554,open hand
1477,open hand
1464,open hand
1586,open hand
1691,open hand
1806,open hand
1635,open hand
1461,open hand
1617,open hand
1958,open hand
2210,open hand
2281,open hand
2230,open hand
2096,open hand
1991,open hand
1899,open hand
2097,open hand
2249,open hand
2081,open hand
1730,open hand
1553,open hand
1470,open hand
1457,open hand
1592,open hand
1699,open hand
1789,open hand
1624,open hand
1456,open hand
1608,open hand
1963,open hand
2216,open hand
2300,open hand
2231,open hand
2101,open hand
2022,open hand
1908,open hand
2087,open hand
2217,open hand
2049,open hand
1721,open hand
1534,open hand
1455,open hand
1474,open hand
1596,open hand
1698,open hand
1831,open hand
1622,open hand
1455,open hand
1632,open hand
1958,open hand
2181,open hand
2271,open hand
2245,open hand
2140,open hand
2020,open hand
1910,open hand
2104,open hand
2270,open hand
2100,open hand
1732,open hand
1532,open hand
1452,open hand
1466,open hand
1568,open hand
1681,open hand
1796,open hand
1617,open hand
1455,open hand
1625,open hand
1952,open hand
2181,open hand
2266,open hand
2211,open hand
2099,open hand
1991,open hand
1912,open hand
2118,open hand
2282,open hand
2101,open hand
1742,open hand
1550,open hand
1484,open hand
1494,open hand
1608,open hand
1715,open hand
1776,open hand
1580,open hand
1427,open hand
1583,open hand
1920,open hand
2194,open hand
2297,open hand
2239,open hand
2105,open hand
2013,open hand
1911,open hand
2110,open hand
2279,open hand
2085,open hand
1738,open hand
1550,open hand
1479,open hand
1470,open hand
1579,open hand
1667,open hand
1751,open hand
1584,open hand
1466,open hand
1658,open hand
1980,open hand
2221,open hand
2293,open hand
2220,open hand
2130,open hand
2000,open hand
1906,open hand
2098,open hand
2254,open hand
2080,open hand
1720,open hand
1526,open hand
1460,open hand
1468,open hand
1591,open hand
1702,open hand
1802,open hand
1651,open hand
1472,open hand
1617,open hand
1933,open hand
2147,open hand
2251,open hand
2204,open hand
2074,open hand
2005,open hand
1920,open hand
2121,open hand
2264,open hand
2087,open hand
1742,open hand
1555,open hand
1481,open hand
1477,open hand
1589,open hand
1689,open hand
1786,open hand
1610,open hand
1452,open hand
1613,open hand
1946,open hand
2183,open hand
2270,open hand
2230,open hand
2117,open hand
2032,open hand
1932,open hand
2102,open hand
2237,open hand
2076,open hand
1737,open hand
1546,open hand
1470,open hand
1475,open hand
1593,open hand
1696,open hand
1811,open hand
1622,open hand
1446,open hand
1618,open hand
1960,open hand
2201,open hand
2273,open hand
2206,open hand
2076,open hand
1992,open hand
1907,open hand
2104,open hand
2253,open hand
2089,open hand
1743,open hand
1557,open hand
1477,open hand
1478,open hand
1599,open hand
1695,open hand
1790,open hand
1606,open hand
1441,open hand
1606,open hand
1960,open hand
2200,open hand
2263,open hand
2207,open hand
2075,open hand
2024,open hand
1927,open hand
2106,open hand
2243,open hand
2079,open hand
1752,open hand
1551,open hand
1475,open hand
1503,open hand
1622,open hand
1716,open hand
1784,open hand
1594,open hand
1451,open hand
1613,open hand
1931,open hand
2169,open hand
2251,open hand
2212,open hand
2122,open hand
2036,open hand
1918,open hand
2115,open hand
2251,open hand
2057,open hand
1715,open hand
1545,open hand
1471,open hand
1470,open hand
1595,open hand
1694,open hand
1790,open hand
1594,open hand
1459,open hand
1632,open hand
1981,open hand
2220,open hand
2283,open hand
2223,open hand
2093,open hand
1993,open hand
1904,open hand
2110,open hand
2243,open hand
2066,open hand
1715,open hand
1542,open hand
1467,open hand
1468,open hand
1597,open hand
1725,open hand
1801,open hand
1602,open hand
1464,open hand
1631,open hand
1956,open hand
2203,open hand
2279,open hand
2217,open hand
2081,open hand
2000,open hand
1913,open hand
2107,open hand
2242,open hand
2067,open hand
1726,open hand
1555,open hand
1455,open hand
1453,open hand
1627,open hand
1727,open hand
1809,open hand
1622,open hand
1456,open hand
1620,open hand
1954,open hand
2187,open hand
2236,open hand
2168,open hand
2054,open hand
1978,open hand
1936,open hand
2160,open hand
2286,open hand
2118,open hand
1741,open hand
1524,open hand
1451,open hand
1464,open hand
1584,open hand
1683,open hand
1810,open hand
1656,open hand
1488,open hand
1635,open hand
1981,open hand
2218,open hand
2256,open hand
2200,open hand
2072,open hand
1990,open hand
1897,open hand
2084,open hand
2222,open hand
2065,open hand
1733,open hand
1542,open hand
1479,open hand
1480,open hand
1593,open hand
1688,open hand
1784,open hand
1599,open hand
1444,open hand
1606,open hand
1977,open hand
2249,open hand
2304,open hand
2216,open hand
2084,open hand
1991,open hand
1902,open hand
2115,open hand
2252,open hand
2073,open hand
1731,open hand
1558,open hand
1480,open hand
1482,open hand
1594,open hand
1690,open hand
1783,open hand
1599,open hand
1452,open hand
1623,open hand
1961,open hand
2191,open hand
2266,open hand
2210,open hand
2091,open hand
1992,open hand
1920,open hand
2116,open hand
2254,open hand
2089,open hand
1745,open hand
1577,open hand
1510,open hand
1487,open hand
1595,open hand
1667,open hand
1763,open hand
1584,open hand
1420,open hand
1598,open hand
1954,open hand
2207,open hand
2287,open hand
2235,open hand
2105,open hand
2050,open hand
1915,open hand
2099,open hand
2239,open hand
2064,open hand
1738,open hand
1596,open hand
1492,open hand
1466,open hand
1586,open hand
1686,open hand
1778,open hand
1589,open hand
1453,open hand
1623,open hand
1967,open hand
2212,open hand
2275,open hand
2221,open hand
2089,open hand
1985,open hand
1910,open hand
2122,open hand
2250,open hand
2066,open hand
1711,open hand
1539,open hand
1467,open hand
1469,open hand
1602,open hand
1713,open hand
1805,open hand
1598,open hand
1459,open hand
1626,open hand
1960,open hand
2199,open hand
2268,open hand
2211,open hand
2081,open hand
1997,open hand
1916,open hand
2145,open hand
2262,open hand
2072,open hand
1739,open hand
1568,open hand
1483,open hand
1476,open hand
1593,open hand
1691,open hand
1785,open hand
1586,open hand
1438,open hand
1611,open hand
1963,open hand
2212,open hand
2291,open hand
2226,open hand
2090,open hand
1987,open hand
1933,open hand
2159,open hand
2262,open hand
2073,open hand
1701,open hand
1537,open hand
1456,open hand
1449,open hand
1586,open hand
1688,open hand
1788,open hand
1589,open hand
1418,open hand
1576,open hand
1939,open hand
2199,open hand
2311,open hand
2287,open hand
2167,open hand
2096,open hand
1925,open hand
2101,open hand
2242,open hand
2060,open hand
1715,open hand
1537,open hand
1466,open hand
1464,open hand
1585,open hand
1684,open hand
1791,open hand
1597,open hand
1461,open hand
1628,open hand
1963,open hand
2209,open hand
2277,open hand
2212,open hand
2084,open hand
1993,open hand
1910,open hand
2118,open hand
2251,open hand
2074,open hand
1726,open hand
1542,open hand
1476,open hand
1479,open hand
1596,open hand
1690,open hand
1778,open hand
1574,open hand
1448,open hand
1638,open hand
1991,open hand
2246,open hand
2296,open hand
2219,open hand
2077,open hand
1957,open hand
1883,open hand
2120,open hand
2251,open hand
2081,open hand
1743,open hand
1576,open hand
1492,open hand
1482,open hand
1577,open hand
1671,open hand
1794,open hand
1592,open hand
1446,open hand
1630,open hand
1973,open hand
2216,open hand
2283,open hand
2222,open hand
2084,open hand
1990,open hand
1897,open hand
2114,open hand
2232,open hand
2080,open hand
1746,open hand
1552,open hand
1465,open hand
1492,open hand
1610,open hand
1702,open hand
1788,open hand
1579,open hand
1459,open hand
1627,open hand
1959,open hand
2193,open hand
2265,open hand
2203,open hand
2087,open hand
2002,open hand
1920,open hand
2166,open hand
2280,open hand
2061,open hand
1712,open hand
1524,open hand
1463,open hand
1471,open hand
1586,open hand
1693,open hand
1792,open hand
1595,open hand
1459,open hand
1631,open hand
1973,open hand
2213,open hand
2279,open hand
2218,open hand
2084,open hand
1989,open hand
1891,open hand
2104,open hand
2244,open hand
2067,open hand
1752,open hand
1587,open hand
1498,open hand
1505,open hand
1609,open hand
1717,open hand
1803,open hand
1590,open hand
1457,open hand
1626,open hand
1952,open hand
2191,open hand
2249,open hand
2164,open hand
2029,open hand
2009,open hand
1965,open hand
2142,open hand
2263,open hand
2071,open hand
1719,open hand
1540,open hand
1475,open hand
1473,open hand
1592,open hand
1696,open hand
1795,open hand
1587,open hand
1460,open hand
1629,open hand
1964,open hand
2214,open hand
2268,open hand
2213,open hand
2093,open hand
2006,open hand
1914,open hand
2128,open hand
2231,open hand
2059,open hand
1728,open hand
1547,open hand
1480,open hand
1473,open hand
1597,open hand
1700,open hand
1794,open hand
1592,open hand
1451,open hand
1641,open hand
1986,open hand
2219,open hand
2283,open hand
2220,open hand
2083,open hand
1990,open hand
1904,open hand
2127,open hand
2232,open hand
2059,open hand
1716,open hand
1549,open hand
1478,open hand
1475,open hand
1595,open hand
1698,open hand
1788,open hand
1588,open hand
1461,open hand
1640,open hand
1975,open hand
2196,open hand
2239,open hand
2178,open hand
2092,open hand
2063,open hand
1954,open hand
2151,open hand
2254,open hand
2071,open hand
1714,open hand
1530,open hand
1457,open hand
1446,open hand
1596,open hand
1729,open hand
1802,open hand
1569,open hand
1493,open hand
1639,open hand
1947,open hand
2152,open hand
2233,open hand
2201,open hand
2135,open hand
2047,open hand
1962,open hand
2163,open hand
2256,open hand
2073,open hand
1731,open hand
1543,open hand
1466,open hand
1451,open hand
1560,open hand
1668,open hand
1776,open hand
1586,open hand
1461,open hand
1654,open hand
1983,open hand
2211,open hand
2278,open hand
2220,open hand
2077,open hand
2003,open hand
1911,open hand
2117,open hand
2235,open hand
2060,open hand
1715,open hand
1542,open hand
1485,open hand
1521,open hand
1609,open hand
1691,open hand
1784,open hand
1584,open hand
1480,open hand
1647,open hand
1974,open hand
2206,open hand
2275,open hand
2222,open hand
2083,open hand
1975,open hand
1907,open hand
2139,open hand
2251,open hand
2056,open hand
1689,open hand
1542,open hand
1494,open hand
1479,open hand
1584,open hand
1684,open hand
1792,open hand
1590,open hand
1472,open hand
1642,open hand
1977,open hand
2211,open hand
2286,open hand
2219,open hand
2080,open hand
1985,open hand
1899,open hand
2129,open hand
2263,open hand
2085,open hand
1726,open hand
1526,open hand
1443,open hand
1469,open hand
1594,open hand
1698,open hand
1808,open hand
1606,open hand
1462,open hand
1633,open hand
1977,open hand
2223,open hand
2281,open hand
2215,open hand
2092,open hand
1992,open hand
1910,open hand
2144,open hand
2245,open hand
2039,open hand
1702,open hand
1541,open hand
1483,open hand
1491,open hand
1603,open hand
1689,open hand
1771,open hand
1559,open hand
1449,open hand
1631,open hand
1996,open hand
2256,open hand
2271,open hand
2205,open hand
2075,open hand
2013,open hand
1928,open hand
2125,open hand
2242,open hand
2066,open hand
1717,open hand
1529,open hand
1480,open hand
1514,open hand
1610,open hand
1691,open hand
1769,open hand
1572,open hand
1454,open hand
1620,open hand
1976,open hand
2221,open hand
2277,open hand
2212,open hand
2086,open hand
1999,open hand
1915,open hand
2145,open hand
2255,open hand
2054,open hand
1698,open hand
1539,open hand
1467,open hand
1476,open hand
1592,open hand
1727,open hand
1830,open hand
1556,open hand
1434,open hand
1624,open hand
1992,open hand
2209,open hand
2261,open hand
2265,open hand
2123,open hand
1991,open hand
1900,open hand
2139,open hand
2252,open hand
2071,open hand
1703,open hand
1518,open hand
1467,open hand
1480,open hand
1591,open hand
1678,open hand
1792,open hand
1609,open hand
1466,open hand
1632,open hand
1993,open hand
2245,open hand
2283,open hand
2211,open hand
2083,open hand
1994,open hand
1887,open hand
2092,open hand
2212,open hand
2068,open hand
1736,open hand
1573,open hand
1488,open hand
1511,open hand
1626,open hand
1696,open hand
1801,open hand
1589,open hand
1461,open hand
1627,open hand
1967,open hand
2218,open hand
2277,open hand
2221,open hand
2091,open hand
1990,open hand
1903,open hand
2135,open hand
2251,open hand
2064,open hand
1701,open hand
1520,open hand
1453,open hand
1457,open hand
1589,open hand
1691,open hand
1819,open hand
1599,open hand
1459,open hand
1631,open hand
1972,open hand
2223,open hand
2281,open hand
2222,open hand
2088,open hand
2004,open hand
1923,open hand
2153,open hand
2238,open hand
2049,open hand
1706,open hand
1528,open hand
1462,open hand
1460,open hand
1580,open hand
1694,open hand
1786,open hand
1566,open hand
1456,open hand
1640,open hand
1981,open hand
2226,open hand
2297,open hand
2244,open hand
2099,open hand
1994,open hand
1897,open hand
2134,open hand
2253,open hand
2069,open hand
1700,open hand
1525,open hand
1462,open hand
1458,open hand
1597,open hand
1703,open hand
1823,open hand
1587,open hand
1434,open hand
1611,open hand
1994,open hand
2216,open hand
2248,open hand
2193,open hand
2075,open hand
2019,open hand
1921,open hand
2194,open hand
2310,open hand
2090,open hand
1699,open hand
1521,open hand
1462,open hand
1478,open hand
1596,open hand
1677,open hand
1764,open hand
1546,open hand
1455,open hand
1644,open hand
1990,open hand
2260,open hand
2337,open hand
2221,open hand
2081,open hand
1988,open hand
1902,open hand
2139,open hand
2242,open hand
2055,open hand
1700,open hand
1533,open hand
1465,open hand
1461,open hand
1598,open hand
1707,open hand
1793,open hand
1571,open hand
1456,open hand
1629,open hand
1981,open hand
2230,open hand
2292,open hand
2218,open hand
2082,open hand
1976,open hand
1903,open hand
2163,open hand
2237,open hand
2056,open hand
1710,open hand
1545,open hand
1478,open hand
1475,open hand
1592,open hand
1709,open hand
1813,open hand
1584,open hand
1461,open hand
1619,open hand
1965,open hand
2191,open hand
2249,open hand
2225,open hand
2119,open hand
2027,open hand
1927,open hand
2149,open hand
2245,open hand
2051,open hand
1698,open hand
1528,open hand
1458,open hand
1474,open hand
1595,open hand
1696,open hand
1809,open hand
1577,open hand
1465,open hand
1635,open hand
1973,open hand
2226,open hand
2285,open hand
2218,open hand
2090,open hand
1998,open hand
1891,open hand
2124,open hand
2243,open hand
2067,open hand
1727,open hand
1554,open hand
1475,open hand
1475,open hand
1590,open hand
1683,open hand
1785,open hand
1567,open hand
1466,open hand
1662,open hand
2021,open hand
2231,open hand
2273,open hand
2174,open hand
2048,open hand
1986,open hand
1894,open hand
2139,open hand
2265,open hand
2113,open hand
1750,open hand
1543,open hand
1515,open hand
1519,open hand
1572,open hand
1678,open hand
1775,open hand
1545,open hand
1427,open hand
1627,open hand
1982,open hand
2228,open hand
2280,open hand
2214,open hand
2087,open hand
1997,open hand
1897,open hand
2131,open hand
2239,open hand
2060,open hand
1709,open hand
1549,open hand
1474,open hand
1496,open hand
1617,open hand
1701,open hand
1780,open hand
1534,open hand
1444,open hand
1652,open hand
2010,open hand
2259,open hand
2287,open hand
2192,open hand
2073,open hand
1994,open hand
1898,open hand
2155,open hand
2243,open hand
2060,open hand
1701,open hand
1538,open hand
1481,open hand
1468,open hand
1598,open hand
1700,open hand
1793,open hand
1561,open hand
1444,open hand
1627,open hand
1967,open hand
2213,open hand
2295,open hand
2242,open hand
2113,open hand
1986,open hand
1919,open hand
2171,open hand
2253,open hand
2064,open hand
1695,open hand
1529,open hand
1468,open hand
1464,open hand
1593,open hand
1688,open hand
1798,open hand
1589,open hand
1471,open hand
1631,open hand
1956,open hand
2197,open hand
2277,open hand
2216,open hand
2092,open hand
1999,open hand
1912,open hand
2151,open hand
2254,open hand
2064,open hand
1705,open hand
1526,open hand
1470,open hand
1484,open hand
1617,open hand
1705,open hand
1783,open hand
1562,open hand
1454,open hand
1630,open hand
1949,open hand
2193,open hand
2253,open hand
2213,open hand
2097,open hand
1998,open hand
1918,open hand
2153,open hand
2267,open hand
2086,open hand
1748,open hand
1600,open hand
1494,open hand
1474,open hand
1592,open hand
1690,open hand
1778,open hand
1548,open hand
1443,open hand
1621,open hand
1973,open hand
2241,open hand
2288,open hand
2227,open hand
2101,open hand
1990,open hand
1903,open hand
2138,open hand
2230,open hand
2054,open hand
1696,open hand
1541,open hand
1487,open hand
1481,open hand
1579,open hand
1693,open hand
1802,open hand
1571,open hand
1458,open hand
1629,open hand
1976,open hand
2212,open hand
2279,open hand
2233,open hand
2119,open hand
1991,open hand
1898,open hand
2167,open hand
2270,open hand
2067,open hand
1703,open hand
1527,open hand
1453,open hand
1480,open hand
1591,open hand
1667,open hand
1791,open hand
1559,open hand
1456,open hand
1638,open hand
1985,open hand
2246,open hand
2289,open hand
2201,open hand
2091,open hand
2006,open hand
1912,open hand
2162,open hand
2247,open hand
2058,open hand
1701,open hand
1532,open hand
1473,open hand
1476,open hand
1594,open hand
1698,open hand
1798,open hand
1562,open hand
1459,open hand
1633,open hand
1975,open hand
2234,open hand
2289,open hand
2233,open hand
2112,open hand
1998,open hand
1903,open hand
2148,open hand
2238,open hand
2053,open hand
1696,open hand
1536,open hand
1490,open hand
1499,open hand
1600,open hand
1684,open hand
1777,open hand
1559,open hand
1461,open hand
1631,open hand
1969,open hand
2215,open hand
2265,open hand
2217,open hand
2130,open hand
2043,open hand
1930,open hand
2158,open hand
2245,open hand
2051,open hand
1687,open hand
1508,open hand
1459,open hand
1458,open hand
1576,open hand
1682,open hand
1794,open hand
1596,open hand
1476,open hand
1655,open hand
2025,open hand
2247,open hand
2285,open hand
2212,open hand
2082,open hand
1979,open hand
1903,open hand
2161,open hand
2237,open hand
2054,open hand
1699,open hand
1530,open hand
1468,open hand
1464,open hand
1595,open hand
1711,open hand
1809,open hand
1569,open hand
1438,open hand
1612,open hand
1973,open hand
2203,open hand
2251,open hand
2212,open hand
2131,open hand
2045,open hand
1936,open hand
2151,open hand
2229,open hand
2049,open hand
1701,open hand
1521,open hand
1456,open hand
1473,open hand
1600,open hand
1707,open hand
1791,open hand
1547,open hand
1459,open hand
1629,open hand
1988,open hand
2237,open hand
2281,open hand
2231,open hand
2113,open hand
1974,open hand
1872,open hand
2145,open hand
2252,open hand
2101,open hand
1740,open hand
1545,open hand
1469,open hand
1476,open hand
1594,open hand
1683,open hand
1771,open hand
1547,open hand
1469,open hand
1647,open hand
1997,open hand
2230,open hand
2267,open hand
2206,open hand
2081,open hand
1988,open hand
1902,open hand
2159,open hand
2238,open hand
2050,open hand
1704,open hand
1545,open hand
1486,open hand
1499,open hand
1586,open hand
1695,open hand
1787,open hand
1547,open hand
1454,open hand
1639,open hand
2033,open hand
2249,open hand
2279,open hand
2204,open hand
2085,open hand
1992,open hand
1900,open hand
2148,open hand
2222,open hand
2031,open hand
1718,open hand
1549,open hand
1467,open hand
1476,open hand
1586,open hand
1692,open hand
1802,open hand
1549,open hand
1469,open hand
1656,open hand
1987,open hand
2214,open hand
2265,open hand
2205,open hand
2097,open hand
2004,open hand
1914,open hand
2168,open hand
2261,open hand
2052,open hand
1691,open hand
1545,open hand
1484,open hand
1514,open hand
1592,open hand
1676,open hand
1781,open hand
1553,open hand
1453,open hand
1637,open hand
2000,open hand
2243,open hand
2284,open hand
2198,open hand
2074,open hand
1994,open hand
1894,open hand
2169,open hand
2260,open hand
2067,open hand
1701,open hand
1521,open hand
1464,open hand
1473,open hand
1592,open hand
1697,open hand
1796,open hand
1554,open hand
1462,open hand
1642,open hand
1985,open hand
2229,open hand
2279,open hand
2214,open hand
2092,open hand
2011,open hand
1927,open hand
2176,open hand
2247,open hand
2061,open hand
1692,open hand
1502,open hand
1443,open hand
1466,open hand
1606,open hand
1707,open hand
1786,open hand
1560,open hand
1464,open hand
1642,open hand
2019,open hand
2262,open hand
2296,open hand
2216,open hand
2081,open hand
1982,open hand
1899,open hand
2154,open hand
2250,open hand
2066,open hand
1706,open hand
1516,open hand
1441,open hand
1473,open hand
1604,open hand
1689,open hand
1784,open hand
1549,open hand
1454,open hand
1638,open hand
2002,open hand
2241,open hand
2280,open hand
2225,open hand
2121,open hand
2001,open hand
1906,open hand
2174,open hand
2253,open hand
2046,open hand
1688,open hand
1516,open hand
1453,open hand
1460,open hand
1604,open hand
1697,open hand
1787,open hand
1545,open hand
1476,open hand
1644,open hand
1979,open hand
2228,open hand
2312,open hand
2233,open hand
2094,open hand
1999,open hand
1912,open hand
2165,open hand
2235,open hand
2042,open hand
1697,open hand
1528,open hand
1478,open hand
1493,open hand
1596,open hand
1678,open hand
1756,open hand
1545,open hand
1450,open hand
1625,open hand
1981,open hand
2232,open hand
2282,open hand
2232,open hand
2118,open hand
2023,open hand
1911,open hand
2162,open hand
2244,open hand
2053,open hand
1695,open hand
1528,open hand
1476,open hand
1485,open hand
1597,open hand
1699,open hand
1792,open hand
1534,open hand
1445,open hand
1638,open hand
1993,open hand
2234,open hand
2278,open hand
2198,open hand
2084,open hand
1995,open hand
1918,open hand
2193,open hand
2274,open hand
2069,open hand
1723,open hand
1525,open hand
1457,open hand
1475,open hand
1594,open hand
1700,open hand
1796,open hand
1555,open hand
1483,open hand
1654,open hand
1979,open hand
2207,open hand
2257,open hand
2197,open hand
2050,open hand
1972,open hand
1904,open hand
2165,open hand
2255,open hand
2080,open hand
1741,open hand
1544,open hand
1457,open hand
1452,open hand
1576,open hand
1697,open hand
1787,open hand
1540,open hand
1470,open hand
1673,open hand
2029,open hand
2245,open hand
2265,open hand
2200,open hand
2081,open hand
1992,open hand
1913,open hand
2200,open hand
2285,open hand
2051,open hand
1695,open hand
1527,open hand
1480,open hand
1461,open hand
1564,open hand
1670,open hand
1785,open hand
1528,open hand
1451,open hand
1664,open hand
2005,open hand
2246,open hand
2274,open hand
2203,open hand
2074,open hand
1991,open hand
1914,open hand
2203,open hand
2287,open hand
2073,open hand
1668,open hand
1476,open hand
1454,open hand
1483,open hand
1589,open hand
1704,open hand
1807,open hand
1571,open hand
1474,open hand
1651,open hand
2001,open hand
2234,open hand
2272,open hand
2214,open hand
2092,open hand
1994,open hand
1904,open hand
2169,open hand
2244,open hand
2038,open hand
1681,open hand
1517,open hand
1471,open hand
1492,open hand
1607,open hand
1705,open hand
1790,open hand
1547,open hand
1474,open hand
1655,open hand
2002,open hand
2251,open hand
2274,open hand
2182,open hand
2055,open hand
1984,open hand
1925,open hand
2178,open hand
2245,open hand
2055,open hand
1700,open hand
1530,open hand
1467,open hand
1467,open hand
1586,open hand
1699,open hand
1794,open hand
1537,open hand
1456,open hand
1646,open hand
1992,open hand
2235,open hand
2283,open hand
2231,open hand
2094,open hand
1990,open hand
1907,open hand
2186,open hand
2256,open hand
2044,open hand
1702,open hand
1540,open hand
1469,open hand
1468,open hand
1583,open hand
1705,open hand
1778,open hand
1502,open hand
1465,open hand
1667,open hand
1993,open hand
2238,open hand
2269,open hand
2229,open hand
2127,open hand
2017,open hand
1904,open hand
2187,open hand
2269,open hand
2065,open hand
1682,open hand
1480,open hand
1430,open hand
1460,open hand
1575,open hand
1690,open hand
1804,open hand
1552,open hand
1486,open hand
1655,open hand
1992,open hand
2238,open hand
2285,open hand
2215,open hand
2091,open hand
1986,open hand
1893,open hand
2172,open hand
2231,open hand
2039,open hand
1695,open hand
1539,open hand
1472,open hand
1489,open hand
1637,open hand
1725,open hand
1797,open hand
1531,open hand
1438,open hand
1633,open hand
1980,open hand
2235,open hand
2288,open hand
2215,open hand
2117,open hand
2006,open hand
1907,open hand
2169,open hand
2234,open hand
2044,open hand
1691,open hand
1529,open hand
1474,open hand
1487,open hand
1605,open hand
1687,open hand
1768,open hand
1537,open hand
1462,open hand
1650,open hand
1993,open hand
2235,open hand
2311,open hand
2222,open hand
2081,open hand
1993,open hand
1907,open hand
2161,open hand
2225,open hand
2033,open hand
1695,open hand
1539,open hand
1495,open hand
1493,open hand
1598,open hand
1699,open hand
1792,open hand
1539,open hand
1465,open hand
1651,open hand
1989,open hand
2230,open hand
2261,open hand
2186,open hand
2085,open hand
2009,open hand
1896,open hand
2162,open hand
2274,open hand
2127,open hand
1732,open hand
1523,open hand
1429,open hand
1451,open hand
1590,open hand
1685,open hand
1790,open hand
1525,open hand
1443,open hand
1660,open hand
1991,open hand
2253,open hand
2306,open hand
2234,open hand
2094,open hand
2004,open hand
1909,open hand
2179,open hand
2240,open hand
2037,open hand
1680,open hand
1519,open hand
1459,open hand
1468,open hand
1593,open hand
1708,open hand
1820,open hand
1551,open hand
1458,open hand
1638,open hand
1983,open hand
2238,open hand
2282,open hand
2211,open hand
2086,open hand
2011,open hand
1934,open hand
2204,open hand
2255,open hand
2048,open hand
1683,open hand
1531,open hand
1451,open hand
1448,open hand
1584,open hand
1694,open hand
1781,open hand
1526,open hand
1468,open hand
1651,open hand
1999,open hand
2242,open hand
2289,open hand
2224,open hand
2102,open hand
1998,open hand
1907,open hand
2183,open hand
2239,open hand
2040,open hand
1687,open hand
1523,open hand
1465,open hand
1469,open hand
1594,open hand
1701,open hand
1791,open hand
1535,open hand
1464,open hand
1656,open hand
2009,open hand
2239,open hand
2287,open hand
2220,open hand
2086,open hand
1991,open hand
1910,open hand
2180,open hand
2240,open hand
2046,open hand
1688,open hand
1524,open hand
1465,open hand
1478,open hand
1597,open hand
1705,open hand
1793,open hand
1530,open hand
1448,open hand
1646,open hand
2001,open hand
2239,open hand
2286,open hand
2218,open hand
2086,open hand
1987,open hand
1904,open hand
2172,open hand
2242,open hand
2075,open hand
1706,open hand
1512,open hand
1435,open hand
1454,open hand
1617,open hand
1719,open hand
1787,open hand
1527,open hand
1473,open hand
1656,open hand
1983,open hand
2234,open hand
2289,open hand
2194,open hand
2060,open hand
1953,open hand
1951,open hand
2280,open hand
2296,open hand
2084,open hand
1714,open hand
1519,open hand
1452,open hand
1442,open hand
1577,open hand
1680,open hand
1768,open hand
1525,open hand
1464,open hand
1638,open hand
1985,open hand
2242,open hand
2300,open hand
2237,open hand
2100,open hand
2001,open hand
1916,open hand
2190,open hand
2238,open hand
2035,open hand
1675,open hand
1510,open hand
1455,open hand
1477,open hand
1584,open hand
1691,open hand
1802,open hand
1523,open hand
1461,open hand
1661,open hand
2007,open hand
2247,open hand
2292,open hand
2223,open hand
2083,open hand
1979,open hand
1892,open hand
2180,open hand
2250,open hand
2063,open hand
1697,open hand
1521,open hand
1465,open hand
1474,open hand
1597,open hand
1702,open hand
1798,open hand
1525,open hand
1457,open hand
1647,open hand
1996,open hand
2229,open hand
2277,open hand
2210,open hand
2085,open hand
1989,open hand
1932,open hand
2237,open hand
2257,open hand
2043,open hand
1685,open hand
1515,open hand
1456,open hand
1460,open hand
1583,open hand
1699,open hand
1808,open hand
1530,open hand
1460,open hand
1641,open hand
1992,open hand
2249,open hand
2265,open hand
2202,open hand
2103,open hand
1993,open hand
1921,open hand
2208,open hand
2257,open hand
2048,open hand
1686,open hand
1524,open hand
1465,open hand
1478,open hand
1589,open hand
1701,open hand
1789,open hand
1515,open hand
1436,open hand
1639,open hand
2039,open hand
2286,open hand
2294,open hand
2214,open hand
2074,open hand
1965,open hand
1897,open hand
2188,open hand
2251,open hand
2058,open hand
1704,open hand
1525,open hand
1456,open hand
1462,open hand
1579,open hand
1717,open hand
1808,open hand
1540,open hand
1432,open hand
1594,open hand
1968,open hand
2218,open hand
2275,open hand
2224,open hand
2145,open hand
2098,open hand
1947,open hand
2190,open hand
2241,open hand
2039,open hand
1674,open hand
1498,open hand
1457,open hand
1467,open hand
1590,open hand
1694,open hand
1773,open hand
1493,open hand
1457,open hand
1647,open hand
2008,open hand
2251,open hand
2295,open hand
2223,open hand
2102,open hand
2003,open hand
1905,open hand
2183,open hand
2238,open hand
2041,open hand
1684,open hand
1517,open hand
1455,open hand
1467,open hand
1593,open hand
1699,open hand
1796,open hand
1526,open hand
1462,open hand
1658,open hand
2005,open hand
2254,open hand
2301,open hand
2220,open hand
2090,open hand
1990,open hand
1899,open hand
2191,open hand
2234,open hand
2032,open hand
1685,open hand
1548,open hand
1481,open hand
1469,open hand
1587,open hand
1703,open hand
1794,open hand
1523,open hand
1463,open hand
1658,open hand
2008,open hand
2246,open hand
2268,open hand
2210,open hand
2090,open hand
1997,open hand
1919,open hand
2200,open hand
2239,open hand
2016,open hand
1693,open hand
1574,open hand
1475,open hand
1460,open hand
1576,open hand
1693,open hand
1787,open hand
1489,open hand
1426,open hand
1636,open hand
1991,open hand
2249,open hand
2308,open hand
2252,open hand
2119,open hand
1988,open hand
1873,open hand
2205,open hand
2262,open hand
2029,open hand
1692,open hand
1529,open hand
1464,open hand
1448,open hand
1590,open hand
1728,open hand
1800,open hand
1518,open hand
1464,open hand
1654,open hand
2013,open hand
2255,open hand
2284,open hand
2208,open hand
2071,open hand
1998,open hand
1911,open hand
2189,open hand
2235,open hand
2044,open hand
1692,open hand
1510,open hand
1451,open hand
1472,open hand
1599,open hand
1697,open hand
1797,open hand
1530,open hand
1462,open hand
1656,open hand
2005,open hand
2252,open hand
2294,open hand
2227,open hand
2092,open hand
1989,open hand
1902,open hand
2182,open hand
2232,open hand
2028,open hand
1678,open hand
1517,open hand
1458,open hand
1492,open hand
1641,open hand
1706,open hand
1789,open hand
1517,open hand
1467,open hand
1657,open hand
1992,open hand
2231,open hand
2268,open hand
2212,open hand
2094,open hand
1999,open hand
1927,open hand
2201,open hand
2228,open hand
2014,open hand
1671,open hand
1521,open hand
1488,open hand
1510,open hand
1602,open hand
1706,open hand
1788,open hand
1512,open hand
1460,open hand
1642,open hand
2000,open hand
2251,open hand
2290,open hand
2231,open hand
2113,open hand
1998,open hand
1901,open hand
2192,open hand
2242,open hand
2023,open hand
1652,open hand
1503,open hand
1482,open hand
1513,open hand
1621,open hand
1722,open hand
1770,open hand
1502,open hand
1452,open hand
1630,open hand
1991,open hand
2253,open hand
2283,open hand
2219,open hand
2086,open hand
2005,open hand
1919,open hand
2194,open hand
2249,open hand
2042,open hand
1686,open hand
1512,open hand
1471,open hand
1527,open hand
1609,open hand
1681,open hand
1757,open hand
1498,open hand
1463,open hand
1658,open hand
2006,open hand
2263,open hand
2296,open hand
2219,open hand
2081,open hand
1976,open hand
1892,open hand
2187,open hand
2230,open hand
2024,open hand
1685,open hand
1562,open hand
1481,open hand
1473,open hand
1603,open hand
1711,open hand
1789,open hand
1510,open hand
1457,open hand
1655,open hand
2008,open hand
2247,open hand
2282,open hand
2205,open hand
2085,open hand
1987,open hand
1904,open hand
2197,open hand
2234,open hand
2051,open hand
1692,open hand
1520,open hand
1465,open hand
1466,open hand
1584,open hand
1690,open hand
1781,open hand
1507,open hand
1467,open hand
1675,open hand
2048,open hand
2257,open hand
2241,open hand
2178,open hand
2104,open hand
2016,open hand
1905,open hand
2200,open hand
2242,open hand
2051,open hand
1695,open hand
1508,open hand
1437,open hand
1448,open hand
1581,open hand
1716,open hand
1835,open hand
1556,open hand
1491,open hand
1670,open hand
2008,open hand
2244,open hand
2276,open hand
2200,open hand
2076,open hand
1980,open hand
1907,open hand
2201,open hand
2249,open hand
2039,open hand
1685,open hand
1535,open hand
1478,open hand
1467,open hand
1576,open hand
1667,open hand
1776,open hand
1522,open hand
1464,open hand
1665,open hand
2000,open hand
2246,open hand
2299,open hand
2227,open hand
2093,open hand
2005,open hand
1903,open hand
2175,open hand
2242,open hand
2074,open hand
1716,open hand
1522,open hand
1459,open hand
1468,open hand
1588,open hand
1700,open hand
1790,open hand
1511,open hand
1459,open hand
1655,open hand
2010,open hand
2257,open hand
2290,open hand
2200,open hand
2082,open hand
1976,open hand
1890,open hand
2192,open hand
2251,open hand
2102,open hand
1727,open hand
1490,open hand
1427,open hand
1471,open hand
1591,open hand
1676,open hand
1781,open hand
1497,open hand
1454,open hand
1665,open hand
2027,open hand
2278,open hand
2302,open hand
2207,open hand
2068,open hand
1995,open hand
1915,open hand
2205,open hand
2266,open hand
2055,open hand
1702,open hand
1513,open hand
1448,open hand
1463,open hand
1594,open hand
1704,open hand
1794,open hand
1512,open hand
1463,open hand
1675,open hand
2018,open hand
2254,open hand
2291,open hand
2213,open hand
2076,open hand
1989,open hand
1897,open hand
2192,open hand
2225,open hand
2021,open hand
1687,open hand
1530,open hand
1466,open hand
1483,open hand
1606,open hand
1709,open hand
1800,open hand
1504,open hand
1453,open hand
1652,open hand
2007,open hand
2265,open hand
2292,open hand
2216,open hand
2083,open hand
1981,open hand
1902,open hand
2199,open hand
2240,open hand
2042,open hand
1675,open hand
1508,open hand
1441,open hand
1462,open hand
1608,open hand
1727,open hand
1805,open hand
1527,open hand
1464,open hand
1649,open hand
1991,open hand
2258,open hand
2311,open hand
2281,open hand
2114,open hand
1962,open hand
1876,open hand
2192,open hand
2223,open hand
2020,open hand
1669,open hand
1497,open hand
1444,open hand
1472,open hand
1613,open hand
1714,open hand
1791,open hand
1505,open hand
1465,open hand
1664,open hand
2016,open hand
2260,open hand
2317,open hand
2221,open hand
2071,open hand
1973,open hand
1890,open hand
2196,open hand
2244,open hand
2037,open hand
1682,open hand
1526,open hand
1471,open hand
1474,open hand
1590,open hand
1693,open hand
1812,open hand
1511,open hand
1465,open hand
1667,open hand
2020,open hand
2259,open hand
2295,open hand
2210,open hand
2110,open hand
2001,open hand
1897,open hand
2200,open hand
2236,open hand
2030,open hand
1670,open hand
1514,open hand
1459,open hand
1475,open hand
1595,open hand
1705,open hand
1793,open hand
1487,open hand
1451,open hand
1655,open hand
2017,open hand
2280,open hand
2311,open hand
2227,open hand
2098,open hand
2008,open hand
1948,open hand
2214,open hand
2242,open hand
2015,open hand
1632,open hand
1479,open hand
1428,open hand
1463,open hand
1624,open hand
1688,open hand
1779,open hand
1522,open hand
1480,open hand
1687,open hand
2037,open hand
2253,open hand
2278,open hand
2210,open hand
2086,open hand
1996,open hand
1915,open hand
2234,open hand
2257,open hand
2030,open hand
1673,open hand
1506,open hand
1444,open hand
1471,open hand
1602,open hand
1704,open hand
1778,open hand
1484,open hand
1458,open hand
1662,open hand
2011,open hand
2245,open hand
2277,open hand
2231,open hand
2117,open hand
1996,open hand
1915,open hand
2235,open hand
2257,open hand
2059,open hand
1683,open hand
1502,open hand
1447,open hand
1461,open hand
1581,open hand
1692,open hand
1785,open hand
1523,open hand
1468,open hand
1659,open hand
2016,open hand
2260,open hand
2294,open hand
2213,open hand
2092,open hand
1989,open hand
1898,open hand
2202,open hand
2235,open hand
2021,open hand
1664,open hand
1503,open hand
1451,open hand
1467,open hand
1592,open hand
1708,open hand
1810,open hand
1510,open hand
1458,open hand
1667,open hand
2019,open hand
2264,open hand
2290,open hand
2204,open hand
2085,open hand
2015,open hand
1951,open hand
2209,open hand
2221,open hand
2027,open hand
1686,open hand
1495,open hand
1455,open hand
1468,open hand
1591,open hand
1705,open hand
1794,open hand
1506,open hand
1464,open hand
1670,open hand
2031,open hand
2288,open hand
2313,open hand
2213,open hand
2044,open hand
1958,open hand
1912,open hand
2211,open hand
2233,open hand
2042,open hand
1679,open hand
1514,open hand
1455,open hand
1464,open hand
1590,open hand
1689,open hand
1784,open hand
1497,open hand
1464,open hand
1675,open hand
2062,open hand
2307,open hand
2303,open hand
2216,open hand
2088,open hand
1982,open hand
1902,open hand
2206,open hand
2233,open hand
2023,open hand
1666,open hand
1506,open hand
1451,open hand
1465,open hand
1594,open hand
1708,open hand
1804,open hand
1511,open hand
1459,open hand
1653,open hand
2009,open hand
2260,open hand
2288,open hand
2206,open hand
2079,open hand
1996,open hand
1923,open hand
2221,open hand
2252,open hand
2025,open hand
1670,open hand
1509,open hand
1461,open hand
1481,open hand
1608,open hand
1710,open hand
1789,open hand
1501,open hand
1458,open hand
1670,open hand
2032,open hand
2247,open hand
2272,open hand
2206,open hand
2092,open hand
1989,open hand
1905,open hand
2201,open hand
2223,open hand
2035,open hand
1674,open hand
1514,open hand
1476,open hand
1508,open hand
1575,open hand
1673,open hand
1773,open hand
1485,open hand
1490,open hand
1707,open hand
2054,open hand
2296,open hand
2327,open hand
2214,open hand
2081,open hand
1979,open hand
1888,open hand
2216,open hand
2255,open hand
2035,open hand
1651,open hand
1477,open hand
1442,open hand
1484,open hand
1587,open hand
1703,open hand
1803,open hand
1490,open hand
1453,open hand
1666,open hand
2018,open hand
2272,open hand
2292,open hand
2220,open hand
2090,open hand
1980,open hand
1896,open hand
2214,open hand
2241,open hand
2023,open hand
1666,open hand
1512,open hand
1476,open hand
1488,open hand
1594,open hand
1698,open hand
1764,open hand
1492,open hand
1483,open hand
1691,open hand
2011,open hand
2255,open hand
2296,open hand
2216,open hand
2093,open hand
1992,open hand
1911,open hand
2214,open hand
2235,open hand
2025,open hand
1665,open hand
1498,open hand
1442,open hand
1462,open hand
1598,open hand
1705,open hand
1792,open hand
1497,open hand
1468,open hand
1688,open hand
2034,open hand
2279,open hand
2330,open hand
2243,open hand
2077,open hand
1947,open hand
1871,open hand
2212,open hand
2235,open hand
2038,open hand
1681,open hand
1508,open hand
1451,open hand
1465,open hand
1590,open hand
1708,open hand
1797,open hand
1501,open hand
1459,open hand
1662,open hand
2020,open hand
2267,open hand
2297,open hand
2214,open hand
2066,open hand
1954,open hand
1860,open hand
2192,open hand
2241,open hand
2044,open hand
1712,open hand
1549,open hand
1477,open hand
1503,open hand
1626,open hand
1718,open hand
1777,open hand
1479,open hand
1463,open hand
1690,open hand
2057,open hand
2263,open hand
2263,open hand
2178,open hand
2073,open hand
1985,open hand
1879,open hand
2181,open hand
2227,open hand
2039,open hand
1683,open hand
1521,open hand
1470,open hand
1489,open hand
1580,open hand
1682,open hand
1807,open hand
1535,open hand
1498,open hand
1680,open hand
2025,open hand
2271,open hand
2283,open hand
2209,open hand
2081,open hand
1974,open hand
1896,open hand
2212,open hand
2241,open hand
2045,open hand
1683,open hand
1507,open hand
1448,open hand
1467,open hand
1595,open hand
1704,open hand
1801,open hand
1511,open hand
1476,open hand
1675,open hand
2006,open hand
2244,open hand
2289,open hand
2203,open hand
2074,open hand
1989,open hand
1912,open hand
2225,open hand
2245,open hand
2035,open hand
1673,open hand
1487,open hand
1426,open hand
1473,open hand
1608,open hand
1718,open hand
1822,open hand
1512,open hand
1477,open hand
1672,open hand
2020,open hand
2260,open hand
2295,open hand
2224,open hand
2091,open hand
1988,open hand
1888,open hand
2206,open hand
2232,open hand
2010,open hand
1661,open hand
1493,open hand
1456,open hand
1497,open hand
1589,open hand
1690,open hand
1809,open hand
1547,open hand
1508,open hand
1671,open hand
2004,open hand
2244,open hand
2277,open hand
2220,open hand
2100,open hand
2025,open hand
1935,open hand
2219,open hand
2238,open hand
2009,open hand
1644,open hand
1485,open hand
1426,open hand
1457,open hand
1598,open hand
1719,open hand
1804,open hand
1499,open hand
1482,open hand
1675,open hand
2024,open hand
2266,open hand
2301,open hand
2220,open hand
2084,open hand
1979,open hand
1887,open hand
2213,open hand
2260,open hand
2063,open hand
1683,open hand
1500,open hand
1426,open hand
1439,open hand
1573,open hand
1680,open hand
1803,open hand
1502,open hand
1477,open hand
1662,open hand
2005,open hand
2271,open hand
2313,open hand
2216,open hand
2085,open hand
1992,open hand
1911,open hand
2219,open hand
2217,open hand
1999,open hand
1644,open hand
1521,open hand
1504,open hand
1520,open hand
1624,open hand
1687,open hand
1770,open hand
1473,open hand
1451,open hand
1682,open hand
2057,open hand
2274,open hand
2298,open hand
2221,open hand
2092,open hand
1984,open hand
1910,open hand
2231,open hand
2245,open hand
2023,open hand
1656,open hand
1485,open hand
1424,open hand
1448,open hand
1583,open hand
1702,open hand
1810,open hand
1504,open hand
1462,open hand
1671,open hand
2038,open hand
2296,open hand
2312,open hand
2220,open hand
2089,open hand
1985,open hand
1908,open hand
2226,open hand
2246,open hand
2026,open hand
1669,open hand
1491,open hand
1428,open hand
1452,open hand
1583,open hand
1690,open hand
1776,open hand
1476,open hand
1473,open hand
1679,open hand
2035,open hand
2278,open hand
2324,open hand
2213,open hand
2066,open hand
1992,open hand
1952,open hand
2315,open hand
2294,open hand
2020,open hand
1646,open hand
1472,open hand
1407,open hand
1441,open hand
1565,open hand
1685,open hand
1782,open hand
1475,open hand
1457,open hand
1675,open hand
2041,open hand
2293,open hand
2318,open hand
2246,open hand
2113,open hand
1973,open hand
1886,open hand
2206,open hand
2201,open hand
2000,open hand
1705,open hand
1536,open hand
1441,open hand
1466,open hand
1585,open hand
1682,open hand
1796,open hand
1492,open hand
1461,open hand
1690,open hand
2079,open hand
2286,open hand
2292,open hand
2209,open hand
2062,open hand
1961,open hand
1920,open hand
2273,open hand
2287,open hand
2034,open hand
1640,open hand
1471,open hand
1422,open hand
1435,open hand
1573,open hand
1705,open hand
1810,open hand
1514,open hand
1482,open hand
1673,open hand
2025,open hand
2276,open hand
2313,open hand
2229,open hand
2092,open hand
1994,open hand
1898,open hand
2221,open hand
2226,open hand
2007,open hand
1661,open hand
1525,open hand
1490,open hand
1491,open hand
1574,open hand
1679,open hand
1785,open hand
1466,open hand
1448,open hand
1671,open hand
2031,open hand
2285,open hand
2314,open hand
2229,open hand
2094,open hand
2010,open hand
1925,open hand
2239,open hand
2235,open hand
1999,open hand
1648,open hand
1483,open hand
1429,open hand
1449,open hand
1586,open hand
1705,open hand
1790,open hand
1469,open hand
1457,open hand
1671,open hand
2035,open hand
2310,open hand
2340,open hand
2236,open hand
2067,open hand
1978,open hand
1887,open hand
2212,open hand
2248,open hand
2042,open hand
1672,open hand
1510,open hand
1489,open hand
1475,open hand
1587,open hand
1692,open hand
1773,open hand
1448,open hand
1438,open hand
1667,open hand
2051,open hand
2316,open hand
2322,open hand
2225,open hand
2112,open hand
1994,open hand
1898,open hand
2228,open hand
2238,open hand
2032,open hand
1665,open hand
1494,open hand
1433,open hand
1458,open hand
1586,open hand
1692,open hand
1784,open hand
1478,open hand
1475,open hand
1690,open hand
2037,open hand
2285,open hand
2312,open hand
2250,open hand
2112,open hand
1978,open hand
1892,open hand
2202,open hand
2218,open hand
1998,open hand
1646,open hand
1488,open hand
1440,open hand
1473,open hand
1600,open hand
1711,open hand
1798,open hand
1485,open hand
1459,open hand
1675,open hand
2033,open hand
2283,open hand
2314,open hand
2242,open hand
2107,open hand
2002,open hand
1905,open hand
2233,open hand
2242,open hand
2018,open hand
1654,open hand
1492,open hand
1436,open hand
1464,open hand
1592,open hand
1700,open hand
1794,open hand
1474,open hand
1453,open hand
1666,open hand
2029,open hand
2286,open hand
2320,open hand
2245,open hand
2118,open hand
1999,open hand
1880,open hand
2173,open hand
2215,open hand
2021,open hand
1652,open hand
1501,open hand
1449,open hand
1524,open hand
1634,open hand
1698,open hand
1780,open hand
1465,open hand
1459,open hand
1685,open hand
2045,open hand
2286,open hand
2296,open hand
2222,open hand
2091,open hand
1984,open hand
1887,open hand
2235,open hand
2266,open hand
2035,open hand
1653,open hand
1480,open hand
1426,open hand
1455,open hand
1588,open hand
1718,open hand
1803,open hand
1460,open hand
1453,open hand
1689,open hand
2046,open hand
2297,open hand
2306,open hand
2239,open hand
2098,open hand
1999,open hand
1923,open hand
2247,open hand
2243,open hand
2000,open hand
1630,open hand
1458,open hand
1390,open hand
1449,open hand
1591,open hand
1698,open hand
1829,open hand
1526,open hand
1491,open hand
1698,open hand
2043,open hand
2283,open hand
2313,open hand
2224,open hand
2097,open hand
1988,open hand
1893,open hand
2236,open hand
2244,open hand
2003,open hand
1640,open hand
1485,open hand
1450,open hand
1481,open hand
1595,open hand
1700,open hand
1786,open hand
1475,open hand
1452,open hand
1647,open hand
2010,open hand
2294,open hand
2334,open hand
2246,open hand
2100,open hand
1991,open hand
1900,open hand
2232,open hand
2239,open hand
2020,open hand
1648,open hand
1483,open hand
1438,open hand
1470,open hand
1603,open hand
1714,open hand
1793,open hand
1472,open hand
1455,open hand
1673,open hand
2032,open hand
2290,open hand
2287,open hand
2228,open hand
2142,open hand
2021,open hand
1897,open hand
2211,open hand
2219,open hand
2021,open hand
1678,open hand
1521,open hand
1458,open hand
1466,open hand
1567,open hand
1673,open hand
1744,open hand
1440,open hand
1457,open hand
1682,open hand
2063,open hand
2312,open hand
2334,open hand
2245,open hand
2098,open hand
1984,open hand
1892,open hand
2224,open hand
2230,open hand
1997,open hand
1634,open hand
1492,open hand
1470,open hand
1485,open hand
1596,open hand
1696,open hand
1781,open hand
1463,open hand
1460,open hand
1690,open hand
2040,open hand
2285,open hand
2297,open hand
2217,open hand
2096,open hand
1991,open hand
1890,open hand
2229,open hand
2251,open hand
2017,open hand
1645,open hand
1482,open hand
1432,open hand
1455,open hand
1593,open hand
1724,open hand
1816,open hand
1491,open hand
1458,open hand
1684,open hand
2057,open hand
2293,open hand
2300,open hand
2206,open hand
2109,open hand
2003,open hand
1887,open hand
2222,open hand
2241,open hand
2027,open hand
1653,open hand
1482,open hand
1432,open hand
1458,open hand
1584,open hand
1701,open hand
1797,open hand
1473,open hand
1466,open hand
1691,open hand
2036,open hand
2280,open hand
2302,open hand
2231,open hand
2097,open hand
1983,open hand
1903,open hand
2244,open hand
2248,open hand
2015,open hand
1650,open hand
1498,open hand
1466,open hand
1478,open hand
1578,open hand
1676,open hand
1777,open hand
1463,open hand
1446,open hand
1673,open hand
2034,open hand
2287,open hand
2304,open hand
2213,open hand
2089,open hand
2001,open hand
1925,open hand
2277,open hand
2274,open hand
2040,open hand
1649,open hand
1478,open hand
1423,open hand
1462,open hand
1612,open hand
1714,open hand
1791,open hand
1443,open hand
1436,open hand
1677,open hand
2041,open hand
2287,open hand
2311,open hand
2222,open hand
2103,open hand
2002,open hand
1907,open hand
2244,open hand
2244,open hand
2003,open hand
1640,open hand
1477,open hand
1432,open hand
1454,open hand
1572,open hand
1687,open hand
1815,open hand
1510,open hand
1494,open hand
1694,open hand
2037,open hand
2300,open hand
2333,open hand
2214,open hand
2038,open hand
1964,open hand
1873,open hand
2231,open hand
2264,open hand
2049,open hand
1682,open hand
1550,open hand
1462,open hand
1470,open hand
1570,open hand
1675,open hand
1804,open hand
1458,open hand
1445,open hand
1673,open hand
2028,open hand
2281,open hand
2299,open hand
2215,open hand
2085,open hand
1985,open hand
1899,open hand
2239,open hand
2268,open hand
2047,open hand
1666,open hand
1488,open hand
1415,open hand
1453,open hand
1587,open hand
1700,open hand
1803,open hand
1477,open hand
1466,open hand
1688,open hand
2044,open hand
2287,open hand
2306,open hand
2217,open hand
2087,open hand
1980,open hand
1897,open hand
2233,open hand
2239,open hand
2020,open hand
1667,open hand
1518,open hand
1446,open hand
1462,open hand
1583,open hand
1692,open hand
1789,open hand
1473,open hand
1467,open hand
1689,open hand
2033,open hand
2276,open hand
2293,open hand
2227,open hand
2141,open hand
2009,open hand
1896,open hand
2220,open hand
2216,open hand
1999,open hand
1637,open hand
1462,open hand
1435,open hand
1467,open hand
1588,open hand
1721,open hand
1826,open hand
1495,open hand
1484,open hand
1696,open hand
2044,open hand
2287,open hand
2288,open hand
2202,open hand
2074,open hand
1978,open hand
1898,open hand
2249,open hand
2252,open hand
2034,open hand
1667,open hand
1492,open hand
1405,open hand
1412,open hand
1555,open hand
1721,open hand
1860,open hand
1515,open hand
1477,open hand
1693,open hand
2030,open hand
2276,open hand
2294,open hand
2210,open hand
2089,open hand
1979,open hand
1905,open hand
2255,open hand
2241,open hand
2011,open hand
1654,open hand
1488,open hand
1442,open hand
1463,open hand
1590,open hand
1708,open hand
1796,open hand
1460,open hand
1447,open hand
1694,open hand
2027,open hand
2272,open hand
2303,open hand
2228,open hand
2132,open hand
2013,open hand
1905,open hand
2263,open hand
2262,open hand
2032,open hand
1645,open hand
1489,open hand
1448,open hand
1437,open hand
1564,open hand
1688,open hand
1784,open hand
1472,open hand
1463,open hand
1692,open hand
2042,open hand
2285,open hand
2293,open hand
2208,open hand
2082,open hand
1993,open hand
1915,open hand
2254,open hand
2243,open hand
2023,open hand
1654,open hand
1511,open hand
1452,open hand
1454,open hand
1569,open hand
1677,open hand
1787,open hand
1467,open hand
1455,open hand
1691,open hand
2057,open hand
2301,open hand
2316,open hand
2218,open hand
2096,open hand
2011,open hand
1915,open hand
2241,open hand
2213,open hand
1965,open hand
1599,open hand
1444,open hand
1440,open hand
1485,open hand
1612,open hand
1757,open hand
1836,open hand
1472,open hand
1470,open hand
1690,open hand
2040,open hand
2282,open hand
2316,open hand
2238,open hand
2091,open hand
1982,open hand
1898,open hand
2251,open hand
2236,open hand
2000,open hand
1644,open hand
1488,open hand
1425,open hand
1446,open hand
1590,open hand
1711,open hand
1792,open hand
1460,open hand
1487,open hand
1721,open hand
2059,open hand
2293,open hand
2307,open hand
2218,open hand
2077,open hand
1969,open hand
1890,open hand
2230,open hand
2227,open hand
2007,open hand
1667,open hand
1516,open hand
1432,open hand
1464,open hand
1598,open hand
1714,open hand
1799,open hand
1474,open hand
1468,open hand
1679,open hand
2019,open hand
2270,open hand
2308,open hand
2253,open hand
2111,open hand
2011,open hand
1888,open hand
2248,open hand
2253,open hand
1995,open hand
1639,open hand
1486,open hand
1424,open hand
1449,open hand
1592,open hand
1710,open hand
1802,open hand
1467,open hand
1470,open hand
1690,open hand
2040,open hand
2288,open hand
2310,open hand
2210,open hand
2078,open hand
1988,open hand
1897,open hand
2233,open hand
2227,open hand
1990,open hand
1644,open hand
1507,open hand
1464,open hand
1504,open hand
1598,open hand
1679,open hand
1788,open hand
1458,open hand
1451,open hand
1685,open hand
2049,open hand
2323,open hand
2323,open hand
2225,open hand
2071,open hand
1959,open hand
1895,open hand
2237,open hand
2229,open hand
2000,open hand
1650,open hand
1492,open hand
1448,open hand
1469,open hand
1587,open hand
1691,open hand
1775,open hand
1448,open hand
1472,open hand
1722,open hand
2108,open hand
2329,open hand
2313,open hand
2226,open hand
2073,open hand
1957,open hand
1879,open hand
2230,open hand
2236,open hand
2016,open hand
1681,open hand
1519,open hand
1436,open hand
1464,open hand
1577,open hand
1707,open hand
1769,open hand
1450,open hand
1491,open hand
1722,open hand
2050,open hand
2290,open hand
2315,open hand
2221,open hand
2071,open hand
1980,open hand
1895,open hand
2222,open hand
2214,open hand
1991,open hand
1628,open hand
1483,open hand
1447,open hand
1499,open hand
1620,open hand
1708,open hand
1786,open hand
1466,open hand
1479,open hand
1703,open hand
2065,open hand
2313,open hand
2310,open hand
2212,open hand
2080,open hand
1976,open hand
1898,open hand
2259,open hand
2262,open hand
2015,open hand
1654,open hand
1466,open hand
1401,open hand
1446,open hand
1580,open hand
1686,open hand
1803,open hand
1497,open hand
1494,open hand
1706,open hand
2045,open hand
2281,open hand
2294,open hand
2211,open hand
2086,open hand
2000,open hand
1910,open hand
2251,open hand
2237,open hand
2018,open hand
1648,open hand
1472,open hand
1410,open hand
1442,open hand
1605,open hand
1738,open hand
1797,open hand
1462,open hand
1463,open hand
1688,open hand
2055,open hand
2300,open hand
2307,open hand
2194,open hand
2059,open hand
1969,open hand
1918,open hand
2269,open hand
2239,open hand
1993,open hand
1634,open hand
1486,open hand
1424,open hand
1464,open hand
1625,open hand
1739,open hand
1810,open hand
1473,open hand
1491,open hand
1691,open hand
2021,open hand
2284,open hand
2307,open hand
2220,open hand
2100,open hand
1991,open hand
1904,open hand
2247,open hand
2227,open hand
1992,open hand
1633,open hand
1481,open hand
1427,open hand
1462,open hand
1603,open hand
1722,open hand
1793,open hand
1466,open hand
1477,open hand
1700,open hand
2048,open hand
2285,open hand
2294,open hand
2209,open hand
2093,open hand
1988,open hand
1903,open hand
2242,open hand
2238,open hand
2000,open hand
1641,open hand
1479,open hand
1424,open hand
1448,open hand
1592,open hand
1747,open hand
1834,open hand
1485,open hand
1453,open hand
1673,open hand
2036,open hand
2275,open hand
2297,open hand
2210,open hand
2090,open hand
1992,open hand
1911,open hand
2270,open hand
2254,open hand
2006,open hand
1644,open hand
1469,open hand
1407,open hand
1445,open hand
1568,open hand
1685,open hand
1786,open hand
1495,open hand
1508,open hand
1731,open hand
2069,open hand
2308,open hand
2350,open hand
2250,open hand
2098,open hand
1967,open hand
1864,open hand
2229,open hand
2217,open hand
1972,open hand
1626,open hand
1468,open hand
1420,open hand
1500,open hand
1654,open hand
1747,open hand
1818,open hand
1458,open hand
1457,open hand
1684,open hand
2047,open hand
2291,open hand
2301,open hand
2207,open hand
2060,open hand
1972,open hand
1902,open hand
2257,open hand
2224,open hand
1987,open hand
1639,open hand
1486,open hand
1436,open hand
1473,open hand
1603,open hand
1717,open hand
1810,open hand
1462,open hand
1469,open hand
1688,open hand
2041,open hand
2299,open hand
2305,open hand
2217,open hand
2090,open hand
1991,open hand
1898,open hand
2266,open hand
2246,open hand
1991,open hand
1638,open hand
1480,open hand
1424,open hand
1471,open hand
1603,open hand
1723,open hand
1804,open hand
1467,open hand
1485,open hand
1692,open hand
2023,open hand
2257,open hand
2298,open hand
2227,open hand
2072,open hand
1993,open hand
1907,open hand
2259,open hand
2245,open hand
2002,open hand
1642,open hand
1484,open hand
1436,open hand
1471,open hand
1604,open hand
1715,open hand
1794,open hand
1453,open hand
1467,open hand
1705,open hand
2051,open hand
2296,open hand
2306,open hand
2211,open hand
2089,open hand
1985,open hand
1901,open hand
2263,open hand
2234,open hand
1993,open hand
1630,open hand
1465,open hand
1424,open hand
1460,open hand
1592,open hand
1703,open hand
1812,open hand
1487,open hand
1477,open hand
1691,open hand
2056,open hand
2316,open hand
2310,open hand
2220,open hand
2106,open hand
1990,open hand
1910,open hand
2253,open hand
2225,open hand
1996,open hand
1678,open hand
1484,open hand
1415,open hand
1446,open hand
1578,open hand
1700,open hand
1805,open hand
1454,open hand
1450,open hand
1705,open hand
2050,open hand
2311,open hand
2327,open hand
2231,open hand
2115,open hand
2003,open hand
1898,open hand
2251,open hand
2219,open hand
1996,open hand
1660,open hand
1499,open hand
1401,open hand
1437,open hand
1581,open hand
1698,open hand
1787,open hand
1450,open hand
1498,open hand
1730,open hand
2061,open hand
2298,open hand
2310,open hand
2220,open hand
2091,open hand
1979,open hand
1896,open hand
2254,open hand
2242,open hand
2000,open hand
1643,open hand
1486,open hand
1438,open hand
1463,open hand
1597,open hand
1715,open hand
1792,open hand
1453,open hand
1469,open hand
1703,open hand
2050,open hand
2282,open hand
2305,open hand
2203,open hand
2087,open hand
1996,open hand
1908,open hand
2275,open hand
2271,open hand
2004,open hand
1652,open hand
1476,open hand
1421,open hand
1458,open hand
1595,open hand
1707,open hand
1801,open hand
1452,open hand
1470,open hand
1696,open hand
2055,open hand
2296,open hand
2307,open hand
2209,open hand
2093,open hand
1987,open hand
1905,open hand
2258,open hand
2232,open hand
1988,open hand
1617,open hand
1457,open hand
1428,open hand
1493,open hand
1618,open hand
1716,open hand
1803,open hand
1470,open hand
1480,open hand
1698,open hand
2034,open hand
2266,open hand
2289,open hand
2222,open hand
2119,open hand
2028,open hand
1915,open hand
2250,open hand
2236,open hand
1989,open hand
1632,open hand
1498,open hand
1439,open hand
1445,open hand
1537,open hand
1668,open hand
1816,open hand
1508,open hand
1509,open hand
1708,open hand
2013,open hand
2266,open hand
2297,open hand
2214,open hand
2095,open hand
1995,open hand
1942,open hand
2307,open hand
2232,open hand
1977,open hand
1641,open hand
1483,open hand
1427,open hand
1465,open hand
1595,open hand
1708,open hand
1797,open hand
1447,open hand
1475,open hand
1709,open hand
2047,open hand
2298,open hand
2307,open hand
2216,open hand
2088,open hand
1982,open hand
1905,open hand
2264,open hand
2229,open hand
1987,open hand
1636,open hand
1482,open hand
1419,open hand
1457,open hand
1592,open hand
1707,open hand
1790,open hand
1432,open hand
1498,open hand
1774,open hand
2072,open hand
2292,open hand
2300,open hand
2201,open hand
2077,open hand
1980,open hand
1896,open hand
2263,open hand
2235,open hand
1992,open hand
1636,open hand
1478,open hand
1429,open hand
1465,open hand
1593,open hand
1718,open hand
1809,open hand
1447,open hand
1462,open hand
1700,open hand
2051,open hand
2299,open hand
2317,open hand
2227,open hand
2108,open hand
1982,open hand
1892,open hand
2251,open hand
2226,open hand
1995,open hand
1655,open hand
1515,open hand
1435,open hand
1473,open hand
1607,open hand
1716,open hand
1800,open hand
1444,open hand
1465,open hand
1722,open hand
2061,open hand
2287,open hand
2275,open hand
2175,open hand
2065,open hand
1960,open hand
1891,open hand
2276,open hand
2257,open hand
2018,open hand
1657,open hand
1499,open hand
1441,open hand
1471,open hand
1610,open hand
1732,open hand
1812,open hand
1448,open hand
1448,open hand
1691,open hand
2034,open hand
2273,open hand
2288,open hand
2208,open hand
2087,open hand
1986,open hand
1912,open hand
2270,open hand
2231,open hand
1976,open hand
1634,open hand
1480,open hand
1431,open hand
1468,open hand
1597,open hand
1712,open hand
1789,open hand
1432,open hand
1440,open hand
1711,open hand
2085,open hand
2323,open hand
2361,open hand
2222,open hand
2105,open hand
1962,open hand
1865,open hand
2258,open hand
2230,open hand
1994,open hand
1661,open hand
1471,open hand
1412,open hand
1453,open hand
1595,open hand
1731,open hand
1800,open hand
1446,open hand
1489,open hand
1712,open hand
2052,open hand
2280,open hand
2277,open hand
2217,open hand
2121,open hand
1981,open hand
1887,open hand
2261,open hand
2228,open hand
1983,open hand
1633,open hand
1480,open hand
1433,open hand
1481,open hand
1597,open hand
1705,open hand
1795,open hand
1452,open hand
1473,open hand
1715,open hand
2047,open hand
2292,open hand
2297,open hand
2211,open hand
2086,open hand
1981,open hand
1899,open hand
2263,open hand
2238,open hand
1984,open hand
1635,open hand
1484,open hand
1435,open hand
1481,open hand
1613,open hand
1719,open hand
1802,open hand
1448,open hand
1475,open hand
1711,open hand
2055,open hand
2298,open hand
2308,open hand
2217,open hand
2077,open hand
1973,open hand
1898,open hand
2269,open hand
2232,open hand
1991,open hand
1634,open hand
1477,open hand
1438,open hand
1476,open hand
1609,open hand
1730,open hand
1815,open hand
1449,open hand
1459,open hand
1686,open hand
2049,open hand
2282,open hand
2295,open hand
2216,open hand
2096,open hand
1981,open hand
1899,open hand
2266,open hand
2226,open hand
1981,open hand
1629,open hand
1488,open hand
1448,open hand
1472,open hand
1588,open hand
1703,open hand
1792,open hand
1440,open hand
1481,open hand
1739,open hand
2079,open hand
2285,open hand
2294,open hand
2214,open hand
2093,open hand
1990,open hand
1918,open hand
2275,open hand
2213,open hand
1981,open hand
1628,open hand
1473,open hand
1437,open hand
1476,open hand
1590,open hand
1704,open hand
1791,open hand
1447,open hand
1471,open hand
1719,open hand
2084,open hand
2288,open hand
2271,open hand
2208,open hand
2138,open hand
2031,open hand
1921,open hand
2279,open hand
2225,open hand
1971,open hand
1620,open hand
1466,open hand
1425,open hand
1460,open hand
1588,open hand
1713,open hand
1809,open hand
1461,open hand
1473,open hand
1700,open hand
2051,open hand
2294,open hand
2310,open hand
2208,open hand
2086,open hand
2001,open hand
1914,open hand
2264,open hand
2202,open hand
1962,open hand
1622,open hand
1476,open hand
1433,open hand
1481,open hand
1624,open hand
1738,open hand
1812,open hand
1435,open hand
1436,open hand
1700,open hand
2065,open hand
2283,open hand
2310,open hand
2222,open hand
2083,open hand
1978,open hand
1898,open hand
2276,open hand
2230,open hand
1991,open hand
1636,open hand
1481,open hand
1439,open hand
1483,open hand
1607,open hand
1712,open hand
1796,open hand
1439,open hand
1476,open hand
1711,open hand
2052,open hand
2293,open hand
2296,open hand
2209,open hand
2090,open hand
1979,open hand
1896,open hand
2265,open hand
2220,open hand
1981,open hand
1649,open hand
1486,open hand
1435,open hand
1479,open hand
1617,open hand
1719,open hand
1777,open hand
1412,open hand
1467,open hand
1727,open hand
2067,open hand
2311,open hand
2312,open hand
2193,open hand
2073,open hand
1980,open hand
1952,open hand
2313,open hand
2231,open hand
1973,open hand
1620,open hand
1473,open hand
1416,open hand
1461,open hand
1590,open hand
1707,open hand
1823,open hand
1481,open hand
1489,open hand
1704,open hand
2020,open hand
2275,open hand
2291,open hand
2195,open hand
2087,open hand
2004,open hand
1922,open hand
2279,open hand
2221,open hand
1966,open hand
1633,open hand
1479,open hand
1403,open hand
1455,open hand
1592,open hand
1708,open hand
1798,open hand
1452,open hand
1510,open hand
1733,open hand
2065,open hand
2305,open hand
2307,open hand
2210,open hand
2088,open hand
1980,open hand
1891,open hand
2263,open hand
2229,open hand
1998,open hand
1641,open hand
1474,open hand
1430,open hand
1472,open hand
1604,open hand
1701,open hand
1774,open hand
1433,open hand
1490,open hand
1739,open hand
2070,open hand
2301,open hand
2302,open hand
2207,open hand
2084,open hand
1979,open hand
1897,open hand
2276,open hand
2225,open hand
1972,open hand
1623,open hand
1485,open hand
1434,open hand
1461,open hand
1592,open hand
1711,open hand
1802,open hand
1442,open hand
1486,open hand
1736,open hand
2071,open hand
2296,open hand
2294,open hand
2206,open hand
2080,open hand
1959,open hand
1897,open hand
2288,open hand
2248,open hand
1983,open hand
1620,open hand
1477,open hand
1421,open hand
1474,open hand
1616,open hand
1724,open hand
1804,open hand
1459,open hand
1473,open hand
1715,open hand
2079,open hand
2325,open hand
2335,open hand
2185,open hand
2055,open hand
1975,open hand
1885,open hand
2277,open hand
2246,open hand
1989,open hand
1628,open hand
1460,open hand
1417,open hand
1462,open hand
1597,open hand
1717,open hand
1808,open hand
1444,open hand
1474,open hand
1721,open hand
2055,open hand
2295,open hand
2310,open hand
2214,open hand
2087,open hand
1981,open hand
1930,open hand
2310,open hand
2232,open hand
1943,open hand
1573,open hand
1439,open hand
1405,open hand
1445,open hand
1608,open hand
1737,open hand
1825,open hand
1462,open hand
1478,open hand
1716,open hand
2056,open hand
2306,open hand
2321,open hand
2227,open hand
2088,open hand
1978,open hand
1901,open hand
2277,open hand
2224,open hand
1979,open hand
1625,open hand
1472,open hand
1430,open hand
1475,open hand
1605,open hand
1724,open hand
1810,open hand
1442,open hand
1476,open hand
1723,open hand
2066,open hand
2313,open hand
2305,open hand
2211,open hand
2085,open hand
1980,open hand
1894,open hand
2273,open hand
2225,open hand
1974,open hand
1623,open hand
1470,open hand
1421,open hand
1467,open hand
1602,open hand
1718,open hand
1805,open hand
1443,open hand
1485,open hand
1730,open hand
2062,open hand
2306,open hand
2300,open hand
2198,open hand
2086,open hand
1980,open hand
1904,open hand
2286,open hand
2230,open hand
1977,open hand
1621,open hand
1459,open hand
1424,open hand
1473,open hand
1594,open hand
1714,open hand
1809,open hand
1442,open hand
1476,open hand
1727,open hand
2072,open hand
2314,open hand
2338,open hand
2221,open hand
2082,open hand
1974,open hand
1893,open hand
2271,open hand
2219,open hand
1975,open hand
1627,open hand
1472,open hand
1422,open hand
1462,open hand
1602,open hand
1728,open hand
1812,open hand
1434,open hand
1474,open hand
1721,open hand
2063,open hand
2303,open hand
2311,open hand
2207,open hand
2083,open hand
1976,open hand
1914,open hand
2295,open hand
2234,open hand
1962,open hand
1579,open hand
1431,open hand
1412,open hand
1473,open hand
1600,open hand
1695,open hand
1783,open hand
1487,open hand
1555,open hand
1774,open hand
2075,open hand
2308,open hand
2296,open hand
2198,open hand
2080,open hand
1987,open hand
1884,open hand
2235,open hand
2195,open hand
1981,open hand
1663,open hand
1512,open hand
1421,open hand
1464,open hand
1598,open hand
1711,open hand
1798,open hand
1445,open hand
1495,open hand
1725,open hand
2053,open hand
2278,open hand
2291,open hand
2200,open hand
2061,open hand
1975,open hand
1884,open hand
2263,open hand
2227,open hand
1984,open hand
1669,open hand
1512,open hand
1429,open hand
1471,open hand
1596,open hand
1729,open hand
1809,open hand
1442,open hand
1484,open hand
1721,open hand
2060,open hand
2297,open hand
2298,open hand
2201,open hand
2079,open hand
1983,open hand
1903,open hand
2282,open hand
2217,open hand
1956,open hand
1623,open hand
1477,open hand
1412,open hand
1473,open hand
1606,open hand
1723,open hand
1805,open hand
1444,open hand
1495,open hand
1728,open hand
2059,open hand
2294,open hand
2301,open hand
2207,open hand
2075,open hand
1975,open hand
1915,open hand
2306,open hand
2209,open hand
1930,open hand
1590,open hand
1458,open hand
1435,open hand
1487,open hand
1670,open hand
1758,open hand
1787,open hand
1429,open hand
1491,open hand
1749,open hand
2076,open hand
2308,open hand
2297,open hand
2194,open hand
2068,open hand
1956,open hand
1894,open hand
2272,open hand
2209,open hand
1954,open hand
1614,open hand
1467,open hand
1431,open hand
1486,open hand
1623,open hand
1735,open hand
1827,open hand
1455,open hand
1482,open hand
1724,open hand
2061,open hand
2304,open hand
2309,open hand
2197,open hand
2063,open hand
1957,open hand
1875,open hand
2269,open hand
2221,open hand
1985,open hand
1649,open hand
1495,open hand
1445,open hand
1484,open hand
1605,open hand
1721,open hand
1796,open hand
1429,open hand
1484,open hand
1725,open hand
2060,open hand
2299,open hand
2299,open hand
2200,open hand
2083,open hand
1977,open hand
1897,open hand
2275,open hand
2214,open hand
1967,open hand
1625,open hand
1471,open hand
1429,open hand
1481,open hand
1609,open hand
1732,open hand
1821,open hand
1456,open hand
1490,open hand
1730,open hand
2053,open hand
2287,open hand
2296,open hand
2203,open hand
2083,open hand
1977,open hand
1884,open hand
2259,open hand
2223,open hand
1959,open hand
1615,open hand
1478,open hand
1457,open hand
1521,open hand
1629,open hand
1732,open hand
1803,open hand
1420,open hand
1463,open hand
1725,open hand
2062,open hand
2290,open hand
2308,open hand
2210,open hand
2088,open hand
1985,open hand
1904,open hand
2271,open hand
2207,open hand
1948,open hand
1621,open hand
1484,open hand
1444,open hand
1477,open hand
1587,open hand
1720,open hand
1814,open hand
1448,open hand
1479,open hand
1731,open hand
2064,open hand
2277,open hand
2268,open hand
2167,open hand
2070,open hand
1999,open hand
1937,open hand
2319,open hand
2281,open hand
1983,open hand
1607,open hand
1462,open hand
1430,open hand
1468,open hand
1594,open hand
1710,open hand
1791,open hand
1425,open hand
1483,open hand
1722,open hand
2054,open hand
2335,open hand
2317,open hand
2200,open hand
2068,open hand
1954,open hand
1876,open hand
2264,open hand
2209,open hand
1965,open hand
1652,open hand
1514,open hand
1441,open hand
1479,open hand
1605,open hand
1718,open hand
1806,open hand
1442,open hand
1484,open hand
1733,open hand
2074,open hand
2306,open hand
2306,open hand
2199,open hand
2075,open hand
1966,open hand
1895,open hand
2270,open hand
2209,open hand
1958,open hand
1624,open hand
1479,open hand
1440,open hand
1488,open hand
1607,open hand
1721,open hand
1806,open hand
1442,open hand
1495,open hand
1734,open hand
2068,open hand
2302,open hand
2304,open hand
2198,open hand
2075,open hand
1969,open hand
1897,open hand
2272,open hand
2214,open hand
1963,open hand
1622,open hand
1478,open hand
1432,open hand
1482,open hand
1602,open hand
1720,open hand
1816,open hand
1435,open hand
1494,open hand
1741,open hand
2068,open hand
2306,open hand
2300,open hand
2207,open hand
2085,open hand
1977,open hand
1885,open hand
2256,open hand
2200,open hand
1948,open hand
1631,open hand
1472,open hand
1426,open hand
1496,open hand
1622,open hand
1728,open hand
1832,open hand
1463,open hand
1496,open hand
1755,open hand
2027,open hand
2254,open hand
2269,open hand
2170,open hand
2050,open hand
1957,open hand
1919,open hand
2353,open hand
2283,open hand
1990,open hand
1631,open hand
1465,open hand
1424,open hand
1469,open hand
1597,open hand
1701,open hand
1780,open hand
1407,open hand
1460,open hand
1737,open hand
2105,open hand
2364,open hand
2346,open hand
2213,open hand
2077,open hand
1959,open hand
1879,open hand
2245,open hand
2195,open hand
1963,open hand
1609,open hand
1463,open hand
1441,open hand
1499,open hand
1627,open hand
1724,open hand
1800,open hand
1438,open hand
1488,open hand
1734,open hand
2065,open hand
2299,open hand
2295,open hand
2190,open hand
2073,open hand
1969,open hand
1900,open hand
2272,open hand
2211,open hand
1955,open hand
1626,open hand
1484,open hand
1445,open hand
1503,open hand
1642,open hand
1750,open hand
1806,open hand
1405,open hand
1458,open hand
1732,open hand
2057,open hand
2294,open hand
2309,open hand
2207,open hand
2071,open hand
1960,open hand
1910,open hand
2284,open hand
2221,open hand
1952,open hand
1617,open hand
1475,open hand
1433,open hand
1485,open hand
1607,open hand
1731,open hand
1805,open hand
1431,open hand
1483,open hand
1720,open hand
2073,open hand
2334,open hand
2326,open hand
2197,open hand
2069,open hand
1961,open hand
1883,open hand
2262,open hand
2203,open hand
1971,open hand
1647,open hand
1485,open hand
1434,open hand
1474,open hand
1603,open hand
1719,open hand
1808,open hand
1436,open hand
1490,open hand
1732,open hand
2064,open hand
2305,open hand
2301,open hand
2190,open hand
2061,open hand
1958,open hand
1892,open hand
2283,open hand
2226,open hand
1969,open hand
1622,open hand
1476,open hand
1433,open hand
1487,open hand
1606,open hand
1721,open hand
1794,open hand
1413,open hand
1481,open hand
1725,open hand
2058,open hand
2297,open hand
2312,open hand
2246,open hand
2105,open hand
1981,open hand
1896,open hand
2275,open hand
2208,open hand
1944,open hand
1622,open hand
1464,open hand
1420,open hand
1485,open hand
1628,open hand
1725,open hand
1801,open hand
1425,open hand
1472,open hand
1738,open hand
2063,open hand
2296,open hand
2297,open hand
2201,open hand
2080,open hand
1974,open hand
1897,open hand
2268,open hand
2208,open hand
1953,open hand
1624,open hand
1471,open hand
1432,open hand
1515,open hand
1634,open hand
1735,open hand
1809,open hand
1436,open hand
1506,open hand
1754,open hand
2080,open hand
2292,open hand
2266,open hand
2175,open hand
2080,open hand
1958,open hand
1886,open hand
2276,open hand
2214,open hand
1974,open hand
1631,open hand
1474,open hand
1431,open hand
1479,open hand
1606,open hand
1716,open hand
1799,open hand
1431,open hand
1503,open hand
1767,open hand
2085,open hand
2306,open hand
2298,open hand
2186,open hand
2082,open hand
1976,open hand
1891,open hand
2269,open hand
2203,open hand
1946,open hand
1621,open hand
1474,open hand
1431,open hand
1490,open hand
1618,open hand
1735,open hand
1817,open hand
1443,open hand
1490,open hand
1741,open hand
2071,open hand
2305,open hand
2302,open hand
2203,open hand
2092,open hand
1975,open hand
1891,open hand
2270,open hand
2207,open hand
1954,open hand
1621,open hand
1477,open hand
1434,open hand
1487,open hand
1613,open hand
1724,open hand
1807,open hand
1440,open hand
1493,open hand
1743,open hand
2068,open hand
2304,open hand
2300,open hand
2195,open hand
2071,open hand
1967,open hand
1890,open hand
2267,open hand
2200,open hand
1952,open hand
1613,open hand
1478,open hand
1430,open hand
1475,open hand
1609,open hand
1729,open hand
1818,open hand
1460,open hand
1515,open hand
1749,open hand
2058,open hand
2286,open hand
2285,open hand
2190,open hand
2051,open hand
1928,open hand
1888,open hand
2294,open hand
2266,open hand
2038,open hand
1658,open hand
1495,open hand
1401,open hand
1454,open hand
1574,open hand
1680,open hand
1797,open hand
1467,open hand
1519,open hand
1751,open hand
2075,open hand
2303,open hand
2296,open hand
2194,open hand
2073,open hand
1964,open hand
1890,open hand
2277,open hand
2202,open hand
1939,open hand
1615,open hand
1471,open hand
1430,open hand
1485,open hand
1611,open hand
1720,open hand
1804,open hand
1441,open hand
1498,open hand
1744,open hand
2072,open hand
2304,open hand
2289,open hand
2196,open hand
2081,open hand
1977,open hand
1895,open hand
2272,open hand
2211,open hand
1970,open hand
1617,open hand
1475,open hand
1436,open hand
1493,open hand
1605,open hand
1722,open hand
1807,open hand
1430,open hand
1487,open hand
1743,open hand
2096,open hand
2324,open hand
2293,open hand
2181,open hand
2077,open hand
1988,open hand
1908,open hand
2273,open hand
2192,open hand
1935,open hand
1603,open hand
1448,open hand
1398,open hand
1478,open hand
1631,open hand
1779,open hand
1863,open hand
1498,open hand
1497,open hand
1697,open hand
2033,open hand
2255,open hand
2249,open hand
2175,open hand
2095,open hand
2027,open hand
1945,open hand
2301,open hand
2201,open hand
1935,open hand
1612,open hand
1468,open hand
1427,open hand
1479,open hand
1605,open hand
1717,open hand
1802,open hand
1436,open hand
1506,open hand
1760,open hand
2075,open hand
2300,open hand
2292,open hand
2188,open hand
2072,open hand
1970,open hand
1894,open hand
2269,open hand
2201,open hand
1946,open hand
1618,open hand
1467,open hand
1429,open hand
1481,open hand
1610,open hand
1729,open hand
1816,open hand
1444,open hand
1504,open hand
1749,open hand
2069,open hand
2297,open hand
2306,open hand
2203,open hand
2065,open hand
1958,open hand
1891,open hand
2283,open hand
2224,open hand
1965,open hand
1624,open hand
1471,open hand
1433,open hand
1480,open hand
1607,open hand
1717,open hand
1802,open hand
1434,open hand
1499,open hand
1749,open hand
2071,open hand
2301,open hand
2301,open hand
2189,open hand
2072,open hand
1972,open hand
1896,open hand
2276,open hand
2200,open hand
1949,open hand
1623,open hand
1463,open hand
1414,open hand
1487,open hand
1640,open hand
1730,open hand
1773,open hand
1394,open hand
1508,open hand
1787,open hand
2097,open hand
2363,open hand
2311,open hand
2157,open hand
2052,open hand
1954,open hand
1887,open hand
2285,open hand
2238,open hand
1956,open hand
1616,open hand
1477,open hand
1446,open hand
1488,open hand
1606,open hand
1718,open hand
1800,open hand
1422,open hand
1491,open hand
1746,open hand
2058,open hand
2291,open hand
2287,open hand
2195,open hand
2081,open hand
1972,open hand
1894,open hand
2284,open hand
2214,open hand
1946,open hand
1617,open hand
1472,open hand
1434,open hand
1493,open hand
1618,open hand
1728,open hand
1809,open hand
1438,open hand
1502,open hand
1747,open hand
2081,open hand
2306,open hand
2296,open hand
2193,open hand
2076,open hand
1969,open hand
1890,open hand
2273,open hand
2207,open hand
1945,open hand
1619,open hand
1483,open hand
1424,open hand
1460,open hand
1606,open hand
1730,open hand
1819,open hand
1441,open hand
1507,open hand
1751,open hand
2071,open hand
2302,open hand
2302,open hand
2197,open hand
2075,open hand
1973,open hand
1899,open hand
2274,open hand
2201,open hand
1939,open hand
1610,open hand
1469,open hand
1429,open hand
1489,open hand
1630,open hand
1737,open hand
1803,open hand
1424,open hand
1486,open hand
1757,open hand
2080,open hand
2309,open hand
2327,open hand
2238,open hand
2077,open hand
1957,open hand
1894,open hand
2272,open hand
2202,open hand
1940,open hand
1603,open hand
1464,open hand
1435,open hand
1493,open hand
1610,open hand
1723,open hand
1809,open hand
1449,open hand
1522,open hand
1752,open hand
2031,open hand
2251,open hand
2271,open hand
2192,open hand
2069,open hand
1968,open hand
1908,open hand
2313,open hand
2226,open hand
1996,open hand
1645,open hand
1461,open hand
1407,open hand
1457,open hand
1566,open hand
1719,open hand
1839,open hand
1476,open hand
1498,open hand
1746,open hand
2053,open hand
2308,open hand
2311,open hand
2203,open hand
2073,open hand
1966,open hand
1895,open hand
2266,open hand
2184,open hand
1927,open hand
1614,open hand
1496,open hand
1460,open hand
1510,open hand
1617,open hand
1719,open hand
1806,open hand
1435,open hand
1503,open hand
1746,open hand
2068,open hand
2308,open hand
2285,open hand
2189,open hand
2071,open hand
1964,open hand
1894,open hand
2284,open hand
2208,open hand
1948,open hand
1609,open hand
1470,open hand
1432,open hand
1492,open hand
1614,open hand
1724,open hand
1826,open hand
1464,open hand
1520,open hand
1755,open hand
2073,open hand
2300,open hand
2293,open hand
2194,open hand
2070,open hand
1961,open hand
1891,open hand
2273,open hand
2202,open hand
1957,open hand
1615,open hand
1471,open hand
1425,open hand
1488,open hand
1629,open hand
1736,open hand
1814,open hand
1426,open hand
1474,open hand
1733,open hand
2060,open hand
2283,open hand
2293,open hand
2205,open hand
2077,open hand
1964,open hand
1891,open hand
2272,open hand
2196,open hand
1945,open hand
1628,open hand
1488,open hand
1443,open hand
1494,open hand
1616,open hand
1732,open hand
1816,open hand
1436,open hand
1498,open hand
1739,open hand
2065,open hand
2298,open hand
2290,open hand
2184,open hand
2071,open hand
1966,open hand
1914,open hand
2286,open hand
2197,open hand
1926,open hand
1605,open hand
1491,open hand
1461,open hand
1501,open hand
1588,open hand
1704,open hand
1795,open hand
1429,open hand
1526,open hand
1824,open hand
2105,open hand
2300,open hand
2287,open hand
2182,open hand
2068,open hand
1970,open hand
1885,open hand
2261,open hand
2218,open hand
1974,open hand
1596,open hand
1451,open hand
1419,open hand
1488,open hand
1624,open hand
1710,open hand
1778,open hand
1403,open hand
1485,open hand
1760,open hand
2108,open hand
2355,open hand
2342,open hand
2202,open hand
2061,open hand
1954,open hand
1890,open hand
2292,open hand
2211,open hand
1940,open hand
1614,open hand
1453,open hand
1428,open hand
1481,open hand
1595,open hand
1721,open hand
1806,open hand
1425,open hand
1489,open hand
1750,open hand
2072,open hand
2307,open hand
2300,open hand
2209,open hand
2088,open hand
1971,open hand
1901,open hand
2280,open hand
2207,open hand
1946,open hand
1609,open hand
1472,open hand
1426,open hand
1476,open hand
1601,open hand
1714,open hand
1795,open hand
1441,open hand
1544,open hand
1772,open hand
2081,open hand
2321,open hand
2298,open hand
2186,open hand
2070,open hand
1967,open hand
1896,open hand
2280,open hand
2202,open hand
1940,open hand
1611,open hand
1476,open hand
1426,open hand
1489,open hand
1610,open hand
1724,open hand
1810,open hand
1432,open hand
1497,open hand
1751,open hand
2074,open hand
2303,open hand
2305,open hand
2198,open hand
2071,open hand
1967,open hand
1894,open hand
2280,open hand
2201,open hand
1948,open hand
1616,open hand
1476,open hand
1430,open hand
1493,open hand
1617,open hand
1728,open hand
1809,open hand
1435,open hand
1502,open hand
1750,open hand
2080,open hand
2305,open hand
2304,open hand
2197,open hand
2073,open hand
1956,open hand
1891,open hand
2275,open hand
2200,open hand
1939,open hand
1611,open hand
1475,open hand
1440,open hand
1487,open hand
1613,open hand
1731,open hand
1803,open hand
1438,open hand
1495,open hand
1748,open hand
2068,open hand
2314,open hand
2308,open hand
2190,open hand
2072,open hand
1958,open hand
1886,open hand
2266,open hand
2181,open hand
1928,open hand
1628,open hand
1509,open hand
1501,open hand
1531,open hand
1593,open hand
1687,open hand
1774,open hand
1449,open hand
1505,open hand
1737,open hand
2074,open hand
2308,open hand
2298,open hand
2192,open hand
2060,open hand
1958,open hand
1903,open hand
2309,open hand
2219,open hand
1947,open hand
1615,open hand
1462,open hand
1433,open hand
1512,open hand
1656,open hand
1769,open hand
1816,open hand
1379,open hand
1431,open hand
1757,open hand
2082,open hand
2289,open hand
2290,open hand
2198,open hand
2082,open hand
1974,open hand
1895,open hand
2273,open hand
2193,open hand
1931,open hand
1605,open hand
1464,open hand
1431,open hand
1510,open hand
1626,open hand
1732,open hand
1807,open hand
1431,open hand
1491,open hand
1744,open hand
2067,open hand
2312,open hand
2318,open hand
2228,open hand
2097,open hand
1959,open hand
1868,open hand
2252,open hand
2190,open hand
1933,open hand
1611,open hand
1498,open hand
1463,open hand
1498,open hand
1599,open hand
1714,open hand
1810,open hand
1453,open hand
1508,open hand
1768,open hand
2059,open hand
2283,open hand
2288,open hand
2166,open hand
2059,open hand
1957,open hand
1888,open hand
2266,open hand
2186,open hand
1942,open hand
1621,open hand
1503,open hand
1474,open hand
1498,open hand
1611,open hand
1721,open hand
1794,open hand
1440,open hand
1511,open hand
1761,open hand
2080,open hand
2312,open hand
2302,open hand
2190,open hand
2089,open hand
1991,open hand
1905,open hand
2263,open hand
2187,open hand
1948,open hand
1623,open hand
1461,open hand
1408,open hand
1478,open hand
1611,open hand
1731,open hand
1834,open hand
1448,open hand
1495,open hand
1737,open hand
2071,open hand
2313,open hand
2293,open hand
2190,open hand
2071,open hand
1955,open hand
1890,open hand
2277,open hand
2191,open hand
1934,open hand
1607,open hand
1474,open hand
1437,open hand
1496,open hand
1613,open hand
1714,open hand
1822,open hand
1434,open hand
1486,open hand
1764,open hand
2117,open hand
2337,open hand
2334,open hand
2191,open hand
2064,open hand
1962,open hand
1895,open hand
2271,open hand
2193,open hand
1937,open hand
1624,open hand
1482,open hand
1433,open hand
1479,open hand
1587,open hand
1709,open hand
1784,open hand
1398,open hand
1502,open hand
1762,open hand
2087,open hand
2322,open hand
2329,open hand
2218,open hand
2089,open hand
1965,open hand
1882,open hand
2264,open hand
2186,open hand
1935,open hand
1608,open hand
1469,open hand
1431,open hand
1489,open hand
1615,open hand
1730,open hand
1810,open hand
1432,open hand
1503,open hand
1752,open hand
2084,open hand
2313,open hand
2285,open hand
2169,open hand
2042,open hand
1953,open hand
1905,open hand
2283,open hand
2227,open hand
1984,open hand
1635,open hand
1500,open hand
1427,open hand
1469,open hand
1592,open hand
1711,open hand
1801,open hand
1434,open hand
1519,open hand
1801,open hand
2106,open hand
2311,open hand
2274,open hand
2155,open hand
2031,open hand
1908,open hand
1876,open hand
2319,open hand
2203,open hand
1978,open hand
1634,open hand
1480,open hand
1434,open hand
1488,open hand
1610,open hand
1725,open hand
1802,open hand
1439,open hand
1519,open hand
1760,open hand
2059,open hand
2275,open hand
2265,open hand
2179,open hand
2108,open hand
1980,open hand
1899,open hand
2293,open hand
2222,open hand
1947,open hand
1608,open hand
1463,open hand
1426,open hand
1497,open hand
1610,open hand
1718,open hand
1800,open hand
1402,open hand
1487,open hand
1751,open hand
2074,open hand
2312,open hand
2315,open hand
2216,open hand
2092,open hand
1954,open hand
1873,open hand
2267,open hand
2200,open hand
1940,open hand
1628,open hand
1499,open hand
1463,open hand
1494,open hand
1610,open hand
1738,open hand
1808,open hand
1432,open hand
1500,open hand
1756,open hand
2069,open hand
2291,open hand
2281,open hand
2186,open hand
2076,open hand
1970,open hand
1900,open hand
2277,open hand
2192,open hand
1929,open hand
1612,open hand
1495,open hand
1452,open hand
1498,open hand
1592,open hand
1692,open hand
1786,open hand
1396,open hand
1476,open hand
1762,open hand
2090,open hand
2324,open hand
2324,open hand
2235,open hand
2111,open hand
1986,open hand
1892,open hand
2267,open hand
2180,open hand
1915,open hand
1599,open hand
1468,open hand
1436,open hand
1492,open hand
1622,open hand
1740,open hand
1810,open hand
1407,open hand
1491,open hand
1749,open hand
2075,open hand
2293,open hand
2279,open hand
2189,open hand
2120,open hand
1977,open hand
1905,open hand
2298,open hand
2202,open hand
1938,open hand
1623,open hand
1479,open hand
1425,open hand
1491,open hand
1636,open hand
1735,open hand
1787,open hand
1399,open hand
1499,open hand
1755,open hand
2068,open hand
2300,open hand
2312,open hand
2193,open hand
2072,open hand
1962,open hand
1900,open hand
2279,open hand
2197,open hand
1943,open hand
1629,open hand
1473,open hand
1428,open hand
1489,open hand
1602,open hand
1724,open hand
1801,open hand
1441,open hand
1520,open hand
1776,open hand
2115,open hand
2326,open hand
2299,open hand
2183,open hand
2059,open hand
1951,open hand
1895,open hand
2279,open hand
2194,open hand
1933,open hand
1599,open hand
1476,open hand
1457,open hand
1502,open hand
1594,open hand
1721,open hand
1805,open hand
1415,open hand
1498,open hand
1769,open hand
2088,open hand
2309,open hand
2295,open hand
2190,open hand
2075,open hand
1970,open hand
1900,open hand
2284,open hand
2200,open hand
1940,open hand
1602,open hand
1461,open hand
1427,open hand
1487,open hand
1613,open hand
1725,open hand
1806,open hand
1449,open hand
1513,open hand
1762,open hand
2083,open hand
2312,open hand
2301,open hand
2209,open hand
2085,open hand
1971,open hand
1899,open hand
2282,open hand
2197,open hand
1928,open hand
1600,open hand
1459,open hand
1420,open hand
1481,open hand
1611,open hand
1734,open hand
1811,open hand
1428,open hand
1503,open hand
1752,open hand
2067,open hand
2290,open hand
2250,open hand
2155,open hand
2072,open hand
2035,open hand
1952,open hand
2327,open hand
2233,open hand
1948,open hand
1592,open hand
1449,open hand
1421,open hand
1490,open hand
1615,open hand
1714,open hand
1782,open hand
1414,open hand
1495,open hand
1769,open hand
2103,open hand
2324,open hand
2312,open hand
2198,open hand
2056,open hand
1943,open hand
1848,open hand
2252,open hand
2216,open hand
1956,open hand
1622,open hand
1493,open hand
1444,open hand
1477,open hand
1607,open hand
1727,open hand
1799,open hand
1420,open hand
1500,open hand
1758,open hand
2086,open hand
2319,open hand
2306,open hand
2194,open hand
2082,open hand
1974,open hand
1916,open hand
2309,open hand
2210,open hand
1936,open hand
1593,open hand
1455,open hand
1418,open hand
1486,open hand
1608,open hand
1733,open hand
1828,open hand
1429,open hand
1481,open hand
1758,open hand
2129,open hand
2324,open hand
2298,open hand
2190,open hand
2069,open hand
1948,open hand
1881,open hand
2298,open hand
2195,open hand
1943,open hand
1609,open hand
1478,open hand
1432,open hand
1486,open hand
1608,open hand
1723,open hand
1800,open hand
1417,open hand
1490,open hand
1747,open hand
2081,open hand
2323,open hand
2316,open hand
2208,open hand
2081,open hand
1964,open hand
1897,open hand
2290,open hand
2200,open hand
1935,open hand
1606,open hand
1463,open hand
1426,open hand
1484,open hand
1610,open hand
1733,open hand
1804,open hand
1415,open hand
1496,open hand
1763,open hand
2083,open hand
2314,open hand
2305,open hand
2189,open hand
2069,open hand
1965,open hand
1907,open hand
2281,open hand
2192,open hand
1936,open hand
1614,open hand
1514,open hand
1474,open hand
1536,open hand
1601,open hand
1675,open hand
1762,open hand
1397,open hand
1479,open hand
1738,open hand
2093,open hand
2322,open hand
2296,open hand
2185,open hand
2070,open hand
1964,open hand
1920,open hand
2324,open hand
2213,open hand
1922,open hand
1603,open hand
1479,open hand
1435,open hand
1486,open hand
1607,open hand
1718,open hand
1800,open hand
1423,open hand
1502,open hand
1774,open hand
2091,open hand
2321,open hand
2309,open hand
2186,open hand
2064,open hand
1954,open hand
1887,open hand
2273,open hand
2186,open hand
1972,open hand
1646,open hand
1478,open hand
1421,open hand
1489,open hand
1630,open hand
1731,open hand
1793,open hand
1399,open hand
1488,open hand
1748,open hand
2079,open hand
2318,open hand
2306,open hand
2172,open hand
2057,open hand
1950,open hand
1894,open hand
2309,open hand
2219,open hand
1960,open hand
1619,open hand
1497,open hand
1450,open hand
1500,open hand
1602,open hand
1692,open hand
1777,open hand
1408,open hand
1478,open hand
1757,open hand
2091,open hand
2322,open hand
2311,open hand
2201,open hand
2079,open hand
1971,open hand
1904,open hand
2295,open hand
2208,open hand
1939,open hand
1612,open hand
1467,open hand
1429,open hand
1485,open hand
1609,open hand
1723,open hand
1806,open hand
1420,open hand
1501,open hand
1763,open hand
2079,open hand
2318,open hand
2311,open hand
2201,open hand
2080,open hand
1960,open hand
1900,open hand
2298,open hand
2215,open hand
1920,open hand
1591,open hand
1463,open hand
1430,open hand
1490,open hand
1631,open hand
1746,open hand
1814,open hand
1390,open hand
1470,open hand
1754,open hand
2075,open hand
2314,open hand
2310,open hand
2250,open hand
2128,open hand
1969,open hand
1884,open hand
2252,open hand
2168,open hand
1925,open hand
1588,open hand
1450,open hand
1418,open hand
1479,open hand
1638,open hand
1790,open hand
1833,open hand
1435,open hand
1510,open hand
1774,open hand
2088,open hand
2309,open hand
2300,open hand
2162,open hand
2047,open hand
1962,open hand
1924,open hand
2286,open hand
2185,open hand
1942,open hand
1602,open hand
1435,open hand
1418,open hand
1496,open hand
1605,open hand
1731,open hand
1809,open hand
1417,open hand
1514,open hand
1772,open hand
2088,open hand
2315,open hand
2306,open hand
2194,open hand
2076,open hand
1975,open hand
1905,open hand
2295,open hand
2203,open hand
1927,open hand
1608,open hand
1464,open hand
1427,open hand
1484,open hand
1603,open hand
1723,open hand
1806,open hand
1418,open hand
1495,open hand
1764,open hand
2092,open hand
2310,open hand
2305,open hand
2186,open hand
2060,open hand
1955,open hand
1901,open hand
2319,open hand
2240,open hand
1954,open hand
1610,open hand
1457,open hand
1429,open hand
1495,open hand
1607,open hand
1704,open hand
1770,open hand
1399,open hand
1510,open hand
1798,open hand
2133,open hand
2331,open hand
2310,open hand
2184,open hand
2066,open hand
1957,open hand
1891,open hand
2277,open hand
2183,open hand
1939,open hand
1604,open hand
1454,open hand
1412,open hand
1488,open hand
1656,open hand
1764,open hand
1810,open hand
1412,open hand
1473,open hand
1753,open hand
2076,open hand
2324,open hand
2342,open hand
2208,open hand
2072,open hand
1959,open hand
1883,open hand
2295,open hand
2212,open hand
1942,open hand
1611,open hand
1436,open hand
1405,open hand
1485,open hand
1608,open hand
1731,open hand
1810,open hand
1416,open hand
1503,open hand
1766,open hand
2082,open hand
2322,open hand
2313,open hand
2214,open hand
2098,open hand
1973,open hand
1895,open hand
2275,open hand
2195,open hand
1930,open hand
1590,open hand
1448,open hand
1423,open hand
1500,open hand
1608,open hand
1729,open hand
1824,open hand
1438,open hand
1512,open hand
1773,open hand
2087,open hand
2312,open hand
2306,open hand
2192,open hand
2070,open hand
1959,open hand
1900,open hand
2286,open hand
2199,open hand
1928,open hand
1590,open hand
1451,open hand
1411,open hand
1476,open hand
1603,open hand
1721,open hand
1829,open hand
1432,open hand
1501,open hand
1770,open hand
2083,open hand
2307,open hand
2278,open hand
2159,open hand
2056,open hand
1967,open hand
1936,open hand
2349,open hand
2228,open hand
1936,open hand
1600,open hand
1450,open hand
1423,open hand
1501,open hand
1617,open hand
1725,open hand
1798,open hand
1407,open hand
1491,open hand
1759,open hand
2097,open hand
2327,open hand
2314,open hand
2190,open hand
2068,open hand
1960,open hand
1891,open hand
2296,open hand
2215,open hand
1909,open hand
1591,open hand
1458,open hand
1407,open hand
1464,open hand
1606,open hand
1749,open hand
1823,open hand
1449,open hand
1518,open hand
1775,open hand
2083,open hand
2319,open hand
2315,open hand
2193,open hand
2071,open hand
1962,open hand
1898,open hand
2290,open hand
2195,open hand
1931,open hand
1608,open hand
1462,open hand
1421,open hand
1482,open hand
1612,open hand
1723,open hand
1797,open hand
1415,open hand
1502,open hand
1767,open hand
2090,open hand
2317,open hand
2313,open hand
2208,open hand
2084,open hand
1963,open hand
1898,open hand
2289,open hand
2188,open hand
1926,open hand
1598,open hand
1466,open hand
1433,open hand
1503,open hand
1620,open hand
1728,open hand
1802,open hand
1419,open hand
1502,open hand
1766,open hand
2087,open hand
2321,open hand
2308,open hand
2196,open hand
2077,open hand
1962,open hand
1902,open hand
2295,open hand
2200,open hand
1929,open hand
1602,open hand
1464,open hand
1443,open hand
1491,open hand
1592,open hand
1718,open hand
1808,open hand
1416,open hand
1487,open hand
1764,open hand
2087,open hand
2331,open hand
2327,open hand
2201,open hand
2066,open hand
1965,open hand
1902,open hand
2289,open hand
2206,open hand
1927,open hand
1612,open hand
1464,open hand
1427,open hand
1528,open hand
1593,open hand
1698,open hand
1777,open hand
1381,open hand
1475,open hand
1766,open hand
2115,open hand
2370,open hand
2366,open hand
2213,open hand
2071,open hand
1960,open hand
1867,open hand
2272,open hand
2188,open hand
1938,open hand
1617,open hand
1467,open hand
1426,open hand
1477,open hand
1600,open hand
1724,open hand
1792,open hand
1433,open hand
1543,open hand
1780,open hand
2079,open hand
2298,open hand
2288,open hand
2182,open hand
2069,open hand
1963,open hand
1905,open hand
2306,open hand
2216,open hand
1932,open hand
1600,open hand
1459,open hand
1425,open hand
1496,open hand
1616,open hand
1727,open hand
1804,open hand
1409,open hand
1494,open hand
1770,open hand
2093,open hand
2321,open hand
2313,open hand
2199,open hand
2077,open hand
1971,open hand
1908,open hand
2297,open hand
2207,open hand
1927,open hand
1599,open hand
1453,open hand
1419,open hand
1484,open hand
1611,open hand
1729,open hand
1802,open hand
1413,open hand
1500,open hand
1763,open hand
2097,open hand
2319,open hand
2305,open hand
2194,open hand
2072,open hand
1960,open hand
1897,open hand
2296,open hand
2212,open hand
1942,open hand
1603,open hand
1455,open hand
1445,open hand
1518,open hand
1617,open hand
1699,open hand
1753,open hand
1397,open hand
1516,open hand
1756,open hand
2080,open hand
2326,open hand
2324,open hand
2194,open hand
2075,open hand
1957,open hand
1896,open hand
2295,open hand
2242,open hand
1948,open hand
1611,open hand
1448,open hand
1426,open hand
1538,open hand
1633,open hand
1697,open hand
1763,open hand
1381,open hand
1501,open hand
1776,open hand
2086,open hand
2319,open hand
2306,open hand
2198,open hand
2082,open hand
1961,open hand
1904,open hand
2298,open hand
2217,open hand
1931,open hand
1604,open hand
1447,open hand
1393,open hand
1484,open hand
1600,open hand
1717,open hand
1778,open hand
1410,open hand
1530,open hand
1784,open hand
2077,open hand
2335,open hand
2368,open hand
2234,open hand
2089,open hand
1952,open hand
1883,open hand
2278,open hand
2184,open hand
1924,open hand
1613,open hand
1470,open hand
1425,open hand
1486,open hand
1602,open hand
1733,open hand
1806,open hand
1420,open hand
1498,open hand
1732,open hand
2074,open hand
2324,open hand
2297,open hand
2182,open hand
2070,open hand
1979,open hand
1931,open hand
2342,open hand
2226,open hand
1916,open hand
1592,open hand
1456,open hand
1415,open hand
1474,open hand
1619,open hand
1736,open hand
1799,open hand
1405,open hand
1492,open hand
1765,open hand
2095,open hand
2318,open hand
2308,open hand
2187,open hand
2061,open hand
1972,open hand
1910,open hand
2294,open hand
2188,open hand
1915,open hand
1622,open hand
1467,open hand
1418,open hand
1482,open hand
1611,open hand
1739,open hand
1811,open hand
1427,open hand
1506,open hand
1778,open hand
2114,open hand
2324,open hand
2303,open hand
2198,open hand
2057,open hand
1934,open hand
1880,open hand
2295,open hand
2202,open hand
1922,open hand
1596,open hand
1458,open hand
1465,open hand
1521,open hand
1621,open hand
1730,open hand
1810,open hand
1418,open hand
1491,open hand
1758,open hand
2093,open hand
2315,open hand
2304,open hand
2192,open hand
2072,open hand
1959,open hand
1903,open hand
2295,open hand
2197,open hand
1920,open hand
1595,open hand
1466,open hand
1427,open hand
1500,open hand
1617,open hand
1719,open hand
1784,open hand
1397,open hand
1490,open hand
1758,open hand
2088,open hand
2342,open hand
2333,open hand
2217,open hand
2087,open hand
1968,open hand
1896,open hand
2286,open hand
2198,open hand
1919,open hand
1593,open hand
1476,open hand
1424,open hand
1475,open hand
1588,open hand
1699,open hand
1787,open hand
1406,open hand
1509,open hand
1790,open hand
2087,open hand
2328,open hand
2338,open hand
2245,open hand
2099,open hand
1952,open hand
1887,open hand
2290,open hand
2192,open hand
1908,open hand
1600,open hand
1457,open hand
1418,open hand
1478,open hand
1613,open hand
1729,open hand
1785,open hand
1394,open hand
1502,open hand
1783,open hand
2085,open hand
2317,open hand
2323,open hand
2184,open hand
2060,open hand
1963,open hand
1923,open hand
2326,open hand
2238,open hand
1933,open hand
1603,open hand
1490,open hand
1442,open hand
1489,open hand
1596,open hand
1727,open hand
1788,open hand
1392,open hand
1493,open hand
1770,open hand
2094,open hand
2317,open hand
2310,open hand
2194,open hand
2071,open hand
1959,open hand
1902,open hand
2301,open hand
2205,open hand
1927,open hand
1598,open hand
1461,open hand
1413,open hand
1488,open hand
1611,open hand
1730,open hand
1797,open hand
1409,open hand
1498,open hand
1772,open hand
2100,open hand
2314,open hand
2289,open hand
2199,open hand
2089,open hand
1964,open hand
1899,open hand
2291,open hand
2196,open hand
1929,open hand
1602,open hand
1470,open hand
1451,open hand
1499,open hand
1602,open hand
1692,open hand
1764,open hand
1395,open hand
1501,open hand
1774,open hand
2112,open hand
2339,open hand
2308,open hand
2189,open hand
2070,open hand
1967,open hand
1921,open hand
2317,open hand
2201,open hand
1913,open hand
1598,open hand
1456,open hand
1425,open hand
1506,open hand
1611,open hand
1722,open hand
1785,open hand
1428,open hand
1497,open hand
1754,open hand
2073,open hand
2318,open hand
2322,open hand
2193,open hand
2027,open hand
1909,open hand
1881,open hand
2325,open hand
2278,open hand
2001,open hand
1690,open hand
1497,open hand
1404,open hand
1464,open hand
1592,open hand
1711,open hand
1774,open hand
1387,open hand
1490,open hand
1771,open hand
2102,open hand
2330,open hand
2310,open hand
2185,open hand
2070,open hand
1961,open hand
1913,open hand
2315,open hand
2206,open hand
1921,open hand
1609,open hand
1464,open hand
1394,open hand
1437,open hand
1558,open hand
1704,open hand
1783,open hand
1424,open hand
1545,open hand
1832,open hand
2120,open hand
2335,open hand
2307,open hand
2186,open hand
2064,open hand
1944,open hand
1904,open hand
2291,open hand
2189,open hand
1924,open hand
1631,open hand
1443,open hand
1414,open hand
1509,open hand
1640,open hand
1745,open hand
1805,open hand
1415,open hand
1490,open hand
1760,open hand
2076,open hand
2311,open hand
2320,open hand
2222,open hand
2090,open hand
1959,open hand
1898,open hand
2279,open hand
2182,open hand
1921,open hand
1611,open hand
1476,open hand
1425,open hand
1484,open hand
1612,open hand
1724,open hand
1777,open hand
1409,open hand
1506,open hand
1769,open hand
2094,open hand
2324,open hand
2312,open hand
2195,open hand
2076,open hand
1974,open hand
1912,open hand
2305,open hand
2198,open hand
1926,open hand
1601,open hand
1467,open hand
1416,open hand
1472,open hand
1604,open hand
1720,open hand
1789,open hand
1397,open hand
1501,open hand
1789,open hand
2124,open hand
2335,open hand
2311,open hand
2194,open hand
2071,open hand
1960,open hand
1680,fist
1797,fist
1870,fist
1515,fist
1547,fist
1804,fist
2196,fist
2396,fist
2305,fist
2165,fist
2000,fist
1912,fist
1843,fist
2178,fist
2141,fist
1882,fist
1524,fist
1404,fist
1426,fist
1525,fist
1720,fist
1814,fist
1880,fist
1517,fist
1532,fist
1785,fist
2162,fist
2380,fist
2312,fist
2155,fist
1988,fist
1887,fist
1811,fist
2167,fist
2151,fist
1903,fist
1545,fist
1440,fist
1448,fist
1524,fist
1678,fist
1782,fist
1855,fist
1516,fist
1530,fist
1809,fist
2186,fist
2388,fist
2356,fist
2172,fist
1982,fist
1878,fist
1809,fist
2164,fist
2144,fist
1890,fist
1544,fist
1439,fist
1430,fist
1507,fist
1678,fist
1804,fist
1889,fist
1545,fist
1559,fist
1817,fist
2188,fist
2364,fist
2306,fist
2165,fist
1988,fist
1881,fist
1809,fist
2155,fist
2147,fist
1883,fist
1502,fist
1371,fist
1379,fist
1511,fist
1724,fist
1938,fist
1972,fist
1543,fist
1527,fist
1780,fist
2168,fist
2368,fist
2304,fist
2155,fist
1987,fist
1880,fist
1804,fist
2164,fist
2160,fist
1909,fist
1550,fist
1428,fist
1430,fist
1518,fist
1685,fist
1801,fist
1882,fist
1534,fist
1533,fist
1778,fist
2139,fist
2334,fist
2311,fist
2182,fist
2009,fist
1895,fist
1830,fist
2181,fist
2144,fist
1893,fist
1527,fist
1431,fist
1459,fist
1534,fist
1685,fist
1812,fist
1876,fist
1522,fist
1538,fist
1796,fist
2169,fist
2365,fist
2320,fist
2170,fist
1991,fist
1883,fist
1813,fist
2165,fist
2149,fist
1902,fist
1547,fist
1431,fist
1442,fist
1522,fist
1685,fist
1799,fist
1879,fist
1540,fist
1546,fist
1790,fist
2152,fist
2352,fist
2312,fist
2166,fist
1994,fist
1910,fist
1818,fist
2162,fist
2155,fist
1908,fist
1550,fist
1427,fist
1432,fist
1513,fist
1686,fist
1802,fist
1882,fist
1562,fist
1545,fist
1786,fist
2150,fist
2346,fist
2310,fist
2172,fist
2009,fist
1890,fist
1812,fist
2168,fist
2160,fist
1903,fist
1522,fist
1423,fist
1464,fist
1519,fist
1664,fist
1764,fist
1857,fist
1491,fist
1490,fist
1777,fist
2208,fist
2459,fist
2377,fist
2196,fist
2017,fist
1889,fist
1807,fist
2163,fist
2165,fist
1919,fist
1552,fist
1439,fist
1428,fist
1499,fist
1674,fist
1786,fist
1870,fist
1538,fist
1529,fist
1762,fist
2122,fist
2362,fist
2334,fist
2184,fist
1997,fist
1903,fist
1830,fist
2156,fist
2149,fist
1901,fist
1539,fist
1417,fist
1422,fist
1512,fist
1715,fist
1846,fist
1903,fist
1562,fist
1560,fist
1788,fist
2144,fist
2359,fist
2327,fist
2186,fist
1998,fist
1874,fist
1787,fist
2124,fist
2159,fist
1893,fist
1513,fist
1395,fist
1420,fist
1543,fist
1703,fist
1813,fist
1909,fist
1559,fist
1497,fist
1729,fist
2104,fist
2349,fist
2340,fist
2222,fist
2121,fist
1956,fist
1798,fist
2141,fist
2177,fist
1895,fist
1525,fist
1417,fist
1420,fist
1477,fist
1660,fist
1784,fist
1918,fist
1601,fist
1543,fist
1800,fist
2152,fist
2337,fist
2300,fist
2159,fist
1990,fist
1910,fist
1839,fist
2156,fist
2182,fist
1929,fist
1575,fist
1462,fist
1462,fist
1518,fist
1661,fist
1790,fist
1849,fist
1508,fist
1538,fist
1812,fist
2176,fist
2355,fist
2330,fist
2183,fist
1992,fist
1865,fist
1783,fist
2073,fist
2068,fist
1864,fist
1572,fist
1470,fist
1473,fist
1547,fist
1698,fist
1783,fist
1886,fist
1586,fist
1540,fist
1795,fist
2180,fist
2375,fist
2331,fist
2180,fist
1994,fist
1879,fist
1798,fist
2087,fist
2150,fist
1928,fist
1581,fist
1505,fist
1499,fist
1555,fist
1655,fist
1693,fist
1784,fist
1484,fist
1526,fist
1808,fist
2192,fist
2428,fist
2396,fist
2269,fist
2135,fist
1935,fist
1782,fist
2084,fist
2075,fist
1715,fist
1398,fist
1397,fist
1481,fist
1567,fist
1720,fist
1805,fist
1829,fist
1588,fist
1568,fist
1793,fist
2116,fist
2352,fist
2353,fist
2242,fist
1972,fist
1852,fist
1771,fist
2138,fist
2204,fist
1992,fist
1613,fist
1512,fist
1470,fist
1420,fist
1583,fist
1688,fist
1820,fist
1551,fist
1527,fist
1781,fist
2162,fist
2403,fist
2443,fist
2256,fist
2072,fist
1923,fist
1811,fist
2093,fist
2110,fist
1849,fist
1470,fist
1386,fist
1469,fist
1684,fist
1880,fist
1912,fist
1871,fist
1535,fist
1502,fist
1609,fist
1999,fist
2294,fist
2381,fist
2270,fist
2059,fist
1865,fist
1649,fist
2002,fist
2102,fist
1958,fist
1598,fist
1399,fist
1463,fist
1578,fist
1725,fist
1866,fist
1968,fist
1625,fist
1502,fist
1770,fist
2120,fist
2267,fist
2234,fist
2182,fist
2111,fist
1996,fist
1921,fist
2096,fist
2070,fist
1754,fist
1477,fist
1444,fist
1551,fist
1562,fist
1672,fist
1861,fist
1762,fist
1470,fist
1546,fist
1852,fist
2202,fist
2454,fist
2413,fist
2027,fist
1749,fist
1793,fist
1832,fist
2178,fist
2217,fist
1954,fist
1610,fist
1475,fist
1473,fist
1553,fist
1663,fist
1739,fist
1845,fist
1646,fist
1600,fist
1812,fist
2254,fist
2389,fist
2343,fist
2308,fist
1992,fist
1829,fist
1737,fist
2016,fist
2056,fist
1909,fist
1520,fist
1420,fist
1420,fist
1458,fist
1594,fist
1773,fist
1969,fist
1683,fist
1624,fist
1807,fist
2142,fist
2331,fist
2276,fist
2104,fist
2116,fist
2004,fist
1816,fist
2039,fist
1998,fist
1950,fist
1531,fist
1328,fist
1397,fist
1577,fist
1797,fist
1849,fist
1856,fist
1527,fist
1474,fist
1746,fist
2142,fist
2436,fist
2403,fist
2208,fist
1951,fist
1778,fist
1852,fist
2277,fist
2308,fist
1983,fist
1445,fist
1263,fist
1326,fist
1451,fist
1641,fist
1814,fist
1952,fist
1637,fist
1563,fist
1770,fist
2146,fist
2456,fist
2474,fist
2321,fist
2061,fist
1712,fist
1634,fist
2015,fist
2082,fist
1906,fist
1585,fist
1502,fist
1478,fist
1531,fist
1705,fist
1804,fist
1847,fist
1580,fist
1599,fist
1850,fist
2195,fist
2362,fist
2311,fist
2233,fist
2059,fist
1920,fist
1729,fist
1919,fist
2017,fist
1785,fist
1543,fist
1501,fist
1494,fist
1561,fist
1782,fist
1812,fist
1825,fist
1553,fist
1528,fist
1787,fist
2169,fist
2390,fist
2377,fist
2158,fist
1992,fist
1892,fist
1834,fist
2124,fist
2142,fist
1946,fist
1604,fist
1427,fist
1408,fist
1483,fist
1650,fist
1735,fist
1823,fist
1532,fist
1454,fist
1684,fist
2068,fist
2364,fist
2391,fist
2285,fist
2076,fist
2017,fist
1838,fist
2118,fist
2227,fist
2092,fist
1665,fist
1481,fist
1386,fist
1444,fist
1567,fist
1703,fist
1823,fist
1574,fist
1506,fist
1675,fist
2073,fist
2341,fist
2361,fist
2259,fist
2145,fist
2023,fist
1792,fist
2124,fist
2157,fist
1864,fist
1556,fist
1529,fist
1570,fist
1578,fist
1632,fist
1637,fist
1761,fist
1470,fist
1446,fist
1740,fist
2155,fist
2373,fist
2404,fist
2250,fist
2042,fist
1922,fist
1823,fist
2102,fist
2143,fist
1907,fist
1567,fist
1445,fist
1426,fist
1481,fist
1665,fist
1813,fist
1904,fist
1550,fist
1474,fist
1717,fist
2145,fist
2399,fist
2364,fist
2204,fist
2008,fist
1890,fist
1806,fist
2105,fist
2201,fist
1974,fist
1572,fist
1412,fist
1399,fist
1472,fist
1652,fist
1779,fist
1895,fist
1595,fist
1502,fist
1738,fist
2073,fist
2317,fist
2369,fist
2240,fist
2124,fist
1961,fist
1814,fist
2149,fist
2199,fist
1931,fist
1506,fist
1362,fist
1322,fist
1370,fist
1544,fist
1751,fist
2097,fist
1756,fist
1603,fist
1818,fist
2169,fist
2385,fist
2354,fist
2239,fist
2008,fist
1871,fist
1771,fist
2095,fist
2190,fist
1930,fist
1527,fist
1347,fist
1323,fist
1411,fist
1623,fist
1753,fist
1885,fist
1601,fist
1665,fist
1886,fist
2227,fist
2394,fist
2361,fist
2189,fist
1951,fist
1810,fist
1753,fist
2062,fist
2160,fist
1892,fist
1517,fist
1419,fist
1479,fist
1593,fist
1649,fist
1786,fist
1920,fist
1629,fist
1511,fist
1751,fist
2159,fist
2348,fist
2333,fist
2180,fist
1996,fist
1907,fist
1822,fist
2118,fist
2211,fist
1973,fist
1558,fist
1413,fist
1404,fist
1480,fist
1656,fist
1781,fist
1874,fist
1576,fist
1467,fist
1695,fist
2090,fist
2328,fist
2338,fist
2215,fist
2107,fist
2072,fist
1847,fist
2099,fist
2175,fist
1921,fist
1542,fist
1396,fist
1401,fist
1501,fist
1675,fist
1854,fist
1903,fist
1588,fist
1486,fist
1725,fist
2114,fist
2343,fist
2344,fist
2185,fist
1996,fist
1888,fist
1796,fist
2102,fist
2206,fist
1956,fist
1568,fist
1450,fist
1434,fist
1490,fist
1666,fist
1769,fist
1848,fist
1551,fist
1480,fist
1716,fist
2155,fist
2446,fist
2409,fist
2205,fist
2031,fist
1886,fist
1792,fist
2070,fist
2166,fist
1959,fist
1575,fist
1418,fist
1389,fist
1471,fist
1631,fist
1749,fist
1929,fist
1770,fist
1588,fist
1750,fist
2152,fist
2361,fist
2329,fist
2173,fist
1986,fist
1882,fist
1806,fist
2090,fist
2176,fist
1926,fist
1551,fist
1418,fist
1434,fist
1488,fist
1659,fist
1778,fist
1885,fist
1553,fist
1436,fist
1689,fist
2118,fist
2407,fist
2406,fist
2255,fist
2035,fist
1918,fist
1800,fist
2117,fist
2189,fist
1953,fist
1602,fist
1439,fist
1460,fist
1475,fist
1637,fist
1763,fist
1867,fist
1580,fist
1491,fist
1738,fist
2127,fist
2350,fist
2360,fist
2212,fist
1995,fist
1891,fist
1793,fist
2092,fist
2220,fist
1978,fist
1588,fist
1413,fist
1393,fist
1499,fist
1648,fist
1777,fist
1880,fist
1588,fist
1493,fist
1728,fist
2157,fist
2374,fist
2373,fist
2215,fist
2015,fist
1880,fist
1795,fist
2093,fist
2212,fist
1981,fist
1590,fist
1462,fist
1413,fist
1472,fist
1649,fist
1771,fist
1873,fist
1583,fist
1493,fist
1742,fist
2134,fist
2362,fist
2323,fist
2162,fist
2014,fist
1934,fist
1824,fist
2069,fist
2176,fist
1964,fist
1639,fist
1513,fist
1469,fist
1446,fist
1626,fist
1749,fist
1817,fist
1547,fist
1458,fist
1761,fist
2142,fist
2357,fist
2428,fist
2235,fist
2023,fist
1925,fist
1837,fist
2091,fist
2170,fist
1914,fist
1554,fist
1456,fist
1487,fist
1485,fist
1637,fist
1757,fist
1857,fist
1561,fist
1418,fist
1676,fist
2108,fist
2360,fist
2374,fist
2251,fist
2052,fist
1943,fist
1812,fist
2087,fist
2205,fist
1958,fist
1591,fist
1494,fist
1463,fist
1570,fist
1676,fist
1763,fist
1848,fist
1558,fist
1439,fist
1706,fist
2116,fist
2321,fist
2350,fist
2206,fist
2026,fist
1916,fist
1812,fist
2129,fist
2228,fist
1957,fist
1568,fist
1419,fist
1400,fist
1470,fist
1665,fist
1780,fist
1872,fist
1559,fist
1424,fist
1690,fist
2116,fist
2395,fist
2470,fist
2325,fist
2093,fist
1897,fist
1794,fist
2061,fist
2186,fist
1930,fist
1568,fist
1434,fist
1419,fist
1472,fist
1657,fist
1792,fist
1880,fist
1598,fist
1494,fist
1730,fist
2122,fist
2344,fist
2357,fist
2207,fist
2017,fist
1907,fist
1805,fist
2088,fist
2205,fist
1957,fist
1571,fist
1424,fist
1415,fist
1481,fist
1666,fist
1789,fist
1880,fist
1600,fist
1482,fist
1733,fist
2122,fist
2348,fist
2354,fist
2202,fist
2014,fist
1894,fist
1810,fist
2098,fist
2224,fist
1969,fist
1606,fist
1437,fist
1413,fist
1479,fist
1657,fist
1786,fist
1892,fist
1597,fist
1488,fist
1728,fist
2121,fist
2360,fist
2358,fist
2194,fist
2014,fist
1938,fist
1828,fist
2051,fist
2170,fist
1942,fist
1551,fist
1407,fist
1402,fist
1485,fist
1659,fist
1783,fist
1931,fist
1695,fist
1483,fist
1684,fist
2099,fist
2295,fist
2327,fist
2189,fist
2067,fist
1986,fist
1860,fist
2168,fist
2272,fist
1975,fist
1568,fist
1412,fist
1407,fist
1485,fist
1664,fist
1776,fist
1863,fist
1588,fist
1464,fist
1719,fist
2112,fist
2341,fist
2345,fist
2195,fist
2014,fist
1906,fist
1813,fist
2084,fist
2192,fist
1953,fist
1577,fist
1423,fist
1405,fist
1494,fist
1715,fist
1809,fist
1877,fist
1603,fist
1476,fist
1723,fist
2115,fist
2344,fist
2351,fist
2198,fist
2011,fist
1904,fist
1817,fist
2080,fist
2207,fist
1975,fist
1592,fist
1431,fist
1412,fist
1478,fist
1659,fist
1790,fist
1881,fist
1614,fist
1514,fist
1742,fist
2122,fist
2343,fist
2348,fist
2201,fist
2013,fist
1906,fist
1817,fist
2084,fist
2215,fist
1966,fist
1581,fist
1431,fist
1414,fist
1482,fist
1629,fist
1771,fist
1913,fist
1602,fist
1468,fist
1735,fist
2128,fist
2367,fist
2366,fist
2198,fist
1990,fist
1916,fist
1836,fist
2056,fist
2202,fist
1959,fist
1611,fist
1442,fist
1409,fist
1485,fist
1651,fist
1723,fist
1812,fist
1599,fist
1466,fist
1710,fist
2184,fist
2526,fist
2467,fist
2213,fist
2031,fist
1882,fist
1764,fist
2032,fist
2187,fist
1966,fist
1595,fist
1413,fist
1387,fist
1469,fist
1654,fist
1809,fist
1875,fist
1622,fist
1495,fist
1731,fist
2119,fist
2347,fist
2361,fist
2207,fist
2013,fist
1900,fist
1812,fist
2074,fist
2208,fist
1949,fist
1587,fist
1435,fist
1411,fist
1474,fist
1658,fist
1800,fist
1881,fist
1625,fist
1487,fist
1735,fist
2122,fist
2347,fist
2348,fist
2204,fist
2011,fist
1900,fist
1812,fist
2083,fist
2220,fist
1979,fist
1606,fist
1433,fist
1397,fist
1480,fist
1659,fist
1770,fist
1899,fist
1630,fist
1481,fist
1719,fist
2115,fist
2335,fist
2347,fist
2205,fist
2016,fist
1918,fist
1827,fist
2087,fist
2213,fist
1968,fist
1592,fist
1408,fist
1406,fist
1479,fist
1650,fist
1784,fist
1881,fist
1627,fist
1499,fist
1714,fist
2122,fist
2376,fist
2367,fist
2223,fist
1991,fist
1923,fist
1810,fist
2023,fist
2182,fist
2005,fist
1678,fist
1436,fist
1391,fist
1458,fist
1633,fist
1769,fist
1867,fist
1655,fist
1482,fist
1706,fist
2079,fist
2331,fist
2416,fist
2242,fist
2027,fist
1901,fist
1828,fist
2087,fist
2227,fist
1966,fist
1586,fist
1421,fist
1408,fist
1469,fist
1658,fist
1774,fist
1875,fist
1628,fist
1482,fist
1725,fist
2103,fist
2334,fist
2346,fist
2200,fist
2010,fist
1905,fist
1818,fist
2064,fist
2216,fist
1980,fist
1608,fist
1425,fist
1407,fist
1486,fist
1646,fist
1769,fist
1879,fist
1640,fist
1489,fist
1734,fist
2114,fist
2341,fist
2349,fist
2214,fist
2018,fist
1906,fist
1816,fist
2060,fist
2207,fist
1962,fist
1599,fist
1438,fist
1426,fist
1490,fist
1661,fist
1787,fist
1881,fist
1639,fist
1480,fist
1715,fist
2099,fist
2333,fist
2345,fist
2197,fist
2014,fist
1928,fist
1824,fist
2059,fist
2237,fist
1963,fist
1581,fist
1427,fist
1414,fist
1506,fist
1677,fist
1788,fist
1880,fist
1640,fist
1480,fist
1716,fist
2106,fist
2335,fist
2327,fist
2178,fist
2013,fist
1921,fist
1830,fist
2029,fist
2170,fist
1971,fist
1652,fist
1460,fist
1425,fist
1505,fist
1667,fist
1777,fist
1882,fist
1639,fist
1483,fist
1721,fist
2103,fist
2319,fist
2335,fist
2198,fist
2011,fist
1910,fist
1820,fist
2054,fist
2201,fist
1972,fist
1631,fist
1439,fist
1417,fist
1490,fist
1703,fist
1809,fist
1880,fist
1632,fist
1472,fist
1717,fist
2091,fist
2325,fist
2351,fist
2201,fist
2014,fist
1910,fist
1817,fist
2051,fist
2199,fist
1948,fist
1598,fist
1437,fist
1424,fist
1489,fist
1664,fist
1783,fist
1878,fist
1649,fist
1490,fist
1727,fist
2106,fist
2332,fist
2353,fist
2204,fist
2008,fist
1900,fist
1811,fist
2046,fist
2216,fist
1973,fist
1607,fist
1441,fist
1422,fist
1485,fist
1660,fist
1786,fist
1883,fist
1650,fist
1488,fist
1719,fist
2105,fist
2329,fist
2355,fist
2208,fist
2015,fist
1913,fist
1823,fist
2052,fist
2204,fist
1968,fist
1604,fist
1437,fist
1421,fist
1488,fist
1667,fist
1791,fist
1883,fist
1642,fist
1476,fist
1718,fist
2100,fist
2330,fist
2352,fist
2215,fist
2022,fist
1909,fist
1813,fist
2042,fist
2211,fist
1971,fist
1607,fist
1438,fist
1415,fist
1483,fist
1657,fist
1787,fist
1883,fist
1650,fist
1489,fist
1730,fist
2090,fist
2306,fist
2342,fist
2227,fist
2014,fist
1868,fist
1770,fist
2045,fist
2237,fist
2004,fist
1604,fist
1435,fist
1473,fist
1516,fist
1675,fist
1783,fist
1894,fist
1672,fist
1480,fist
1706,fist
2097,fist
2334,fist
2345,fist
2167,fist
1965,fist
1879,fist
1788,fist
2016,fist
2246,fist
2043,fist
1634,fist
1441,fist
1403,fist
1462,fist
1650,fist
1773,fist
1884,fist
1710,fist
1521,fist
1711,fist
2079,fist
2307,fist
2346,fist
2242,fist
2048,fist
1903,fist
1803,fist
2019,fist
2202,fist
1968,fist
1605,fist
1442,fist
1428,fist
1490,fist
1661,fist
1785,fist
1885,fist
1658,fist
1478,fist
1721,fist
2096,fist
2327,fist
2355,fist
2200,fist
1993,fist
1876,fist
1790,fist
2065,fist
2243,fist
1971,fist
1616,fist
1439,fist
1405,fist
1500,fist
1691,fist
1826,fist
1873,fist
1632,fist
1468,fist
1685,fist
2063,fist
2307,fist
2375,fist
2215,fist
2008,fist
1866,fist
1778,fist
2038,fist
2259,fist
2047,fist
1642,fist
1420,fist
1381,fist
1437,fist
1640,fist
1793,fist
1933,fist
1701,fist
1529,fist
1771,fist
2089,fist
2312,fist
2356,fist
2208,fist
2005,fist
1900,fist
1875,fist
2045,fist
2169,fist
1933,fist
1588,fist
1431,fist
1412,fist
1461,fist
1634,fist
1762,fist
1891,fist
1706,fist
1530,fist
1742,fist
2083,fist
2323,fist
2352,fist
2187,fist
2007,fist
1909,fist
1803,fist
2018,fist
2196,fist
1956,fist
1614,fist
1452,fist
1429,fist
1490,fist
1674,fist
1800,fist
1894,fist
1682,fist
1482,fist
1722,fist
2077,fist
2297,fist
2344,fist
2204,fist
2019,fist
1904,fist
1811,fist
2028,fist
2227,fist
1977,fist
1637,fist
1452,fist
1430,fist
1466,fist
1627,fist
1791,fist
1899,fist
1699,fist
1502,fist
1711,fist
2107,fist
2321,fist
2343,fist
2221,fist
2046,fist
1987,fist
1878,fist
2058,fist
2212,fist
1929,fist
1511,fist
1311,fist
1351,fist
1445,fist
1647,fist
1792,fist
1940,fist
1750,fist
1564,fist
1761,fist
2074,fist
2283,fist
2316,fist
2197,fist
1988,fist
1853,fist
1829,fist
2054,fist
2223,fist
1969,fist
1598,fist
1430,fist
1405,fist
1484,fist
1688,fist
1841,fist
1904,fist
1608,fist
1420,fist
1706,fist
2217,fist
2515,fist
2503,fist
2315,fist
2082,fist
1798,fist
1592,fist
1827,fist
2068,fist
1892,fist
1604,fist
1419,fist
1396,fist
1539,fist
1725,fist
1802,fist
1936,fist
1787,fist
1548,fist
1778,fist
2153,fist
2511,fist
2600,fist
2508,fist
2234,fist
1934,fist
1600,fist
1703,fist
1937,fist
1725,fist
1579,fist
1511,fist
1478,fist
1430,fist
1470,fist
1629,fist
1685,fist
1493,fist
1251,fist
1661,fist
2274,fist
2584,fist
2743,fist
2587,fist
2311,fist
2011,fist
1738,fist
1730,fist
1781,fist
1615,fist
1493,fist
1317,fist
1425,fist
1626,fist
1948,fist
1939,fist
1942,fist
1619,fist
1245,fist
1511,fist
2041,fist
2402,fist
2462,fist
2453,fist
2243,fist
1953,fist
1758,fist
1878,fist
2100,fist
2014,fist
1735,fist
1555,fist
1450,fist
1393,fist
1618,fist
1786,fist
1886,fist
1753,fist
1572,fist
1883,fist
2137,fist
2192,fist
2169,fist
2039,fist
1940,fist
2021,fist
1989,fist
2133,fist
2197,fist
1863,fist
1527,fist
1232,fist
1239,fist
1397,fist
1634,fist
1868,fist
1997,fist
1832,fist
1541,fist
1734,fist
2191,fist
2477,fist
2504,fist
2207,fist
1980,fist
2014,fist
1761,fist
1933,fist
2226,fist
2081,fist
1877,fist
1534,fist
1281,fist
1028,fist
1182,fist
1467,fist
1720,fist
1675,fist
1587,fist
1879,fist
2226,fist
2457,fist
2432,fist
2265,fist
2103,fist
1912,fist
1831,fist
2028,fist
2255,fist
2004,fist
1672,fist
1517,fist
1453,fist
1491,fist
1609,fist
1734,fist
1809,fist
1621,fist
1448,fist
1676,fist
2128,fist
2448,fist
2467,fist
2141,fist
1884,fist
1885,fist
1883,fist
2080,fist
2140,fist
1892,fist
1617,fist
1507,fist
1458,fist
1436,fist
1653,fist
1780,fist
1859,fist
1581,fist
1388,fist
1648,fist
2112,fist
2422,fist
2548,fist
2282,fist
2052,fist
1823,fist
1701,fist
2039,fist
2468,fist
2212,fist
1607,fist
1268,fist
1210,fist
1333,fist
1447,fist
1568,fist
1776,fist
1832,fist
1839,fist
1983,fist
2117,fist
2261,fist
2294,fist
2242,fist
1981,fist
1859,fist
1800,fist
2000,fist
2238,fist
1992,fist
1643,fist
1430,fist
1499,fist
1515,fist
1686,fist
1715,fist
1779,fist
1693,fist
1557,fist
1746,fist
2091,fist
2365,fist
2388,fist
2193,fist
1994,fist
1892,fist
1798,fist
1996,fist
2216,fist
1947,fist
1619,fist
1446,fist
1427,fist
1495,fist
1617,fist
1734,fist
1832,fist
1693,fist
1480,fist
1733,fist
2070,fist
2298,fist
2356,fist
2226,fist
2054,fist
1943,fist
1881,fist
2047,fist
2241,fist
1958,fist
1619,fist
1457,fist
1394,fist
1411,fist
1536,fist
1665,fist
1827,fist
1697,fist
1625,fist
1844,fist
2133,fist
2331,fist
2340,fist
2145,fist
1902,fist
1835,fist
1751,fist
2025,fist
2331,fist
2156,fist
1745,fist
1400,fist
1419,fist
1491,fist
1652,fist
1752,fist
1823,fist
1672,fist
1449,fist
1575,fist
1909,fist
2225,fist
2523,fist
2441,fist
2283,fist
2039,fist
1828,fist
1928,fist
2177,fist
1945,fist
1595,fist
1429,fist
1399,fist
1433,fist
1596,fist
1724,fist
1869,fist
1694,fist
1460,fist
1699,fist
2081,fist
2313,fist
2384,fist
2240,fist
2053,fist
1922,fist
1816,fist
1987,fist
2220,fist
1984,fist
1630,fist
1426,fist
1401,fist
1478,fist
1637,fist
1730,fist
1849,fist
1716,fist
1531,fist
1719,fist
2069,fist
2306,fist
2373,fist
2248,fist
2043,fist
1910,fist
1803,fist
1961,fist
2189,fist
1986,fist
1717,fist
1499,fist
1460,fist
1494,fist
1656,fist
1740,fist
1858,fist
1686,fist
1449,fist
1676,fist
2050,fist
2298,fist
2368,fist
2223,fist
2028,fist
1916,fist
1820,fist
1966,fist
2202,fist
1979,fist
1637,fist
1434,fist
1399,fist
1476,fist
1739,fist
1816,fist
1892,fist
1718,fist
1480,fist
1688,fist
2048,fist
2291,fist
2337,fist
2204,fist
2028,fist
1916,fist
1812,fist
1924,fist
2165,fist
1973,fist
1647,fist
1446,fist
1408,fist
1607,fist
1812,fist
1749,fist
1851,fist
1672,fist
1430,fist
1668,fist
2072,fist
2312,fist
2387,fist
2267,fist
2031,fist
1903,fist
1806,fist
1988,fist
2221,fist
1981,fist
1640,fist
1420,fist
1359,fist
1408,fist
1619,fist
1772,fist
1904,fist
1781,fist
1487,fist
1708,fist
2069,fist
2271,fist
2364,fist
2252,fist
2047,fist
1935,fist
1783,fist
1911,fist
2185,fist
1978,fist
1714,fist
1573,fist
1386,fist
1423,fist
1662,fist
1774,fist
1877,fist
1759,fist
1590,fist
1774,fist
2017,fist
2268,fist
2343,fist
2209,fist
2019,fist
1915,fist
1818,fist
1977,fist
2245,fist
1994,fist
1643,fist
1440,fist
1396,fist
1457,fist
1629,fist
1761,fist
1870,fist
1705,fist
1447,fist
1669,fist
2048,fist
2306,fist
2380,fist
2247,fist
2051,fist
1922,fist
1802,fist
1938,fist
2201,fist
1994,fist
1628,fist
1440,fist
1501,fist
1548,fist
1736,fist
1776,fist
1835,fist
1683,fist
1420,fist
1655,fist
2038,fist
2336,fist
2468,fist
2266,fist
2036,fist
1895,fist
1790,fist
1919,fist
2175,fist
1968,fist
1600,fist
1421,fist
1418,fist
1575,fist
1825,fist
1761,fist
1806,fist
1691,fist
1449,fist
1720,fist
2086,fist
2305,fist
2370,fist
2222,fist
2024,fist
1878,fist
1794,fist
1950,fist
2210,fist
1968,fist
1609,fist
1447,fist
1413,fist
1511,fist
1658,fist
1739,fist
1850,fist
1753,fist
1500,fist
1707,fist
2049,fist
2289,fist
2401,fist
2197,fist
2035,fist
1927,fist
1819,fist
2105,fist
2369,fist
2019,fist
1632,fist
1414,fist
1388,fist
1443,fist
1614,fist
1744,fist
1855,fist
1694,fist
1433,fist
1665,fist
2039,fist
2306,fist
2388,fist
2248,fist
2038,fist
1913,fist
1804,fist
1955,fist
2237,fist
1998,fist
1666,fist
1454,fist
1427,fist
1452,fist
1600,fist
1769,fist
1874,fist
1718,fist
1444,fist
1703,fist
2062,fist
2282,fist
2367,fist
2352,fist
2094,fist
1890,fist
1793,fist
1950,fist
2214,fist
1950,fist
1626,fist
1469,fist
1428,fist
1473,fist
1623,fist
1746,fist
1853,fist
1694,fist
1479,fist
1729,fist
2164,fist
2344,fist
2395,fist
2285,fist
2028,fist
1897,fist
1774,fist
1921,fist
2251,fist
2020,fist
1675,fist
1453,fist
1432,fist
1458,fist
1620,fist
1755,fist
1879,fist
1716,fist
1429,fist
1625,fist
2016,fist
2340,fist
2407,fist
2251,fist
2049,fist
1921,fist
1820,fist
1967,fist
2249,fist
2001,fist
1655,fist
1444,fist
1412,fist
1454,fist
1616,fist
1746,fist
1840,fist
1682,fist
1447,fist
1695,fist
2054,fist
2325,fist
2382,fist
2225,fist
2039,fist
1946,fist
1893,fist
2026,fist
2254,fist
1988,fist
1639,fist
1441,fist
1413,fist
1434,fist
1594,fist
1745,fist
1885,fist
1763,fist
1427,fist
1610,fist
2012,fist
2399,fist
2400,fist
2233,fist
2042,fist
1922,fist
1831,fist
1985,fist
2242,fist
1945,fist
1565,fist
1415,fist
1452,fist
1579,fist
1765,fist
1763,fist
1854,fist
1693,fist
1424,fist
1647,fist
2041,fist
2353,fist
2419,fist
2248,fist
2046,fist
1928,fist
1807,fist
1926,fist
2230,fist
1986,fist
1622,fist
1417,fist
1398,fist
1479,fist
1671,fist
1780,fist
1886,fist
1717,fist
1443,fist
1682,fist
2042,fist
2304,fist
2381,fist
2254,fist
2014,fist
1894,fist
1795,fist
1948,fist
2256,fist
2100,fist
1716,fist
1456,fist
1372,fist
1418,fist
1594,fist
1763,fist
1877,fist
1745,fist
1485,fist
1676,fist
2056,fist
2351,fist
2397,fist
2236,fist
2030,fist
1914,fist
1808,fist
1949,fist
2242,fist
2001,fist
1661,fist
1437,fist
1393,fist
1453,fist
1619,fist
1760,fist
1874,fist
1733,fist
1426,fist
1691,fist
2061,fist
2275,fist
2409,fist
2228,fist
2006,fist
1904,fist
1840,fist
2029,fist
2308,fist
2012,fist
1649,fist
1432,fist
1405,fist
1462,fist
1630,fist
1746,fist
1854,fist
1710,fist
1431,fist
1665,fist
2033,fist
2358,fist
2397,fist
2270,fist
2088,fist
1931,fist
1810,fist
1928,fist
2274,fist
2042,fist
1658,fist
1438,fist
1400,fist
1440,fist
1608,fist
1759,fist
1869,fist
1734,fist
1436,fist
1657,fist
2020,fist
2286,fist
2355,fist
2206,fist
2029,fist
1980,fist
1847,fist
1988,fist
2294,fist
2061,fist
1680,fist
1456,fist
1386,fist
1438,fist
1592,fist
1733,fist
1866,fist
1735,fist
1453,fist
1683,fist
2048,fist
2310,fist
2392,fist
2277,fist
2087,fist
1930,fist
1805,fist
1946,fist
2244,fist
2000,fist
1657,fist
1433,fist
1391,fist
1448,fist
1612,fist
1753,fist
1865,fist
1728,fist
1441,fist
1669,fist
2061,fist
2321,fist
2419,fist
2247,fist
2035,fist
1923,fist
1828,fist
1950,fist
2249,fist
2011,fist
1673,fist
1423,fist
1372,fist
1451,fist
1613,fist
1750,fist
1902,fist
1787,fist
1451,fist
1675,fist
2063,fist
2290,fist
2363,fist
2236,fist
2035,fist
1910,fist
1818,fist
1951,fist
2259,fist
2015,fist
1646,fist
1369,fist
1342,fist
1460,fist
1601,fist
1820,fist
2027,fist
1867,fist
1427,fist
1602,fist
1997,fist
2282,fist
2396,fist
2317,fist
2103,fist
1926,fist
1798,fist
1917,fist
2218,fist
1983,fist
1651,fist
1449,fist
1388,fist
1444,fist
1649,fist
1761,fist
1867,fist
1794,fist
1466,fist
1678,fist
2030,fist
2293,fist
2378,fist
2246,fist
2046,fist
1919,fist
1815,fist
1929,fist
2240,fist
1997,fist
1670,fist
1437,fist
1401,fist
1484,fist
1635,fist
1764,fist
1877,fist
1748,fist
1450,fist
1677,fist
2029,fist
2293,fist
2395,fist
2259,fist
2055,fist
1924,fist
1823,fist
1936,fist
2242,fist
2008,fist
1671,fist
1432,fist
1402,fist
1461,fist
1624,fist
1763,fist
1866,fist
1752,fist
1439,fist
1673,fist
2036,fist
2302,fist
2394,fist
2253,fist
2052,fist
1924,fist
1823,fist
1942,fist
2256,fist
2003,fist
1661,fist
1460,fist
1408,fist
1452,fist
1613,fist
1762,fist
1882,fist
1751,fist
1435,fist
1657,fist
2004,fist
2278,fist
2373,fist
2228,fist
2086,fist
1981,fist
1853,fist
1957,fist
2267,fist
2002,fist
1664,fist
1443,fist
1405,fist
1463,fist
1633,fist
1754,fist
1864,fist
1745,fist
1444,fist
1668,fist
2030,fist
2293,fist
2387,fist
2252,fist
2054,fist
1925,fist
1819,fist
1924,fist
2244,fist
2006,fist
1678,fist
1435,fist
1405,fist
1454,fist
1622,fist
1756,fist
1868,fist
1753,fist
1444,fist
1676,fist
2030,fist
2295,fist
2393,fist
2256,fist
2060,fist
1927,fist
1829,fist
1933,fist
2252,fist
2013,fist
1682,fist
1444,fist
1400,fist
1458,fist
1619,fist
1755,fist
1868,fist
1757,fist
1447,fist
1680,fist
2024,fist
2292,fist
2388,fist
2255,fist
2054,fist
1931,fist
1830,fist
1936,fist
2255,fist
2010,fist
1668,fist
1429,fist
1379,fist
1435,fist
1599,fist
1770,fist
1910,fist
1806,fist
1486,fist
1669,fist
2022,fist
2297,fist
2382,fist
2268,fist
2053,fist
1913,fist
1818,fist
1922,fist
2263,fist
2008,fist
1657,fist
1422,fist
1413,fist
1487,fist
1624,fist
1752,fist
1903,fist
1766,fist
1434,fist
1667,fist
2023,fist
2284,fist
2389,fist
2252,fist
2047,fist
1919,fist
1822,fist
1920,fist
2247,fist
2005,fist
1672,fist
1431,fist
1402,fist
1473,fist
1631,fist
1764,fist
1892,fist
1772,fist
1449,fist
1674,fist
2040,fist
2296,fist
2391,fist
2247,fist
2048,fist
1913,fist
1806,fist
1939,fist
2254,fist
2013,fist
1673,fist
1430,fist
1426,fist
1483,fist
1640,fist
1764,fist
1882,fist
1764,fist
1439,fist
1653,fist
2005,fist
2279,fist
2398,fist
2279,fist
2074,fist
1944,fist
1828,fist
1910,fist
2223,fist
1994,fist
1673,fist
1409,fist
1356,fist
1441,fist
1625,fist
1773,fist
1879,fist
1813,fist
1538,fist
1691,fist
2015,fist
2269,fist
2360,fist
2228,fist
2033,fist
1902,fist
1788,fist
1897,fist
2305,fist
2064,fist
1717,fist
1444,fist
1373,fist
1461,fist
1597,fist
1770,fist
1910,fist
1788,fist
1452,fist
1663,fist
2019,fist
2281,fist
2382,fist
2258,fist
2062,fist
1928,fist
1851,fist
1911,fist
2229,fist
1990,fist
1667,fist
1412,fist
1375,fist
1459,fist
1640,fist
1768,fist
1858,fist
1827,fist
1481,fist
1649,fist
2002,fist
2290,fist
2434,fist
2251,fist
2055,fist
1932,fist
1813,fist
1871,fist
2185,fist
1996,fist
1751,fist
1448,fist
1400,fist
1460,fist
1630,fist
1811,fist
1899,fist
1778,fist
1452,fist
1664,fist
2008,fist
2278,fist
2389,fist
2248,fist
2007,fist
1861,fist
1796,fist
1892,fist
2240,fist
2049,fist
1783,fist
1502,fist
1370,fist
1417,fist
1630,fist
1769,fist
1845,fist
1780,fist
1452,fist
1725,fist
2030,fist
2271,fist
2390,fist
2304,fist
2076,fist
1928,fist
1770,fist
1833,fist
2214,fist
2055,fist
1715,fist
1464,fist
1463,fist
1456,fist
1605,fist
1737,fist
1856,fist
1790,fist
1487,fist
1682,fist
2008,fist
2272,fist
2390,fist
2266,fist
2046,fist
1901,fist
1812,fist
1860,fist
2166,fist
1969,fist
1734,fist
1487,fist
1398,fist
1446,fist
1635,fist
1746,fist
1826,fist
1778,fist
1479,fist
1623,fist
1995,fist
2327,fist
2510,fist
2342,fist
2080,fist
1915,fist
1777,fist
1838,fist
2181,fist
1946,fist
1640,fist
1409,fist
1455,fist
1603,fist
1758,fist
1782,fist
1799,fist
1728,fist
1427,fist
1698,fist
2128,fist
2311,fist
2372,fist
2212,fist
2008,fist
1905,fist
1810,fist
1937,fist
2282,fist
2011,fist
1657,fist
1384,fist
1337,fist
1366,fist
1567,fist
1851,fist
2002,fist
1913,fist
1512,fist
1693,fist
2006,fist
2277,fist
2386,fist
2247,fist
2049,fist
1901,fist
1783,fist
1799,fist
2187,fist
1985,fist
1692,fist
1454,fist
1407,fist
1456,fist
1622,fist
1786,fist
1922,fist
1865,fist
1513,fist
1658,fist
1946,fist
2222,fist
2364,fist
2209,fist
2051,fist
1979,fist
1844,fist
1890,fist
2235,fist
2060,fist
1707,fist
1441,fist
1398,fist
1416,fist
1613,fist
1806,fist
1919,fist
1816,fist
1387,fist
1567,fist
1832,fist
2109,fist
2336,fist
2443,fist
2522,fist
2114,fist
1830,fist
1856,fist
2193,fist
1944,fist
1663,fist
1405,fist
1381,fist
1467,fist
1648,fist
1778,fist
1900,fist
1786,fist
1382,fist
1556,fist
1882,fist
2195,fist
2326,fist
2185,fist
2027,fist
1971,fist
1895,fist
1833,fist
2213,fist
2183,fist
1679,fist
1260,fist
1398,fist
1716,fist
1852,fist
1822,fist
1893,fist
1953,fist
1646,fist
1590,fist
1897,fist
2113,fist
2310,fist
2304,fist
2199,fist
2162,fist
1833,fist
1821,fist
2171,fist
1952,fist
1604,fist
1405,fist
1381,fist
1450,fist
1611,fist
1730,fist
1790,fist
1707,fist
1397,fist
1656,fist
2056,fist
2295,fist
2481,fist
2439,fist
2294,fist
1821,fist
1679,fist
1788,fist
2211,fist
1962,fist
1571,fist
1336,fist
1300,fist
1363,fist
1608,fist
1878,fist
2090,fist
1992,fist
1589,fist
1768,fist
2085,fist
2209,fist
2192,fist
2063,fist
1854,fist
1791,fist
1813,fist
2101,fist
2644,fist
2200,fist
1740,fist
1424,fist
1324,fist
1364,fist
1526,fist
1705,fist
1935,fist
1867,fist
1511,fist
1571,fist
1984,fist
2256,fist
2399,fist
2295,fist
2094,fist
2020,fist
1809,fist
1793,fist
2207,fist
1924,fist
1613,fist
1413,fist
1390,fist
1532,fist
1730,fist
1827,fist
1798,fist
1747,fist
1358,fist
1638,fist
1958,fist
2325,fist
2475,fist
2248,fist
2092,fist
1967,fist
1831,fist
1927,fist
2130,fist
1909,fist
1654,fist
1554,fist
1619,fist
1587,fist
1674,fist
1779,fist
1875,fist
1727,fist
1410,fist
1672,fist
2037,fist
2264,fist
2318,fist
2220,fist
1994,fist
1850,fist
1769,fist
1878,fist
2213,fist
1977,fist
1671,fist
1481,fist
1501,fist
1541,fist
1651,fist
1705,fist
1867,fist
1979,fist
1462,fist
1719,fist
1991,fist
2256,fist
2422,fist
2300,fist
2101,fist
1911,fist
1839,fist
1799,fist
2103,fist
1879,fist
1671,fist
1466,fist
1462,fist
1491,fist
1611,fist
1717,fist
1753,fist
1697,fist
1431,fist
1684,fist
2065,fist
2427,fist
2706,fist
2383,fist
1962,fist
1802,fist
1753,fist
1809,fist
2151,fist
1998,fist
1762,fist
1642,fist
1519,fist
1450,fist
1541,fist
1688,fist
1808,fist
1799,fist
1475,fist
1717,fist
2054,fist
2457,fist
2449,fist
2160,fist
1988,fist
1959,fist
1800,fist
1837,fist
2220,fist
1980,fist
1670,fist
1389,fist
1352,fist
1429,fist
1645,fist
1840,fist
1944,fist
1807,fist
1338,fist
1646,fist
1999,fist
2255,fist
2312,fist
2342,fist
2152,fist
1997,fist
1861,fist
1873,fist
2258,fist
2047,fist
1693,fist
1420,fist
1335,fist
1343,fist
1455,fist
1805,fist
1911,fist
1922,fist
1576,fist
1700,fist
1997,fist
2174,fist
2413,fist
2371,fist
2114,fist
1884,fist
1763,fist
1827,fist
2242,fist
2077,fist
1750,fist
1442,fist
1356,fist
1451,fist
1652,fist
1706,fist
1813,fist
1804,fist
1387,fist
1562,fist
1916,fist
2293,fist
2486,fist
2365,fist
2132,fist
2003,fist
1870,fist
1886,fist
2208,fist
1989,fist
1724,fist
1395,fist
1351,fist
1394,fist
1502,fist
1636,fist
1797,fist
1879,fist
1450,fist
1727,fist
2182,fist
2470,fist
2505,fist
2242,fist
2063,fist
1852,fist
1739,fist
1847,fist
2316,fist
2058,fist
1658,fist
1361,fist
1360,fist
1411,fist
1759,fist
1757,fist
1817,fist
1867,fist
1430,fist
1587,fist
1925,fist
2259,fist
2506,fist
2384,fist
2094,fist
1927,fist
1836,fist
1895,fist
2300,fist
1971,fist
1653,fist
1399,fist
1361,fist
1428,fist
1598,fist
1749,fist
1858,fist
1838,fist
1470,fist
1629,fist
1943,fist
2219,fist
2412,fist
2301,fist
2152,fist
1986,fist
1836,fist
1842,fist
2246,fist
2068,fist
1743,fist
1474,fist
1403,fist
1419,fist
1558,fist
1668,fist
1748,fist
1765,fist
1437,fist
1714,fist
2102,fist
2355,fist
2495,fist
2411,fist
2085,fist
1879,fist
1770,fist
1797,fist
2129,fist
1920,fist
1699,fist
1499,fist
1436,fist
1432,fist
1656,fist
1802,fist
1817,fist
1758,fist
1497,fist
1743,fist
2009,fist
2198,fist
2388,fist
2269,fist
2149,fist
2035,fist
1834,fist
1825,fist
2193,fist
1992,fist
1689,fist
1435,fist
1395,fist
1468,fist
1614,fist
1761,fist
1853,fist
1808,fist
1445,fist
1674,fist
2007,fist
2229,fist
2352,fist
2256,fist
2085,fist
1946,fist
1852,fist
1912,fist
2268,fist
2038,fist
1729,fist
1462,fist
1403,fist
1436,fist
1582,fist
1733,fist
1845,fist
1825,fist
1453,fist
1662,fist
1983,fist
2258,fist
2390,fist
2272,fist
2079,fist
1937,fist
1824,fist
1841,fist
2235,fist
2037,fist
1730,fist
1452,fist
1411,fist
1443,fist
1658,fist
1807,fist
1849,fist
1845,fist
1438,fist
1602,fist
1920,fist
2189,fist
2306,fist
2184,fist
2025,fist
2103,fist
2089,fist
1975,fist
2242,fist
2043,fist
1757,fist
1456,fist
1373,fist
1400,fist
1552,fist
1713,fist
1877,fist
1883,fist
1452,fist
1621,fist
1935,fist
2235,fist
2395,fist
2258,fist
2067,fist
1947,fist
1840,fist
1837,fist
2194,fist
1996,fist
1755,fist
1516,fist
1418,fist
1424,fist
1592,fist
1782,fist
1839,fist
1791,fist
1469,fist
1762,fist
2039,fist
2254,fist
2383,fist
2252,fist
2061,fist
1924,fist
1811,fist
1844,fist
2259,fist
2063,fist
1736,fist
1460,fist
1390,fist
1436,fist
1571,fist
1727,fist
1850,fist
1809,fist
1443,fist
1638,fist
1969,fist
2261,fist
2409,fist
2275,fist
2083,fist
1977,fist
1850,fist
1846,fist
2246,fist
2029,fist
1726,fist
1442,fist
1404,fist
1436,fist
1562,fist
1669,fist
1793,fist
1872,fist
1484,fist
1632,fist
2024,fist
2299,fist
2507,fist
2397,fist
2149,fist
1943,fist
1802,fist
1767,fist
2149,fist
1966,fist
1619,fist
1339,fist
1374,fist
1494,fist
1914,fist
1979,fist
1896,fist
1802,fist
1420,fist
1616,fist
1945,fist
2225,fist
2370,fist
2259,fist
2067,fist
1939,fist
1824,fist
1804,fist
2192,fist
1982,fist
1695,fist
1442,fist
1426,fist
1516,fist
1714,fist
1815,fist
1844,fist
1813,fist
1423,fist
1613,fist
1942,fist
2244,fist
2397,fist
2268,fist
2075,fist
1969,fist
1846,fist
1845,fist
2270,fist
2037,fist
1717,fist
1477,fist
1415,fist
1461,fist
1593,fist
1729,fist
1832,fist
1828,fist
1439,fist
1653,fist
1962,fist
2243,fist
2388,fist
2273,fist
2094,fist
1948,fist
1847,fist
1841,fist
2230,fist
2029,fist
1729,fist
1461,fist
1389,fist
1401,fist
1560,fist
1769,fist
1917,fist
1854,fist
1489,fist
1757,fist
1977,fist
2168,fist
2284,fist
2243,fist
2101,fist
1984,fist
1957,fist
1882,fist
2248,fist
2029,fist
1707,fist
1433,fist
1368,fist
1424,fist
1590,fist
1795,fist
1938,fist
1872,fist
1431,fist
1609,fist
1943,fist
2217,fist
2318,fist
2223,fist
2058,fist
1950,fist
1815,fist
1828,fist
2339,fist
2171,fist
1854,fist
1473,fist
1422,fist
1445,fist
1561,fist
1715,fist
1834,fist
1825,fist
1437,fist
1655,fist
1951,fist
2231,fist
2379,fist
2273,fist
2077,fist
1927,fist
1828,fist
1834,fist
2252,fist
2081,fist
1760,fist
1464,fist
1373,fist
1388,fist
1580,fist
1819,fist
1907,fist
1867,fist
1445,fist
1639,fist
1956,fist
2178,fist
2293,fist
2280,fist
2104,fist
1891,fist
1846,fist
1959,fist
2299,fist
2009,fist
1745,fist
1560,fist
1489,fist
1412,fist
1521,fist
1695,fist
1839,fist
1810,fist
1452,fist
1725,fist
2115,fist
2268,fist
2363,fist
2231,fist
2031,fist
1903,fist
1813,fist
1849,fist
2283,fist
2049,fist
1729,fist
1445,fist
1393,fist
1445,fist
1581,fist
1731,fist
1859,fist
1846,fist
1449,fist
1634,fist
1946,fist
2243,fist
2398,fist
2309,fist
2090,fist
1943,fist
1846,fist
1835,fist
2256,fist
2042,fist
1748,fist
1463,fist
1398,fist
1441,fist
1554,fist
1714,fist
1819,fist
1834,fist
1457,fist
1732,fist
2082,fist
2234,fist
2362,fist
2291,fist
2094,fist
1962,fist
1843,fist
1819,fist
2232,fist
2034,fist
1740,fist
1462,fist
1407,fist
1442,fist
1588,fist
1735,fist
1849,fist
1854,fist
1433,fist
1612,fist
1961,fist
2253,fist
2389,fist
2277,fist
2093,fist
1930,fist
1767,fist
1817,fist
2283,fist
2059,fist
1760,fist
1585,fist
1458,fist
1417,fist
1542,fist
1711,fist
1875,fist
1925,fist
1501,fist
1652,fist
1938,fist
2244,fist
2378,fist
2252,fist
2072,fist
1888,fist
1778,fist
1800,fist
2267,fist
2089,fist
1816,fist
1477,fist
1378,fist
1392,fist
1542,fist
1668,fist
1811,fist
1874,fist
1594,fist
1745,fist
2015,fist
2245,fist
2385,fist
2254,fist
2060,fist
1967,fist
1869,fist
1835,fist
2221,fist
2023,fist
1731,fist
1459,fist
1394,fist
1435,fist
1582,fist
1734,fist
1851,fist
1862,fist
1461,fist
1637,fist
1959,fist
2246,fist
2399,fist
2276,fist
2092,fist
1946,fist
1840,fist
1832,fist
2242,fist
2050,fist
1746,fist
1467,fist
1400,fist
1442,fist
1588,fist
1736,fist
1858,fist
1863,fist
1458,fist
1620,fist
1935,fist
2255,fist
2383,fist
2259,fist
2074,fist
1961,fist
1842,fist
1856,fist
2305,fist
2089,fist
1755,fist
1459,fist
1392,fist
1403,fist
1526,fist
1723,fist
1814,fist
1825,fist
1558,fist
1773,fist
1940,fist
2208,fist
2329,fist
2239,fist
2080,fist
1974,fist
1875,fist
1855,fist
2257,fist
2076,fist
1832,fist
1490,fist
1372,fist
1373,fist
1495,fist
1709,fist
1912,fist
1987,fist
1509,fist
1646,fist
1920,fist
2193,fist
2357,fist
2235,fist
2075,fist
1984,fist
1889,fist
1837,fist
2227,fist
2054,fist
1752,fist
1466,fist
1403,fist
1439,fist
1580,fist
1733,fist
1845,fist
1866,fist
1457,fist
1626,fist
1942,fist
2233,fist
2389,fist
2276,fist
2096,fist
1950,fist
1846,fist
1829,fist
2238,fist
2057,fist
1763,fist
1475,fist
1406,fist
1448,fist
1589,fist
1747,fist
1853,fist
1870,fist
1461,fist
1632,fist
1945,fist
2235,fist
2388,fist
2281,fist
2091,fist
1952,fist
1848,fist
1825,fist
2245,fist
2052,fist
1749,fist
1460,fist
1416,fist
1453,fist
1599,fist
1765,fist
1849,fist
1857,fist
1439,fist
1625,fist
1959,fist
2246,fist
2395,fist
2278,fist
2087,fist
1940,fist
1841,fist
1826,fist
2239,fist
2052,fist
1756,fist
1470,fist
1409,fist
1439,fist
1574,fist
1725,fist
1872,fist
1890,fist
1466,fist
1638,fist
1926,fist
2244,fist
2399,fist
2271,fist
2078,fist
1902,fist
1809,fist
1848,fist
2258,fist
2063,fist
1805,fist
1470,fist
1391,fist
1451,fist
1631,fist
1752,fist
1865,fist
1943,fist
1458,fist
1613,fist
1922,fist
2221,fist
2376,fist
2272,fist
2093,fist
1945,fist
1838,fist
1812,fist
2234,fist
2059,fist
1765,fist
1475,fist
1411,fist
1441,fist
1582,fist
1731,fist
1847,fist
1877,fist
1459,fist
1630,fist
1936,fist
2243,fist
2395,fist
2285,fist
2097,fist
1953,fist
1849,fist
1816,fist
2237,fist
2057,fist
1761,fist
1466,fist
1408,fist
1445,fist
1581,fist
1732,fist
1847,fist
1872,fist
1462,fist
1622,fist
1937,fist
2232,fist
2389,fist
2281,fist
2099,fist
1952,fist
1848,fist
1816,fist
2242,fist
2085,fist
1780,fist
1486,fist
1417,fist
1448,fist
1579,fist
1731,fist
1846,fist
1875,fist
1463,fist
1616,fist
1923,fist
2225,fist
2388,fist
2280,fist
2102,fist
1953,fist
1848,fist
1809,fist
2225,fist
2060,fist
1775,fist
1491,fist
1426,fist
1496,fist
1614,fist
1750,fist
1833,fist
1838,fist
1477,fist
1630,fist
1913,fist
2200,fist
2351,fist
2251,fist
2111,fist
1961,fist
1847,fist
1828,fist
2250,fist
2079,fist
1813,fist
1513,fist
1380,fist
1413,fist
1567,fist
1698,fist
1828,fist
1886,fist
1500,fist
1640,fist
1926,fist
2229,fist
2396,fist
2300,fist
2106,fist
1952,fist
1852,fist
1820,fist
2228,fist
2028,fist
1730,fist
1445,fist
1399,fist
1478,fist
1598,fist
1772,fist
1880,fist
1922,fist
1467,fist
1613,fist
1923,fist
2227,fist
2401,fist
2284,fist
2099,fist
1947,fist
1846,fist
1808,fist
2225,fist
2069,fist
1773,fist
1481,fist
1409,fist
1440,fist
1574,fist
1709,fist
1843,fist
1881,fist
1474,fist
1632,fist
1929,fist
2227,fist
2386,fist
2277,fist
2097,fist
1964,fist
1871,fist
1828,fist
2231,fist
2069,fist
1780,fist
1459,fist
1411,fist
1444,fist
1567,fist
1719,fist
1833,fist
1869,fist
1448,fist
1597,fist
1901,fist
2230,fist
2415,fist
2325,fist
2113,fist
1953,fist
1864,fist
1840,fist
2266,fist
2071,fist
1790,fist
1512,fist
1414,fist
1444,fist
1548,fist
1689,fist
1850,fist
1897,fist
1468,fist
1608,fist
1914,fist
2198,fist
2371,fist
2260,fist
2110,fist
1959,fist
1808,fist
1757,fist
2191,fist
2090,fist
1841,fist
1570,fist
1539,fist
1478,fist
1524,fist
1690,fist
1843,fist
1930,fist
1552,fist
1642,fist
1919,fist
2180,fist
2355,fist
2258,fist
2083,fist
1921,fist
1795,fist
1776,fist
2263,fist
2167,fist
1804,fist
1492,fist
1403,fist
1403,fist
1549,fist
1756,fist
1844,fist
1880,fist
1465,fist
1619,fist
1909,fist
2197,fist
2361,fist
2285,fist
2163,fist
1974,fist
1868,fist
1839,fist
2242,fist
2094,fist
1782,fist
1457,fist
1400,fist
1436,fist
1532,fist
1679,fist
1816,fist
1880,fist
1497,fist
1648,fist
1937,fist
2229,fist
2387,fist
2296,fist
2106,fist
1951,fist
1840,fist
1786,fist
2186,fist
2035,fist
1766,fist
1494,fist
1470,fist
1497,fist
1589,fist
1752,fist
1862,fist
1910,fist
1480,fist
1590,fist
1878,fist
2177,fist
2383,fist
2276,fist
2141,fist
1986,fist
1848,fist
1788,fist
2179,fist
2028,fist
1735,fist
1497,fist
1485,fist
1493,fist
1559,fist
1718,fist
1893,fist
1923,fist
1479,fist
1649,fist
1962,fist
2233,fist
2298,fist
2207,fist
2102,fist
1997,fist
1921,fist
1840,fist
2139,fist
2002,fist
1808,fist
1537,fist
1428,fist
1469,fist
1560,fist
1728,fist
1888,fist
1909,fist
1446,fist
1606,fist
1906,fist
2216,fist
2409,fist
2290,fist
2098,fist
1960,fist
1851,fist
1782,fist
2176,fist
2039,fist
1771,fist
1477,fist
1453,fist
1496,fist
1597,fist
1745,fist
1818,fist
1838,fist
1438,fist
1579,fist
1919,fist
2224,fist
2390,fist
2287,fist
2097,fist
1966,fist
1862,fist
1856,fist
2271,fist
2103,fist
1816,fist
1492,fist
1349,fist
1391,fist
1559,fist
1718,fist
1848,fist
1927,fist
1530,fist
1625,fist
1911,fist
2229,fist
2375,fist
2283,fist
2073,fist
1863,fist
1806,fist
1765,fist
2195,fist
2050,fist
1771,fist
1406,fist
1334,fist
1402,fist
1612,fist
1797,fist
1892,fist
2009,fist
1614,fist
1657,fist
1941,fist
2132,fist
2290,fist
2391,fist
2245,fist
2036,fist
1810,fist
1827,fist
2265,fist
2103,fist
1732,fist
1399,fist
1364,fist
1365,fist
1489,fist
1664,fist
1807,fist
1954,fist
1507,fist
1618,fist
1976,fist
2265,fist
2285,fist
2209,fist
2050,fist
1796,fist
1709,fist
1835,fist
2564,fist
2369,fist
1852,fist
1440,fist
1336,fist
1345,fist
1524,fist
1735,fist
1939,fist
2038,fist
1497,fist
1633,fist
1942,fist
2193,fist
2360,fist
2354,fist
2098,fist
1911,fist
1753,fist
1683,fist
2150,fist
2060,fist
1790,fist
1499,fist
1353,fist
1333,fist
1530,fist
1807,fist
1922,fist
1929,fist
1571,fist
1691,fist
1929,fist
2237,fist
2383,fist
2287,fist
2097,fist
1970,fist
1860,fist
1812,fist
2183,fist
2023,fist
1804,fist
1521,fist
1405,fist
1438,fist
1541,fist
1624,fist
1749,fist
1745,fist
1223,fist
1335,fist
1641,fist
2145,fist
2505,fist
2706,fist
2583,fist
2204,fist
2112,fist
2024,fist
2244,fist
2089,fist
1746,fist
1431,fist
1329,fist
1340,fist
1445,fist
1652,fist
1992,fist
1925,fist
1446,fist
1512,fist
1837,fist
2195,fist
2414,fist
2349,fist
2126,fist
1946,fist
1802,fist
1716,fist
2165,fist
2082,fist
1777,fist
1492,fist
1402,fist
1433,fist
1451,fist
1560,fist
1550,fist
1689,fist
1569,fist
1993,fist
2233,fist
2233,fist
2478,fist
2291,fist
2030,fist
1917,fist
2184,fist
2158,fist
2263,fist
1993,fist
1610,fist
1265,fist
1242,fist
1431,fist
1679,fist
1700,fist
1731,fist
1863,fist
1564,fist
1683,fist
1968,fist
2201,fist
2350,fist
2284,fist
2130,fist
1986,fist
1773,fist
1703,fist
2154,fist
2067,fist
1899,fist
1578,fist
1465,fist
1457,fist
1608,fist
1805,fist
1837,fist
1877,fist
1443,fist
1503,fist
1872,fist
2174,fist
2359,fist
2224,fist
2023,fist
1929,fist
1862,fist
1840,fist
2229,fist
2131,fist
1834,fist
1449,fist
1367,fist
1453,fist
1623,fist
1760,fist
1834,fist
1873,fist
1478,fist
1591,fist
2043,fist
2354,fist
2484,fist
2282,fist
2004,fist
1756,fist
1543,fist
1526,fist
2188,fist
2487,fist
2152,fist
1607,fist
1415,fist
1432,fist
1506,fist
1648,fist
1938,fist
2078,fist
1552,fist
1530,fist
1766,fist
2136,fist
2310,fist
2177,fist
2037,fist
1884,fist
1795,fist
1863,fist
2344,fist
2229,fist
1805,fist
1409,fist
1359,fist
1441,fist
1585,fist
1796,fist
1913,fist
1946,fist
1492,fist
1582,fist
1871,fist
2161,fist
2360,fist
2234,fist
2058,fist
1861,fist
1828,fist
1850,fist
2262,fist
2113,fist
1881,fist
1670,fist
1538,fist
1456,fist
1502,fist
1643,fist
1772,fist
1806,fist
1425,fist
1599,fist
1991,fist
2291,fist
2395,fist
2291,fist
2164,fist
2009,fist
1855,fist
1773,fist
2205,fist
2034,fist
1781,fist
1508,fist
1451,fist
1412,fist
1466,fist
1666,fist
1884,fist
1964,fist
1452,fist
1616,fist
1914,fist
2241,fist
2397,fist
2336,fist
2152,fist
1944,fist
1830,fist
1750,fist
2141,fist
2090,fist
1884,fist
1658,fist
1409,fist
1361,fist
1510,fist
1690,fist
1764,fist
1803,fist
1330,fist
1472,fist
1833,fist
2315,fist
2731,fist
2484,fist
2158,fist
1910,fist
1895,fist
1779,fist
2131,fist
2052,fist
1814,fist
1447,fist
1348,fist
1426,fist
1671,fist
1843,fist
1836,fist
1886,fist
1445,fist
1537,fist
1936,fist
2205,fist
2418,fist
2401,fist
2156,fist
1933,fist
1823,fist
1751,fist
2188,fist
2067,fist
1798,fist
1480,fist
1396,fist
1434,fist
1564,fist
1732,fist
1825,fist
1879,fist
1454,fist
1573,fist
1866,fist
2164,fist
2358,fist
2324,fist
2144,fist
1953,fist
1906,fist
1898,fist
2221,fist
2040,fist
1744,fist
1422,fist
1443,fist
1548,fist
1614,fist
1697,fist
1897,fist
2029,fist
1480,fist
1568,fist
1855,fist
2170,fist
2373,fist
2289,fist
2113,fist
1940,fist
1830,fist
1758,fist
2155,fist
1999,fist
1755,fist
1556,fist
1459,fist
1527,fist
1689,fist
1795,fist
1811,fist
1810,fist
1400,fist
1573,fist
1839,fist
2233,fist
2420,fist
2305,fist
2161,fist
2111,fist
1940,fist
1780,fist
2180,fist
2065,fist
1786,fist
1496,fist
1403,fist
1424,fist
1541,fist
1708,fist
1832,fist
1895,fist
1483,fist
1586,fist
1871,fist
2215,fist
2378,fist
2270,fist
2106,fist
1973,fist
1892,fist
1826,fist
2225,fist
2111,fist
1816,fist
1468,fist
1394,fist
1446,fist
1550,fist
1690,fist
1818,fist
1928,fist
1514,fist
1602,fist
1875,fist
2204,fist
2377,fist
2296,fist
2120,fist
1945,fist
1830,fist
1740,fist
2171,fist
2084,fist
1844,fist
1559,fist
1498,fist
1535,fist
1583,fist
1733,fist
1830,fist
1886,fist
1452,fist
1575,fist
1870,fist
2186,fist
2372,fist
2284,fist
2097,fist
1952,fist
1844,fist
1835,fist
2265,fist
2119,fist
1792,fist
1490,fist
1412,fist
1439,fist
1568,fist
1706,fist
1840,fist
1890,fist
1466,fist
1584,fist
1884,fist
2228,fist
2398,fist
2321,fist
2108,fist
1947,fist
1871,fist
1808,fist
2180,fist
2061,fist
1830,fist
1441,fist
1339,fist
1456,fist
1647,fist
1780,fist
1846,fist
1931,fist
1484,fist
1614,fist
1871,fist
2197,fist
2371,fist
2307,fist
2136,fist
1933,fist
1798,fist
1739,fist
2158,fist
2091,fist
1872,fist
1578,fist
1464,fist
1498,fist
1550,fist
1690,fist
1808,fist
1882,fist
1492,fist
1611,fist
1874,fist
2160,fist
2388,fist
2350,fist
2087,fist
1953,fist
1854,fist
1730,fist
2153,fist
2089,fist
1913,fist
1652,fist
1490,fist
1429,fist
1525,fist
1694,fist
1811,fist
1874,fist
1444,fist
1547,fist
1841,fist
2154,fist
2367,fist
2307,fist
2149,fist
2003,fist
1908,fist
1897,fist
2233,fist
2124,fist
1851,fist
1500,fist
1355,fist
1441,fist
1542,fist
1694,fist
1819,fist
1892,fist
1492,fist
1584,fist
1865,fist
2211,fist
2387,fist
2299,fist
2129,fist
1968,fist
1859,fist
1793,fist
2210,fist
2097,fist
1828,fist
1497,fist
1409,fist
1446,fist
1565,fist
1728,fist
1817,fist
1880,fist
1462,fist
1562,fist
1851,fist
2215,fist
2441,fist
2319,fist
2132,fist
1990,fist
1872,fist
1771,fist
2173,fist
2139,fist
1878,fist
1535,fist
1424,fist
1429,fist
1541,fist
1697,fist
1810,fist
1864,fist
1469,fist
1600,fist
1920,fist
2212,fist
2368,fist
2281,fist
2100,fist
1959,fist
1874,fist
1835,fist
2261,fist
2152,fist
1836,fist
1442,fist
1364,fist
1430,fist
1506,fist
1706,fist
1920,fist
1938,fist
1442,fist
1518,fist
1811,fist
2191,fist
2457,fist
2410,fist
2174,fist
1976,fist
1852,fist
1791,fist
2231,fist
2105,fist
1785,fist
1421,fist
1337,fist
1438,fist
1520,fist
1685,fist
1948,fist
1936,fist
1499,fist
1642,fist
1894,fist
2230,fist
2399,fist
2297,fist
2106,fist
1938,fist
1826,fist
1749,fist
2176,fist
2113,fist
1871,fist
1524,fist
1442,fist
1492,fist
1552,fist
1686,fist
1766,fist
1819,fist
1450,fist
1671,fist
1982,fist
2191,fist
2344,fist
2253,fist
2102,fist
2034,fist
1940,fist
1813,fist
2218,fist
2111,fist
1851,fist
1511,fist
1403,fist
1428,fist
1509,fist
1688,fist
1836,fist
1909,fist
1489,fist
1581,fist
1858,fist
2213,fist
2392,fist
2288,fist
2084,fist
1921,fist
1835,fist
1744,fist
2182,fist
2199,fist
2005,fist
1549,fist
1413,fist
1431,fist
1535,fist
1706,fist
1822,fist
1891,fist
1481,fist
1569,fist
1854,fist
2203,fist
2385,fist
2301,fist
2128,fist
1967,fist
1868,fist
1808,fist
2211,fist
2114,fist
1840,fist
1494,fist
1403,fist
1424,fist
1533,fist
1723,fist
1823,fist
1908,fist
1510,fist
1616,fist
1915,fist
2178,fist
2340,fist
2312,fist
2137,fist
1943,fist
1870,fist
1774,fist
2163,fist
2081,fist
1829,fist
1519,fist
1454,fist
1550,fist
1593,fist
1708,fist
1832,fist
1922,fist
1518,fist
1560,fist
1840,fist
2193,fist
2347,fist
2238,fist
2036,fist
1919,fist
1906,fist
1887,fist
2248,fist
2136,fist
1917,fist
1552,fist
1400,fist
1416,fist
1530,fist
1703,fist
1814,fist
1890,fist
1471,fist
1540,fist
1816,fist
2195,fist
2444,fist
2362,fist
2145,fist
1962,fist
1857,fist
1794,fist
2196,fist
2090,fist
1832,fist
1513,fist
1437,fist
1423,fist
1531,fist
1712,fist
1827,fist
1900,fist
1506,fist
1599,fist
1857,fist
2189,fist
2379,fist
2290,fist
2138,fist
1958,fist
1794,fist
1731,fist
2186,fist
2161,fist
1871,fist
1547,fist
1497,fist
1490,fist
1597,fist
1794,fist
1826,fist
1866,fist
1466,fist
1552,fist
1814,fist
2218,fist
2392,fist
2308,fist
2126,fist
2012,fist
1860,fist
1772,fist
2183,fist
2102,fist
1832,fist
1498,fist
1408,fist
1440,fist
1533,fist
1708,fist
1824,fist
1888,fist
1490,fist
1560,fist
1842,fist
2209,fist
2398,fist
2317,fist
2149,fist
2020,fist
1929,fist
1815,fist
2188,fist
2118,fist
1853,fist
1498,fist
1392,fist
1409,fist
1527,fist
1694,fist
1811,fist
1874,fist
1492,fist
1565,fist
1836,fist
2221,fist
2440,fist
2343,fist
2152,fist
1989,fist
1879,fist
1792,fist
2192,fist
2138,fist
1844,fist
1498,fist
1408,fist
1430,fist
1540,fist
1707,fist
1826,fist
1896,fist
1495,fist
1575,fist
1849,fist
2196,fist
2379,fist
2301,fist
2135,fist
1967,fist
1864,fist
1799,fist
2201,fist
2119,fist
1844,fist
1502,fist
1417,fist
1443,fist
1546,fist
1713,fist
1839,fist
1912,fist
1505,fist
1551,fist
1823,fist
2194,fist
2379,fist
2262,fist
2117,fist
2007,fist
1882,fist
1875,fist
2286,fist
2129,fist
1833,fist
1480,fist
1401,fist
1437,fist
1541,fist
1702,fist
1849,fist
1916,fist
1491,fist
1540,fist
1797,fist
2200,fist
2427,fist
2300,fist
2125,fist
1968,fist
1884,fist
1829,fist
2192,fist
2107,fist
1843,fist
1495,fist
1407,fist
1435,fist
1558,fist
1721,fist
1820,fist
1888,fist
1490,fist
1570,fist
1854,fist
2236,fist
2394,fist
2310,fist
2133,fist
1968,fist
1855,fist
1810,fist
2214,fist
2126,fist
1801,fist
1449,fist
1367,fist
1412,fist
1574,fist
1838,fist
1895,fist
1920,fist
1505,fist
1543,fist
1827,fist
2200,fist
2390,fist
2315,fist
2121,fist
1942,fist
1841,fist
1809,fist
2201,fist
2124,fist
1846,fist
1521,fist
1449,fist
1439,fist
1529,fist
1683,fist
1797,fist
1874,fist
1474,fist
1537,fist
1893,fist
2273,fist
2454,fist
2336,fist
2136,fist
1978,fist
1867,fist
1778,fist
2175,fist
2113,fist
1844,fist
1494,fist
1400,fist
1433,fist
1535,fist
1705,fist
1821,fist
1906,fist
1503,fist
1562,fist
1842,fist
2203,fist
2379,fist
2312,fist
2155,fist
1985,fist
1877,fist
1802,fist
2191,fist
2120,fist
1847,fist
1506,fist
1421,fist
1426,fist
1526,fist
1717,fist
1822,fist
1894,fist
1504,fist
1570,fist
1842,fist
2207,fist
2411,fist
2315,fist
2142,fist
1968,fist
1864,fist
1801,fist
2192,fist
2116,fist
1856,fist
1496,fist
1403,fist
1438,fist
1551,fist
1729,fist
1832,fist
1899,fist
1502,fist
1558,fist
1849,fist
2198,fist
2386,fist
2313,fist
2147,fist
1970,fist
1865,fist
1797,fist
2192,fist
2128,fist
1862,fist
1507,fist
1411,fist
1432,fist
1538,fist
1708,fist
1826,fist
1898,fist
1506,fist
1571,fist
1840,fist
2201,fist
2387,fist
2314,fist
2139,fist
1959,fist
1853,fist
1791,fist
2191,fist
2124,fist
1876,fist
1533,fist
1414,fist
1436,fist
1536,fist
1707,fist
1823,fist
1899,fist
1508,fist
1562,fist
1839,fist
2202,fist
2385,fist
2313,fist
2136,fist
1968,fist
1863,fist
1800,fist
2192,fist
2132,fist
1864,fist
1513,fist
1418,fist
1437,fist
1541,fist
1725,fist
1840,fist
1899,fist
1504,fist
1561,fist
1812,fist
2185,fist
2383,fist
2311,fist
2149,fist
1973,fist
1869,fist
1799,fist
2186,fist
2134,fist
1863,fist
1509,fist
1414,fist
1433,fist
1538,fist
1714,fist
1831,fist
1900,fist
1510,fist
1565,fist
1834,fist
2199,fist
2386,fist
2315,fist
2147,fist
1980,fist
1869,fist
1797,fist
2188,fist
2133,fist
1864,fist
1515,fist
1412,fist
1433,fist
1533,fist
1703,fist
1827,fist
1898,fist
1509,fist
1563,fist
1834,fist
2198,fist
2388,fist
2313,fist
2143,fist
1976,fist
1870,fist
1797,fist
2189,fist
2135,fist
1871,fist
1506,fist
1407,fist
1434,fist
1534,fist
1705,fist
1825,fist
1905,fist
1516,fist
1566,fist
1834,fist
2196,fist
2394,fist
2311,fist
2148,fist
1975,fist
1864,fist
1797,fist
2188,fist
2132,fist
1859,fist
1499,fist
1423,fist
1453,fist
1538,fist
1715,fist
1838,fist
1898,fist
1499,fist
1536,fist
1822,fist
2188,fist
2367,fist
2314,fist
2149,fist
1978,fist
1875,fist
1803,fist
2190,fist
2134,fist
1865,fist
1506,fist
1413,fist
1438,fist
1532,fist
1703,fist
1826,fist
1895,fist
1511,fist
1577,fist
1844,fist
2203,fist
2385,fist
2319,fist
2155,fist
1976,fist
1867,fist
1799,fist
2163,fist
2110,fist
1857,fist
1503,fist
1397,fist
1418,fist
1519,fist
1740,fist
1896,fist
1940,fist
1518,fist
1514,fist
1812,fist
2227,fist
2390,fist
2294,fist
2133,fist
1958,fist
1850,fist
1778,fist
2177,fist
2147,fist
1898,fist
1540,fist
1430,fist
1456,fist
1556,fist
1708,fist
1818,fist
1891,fist
1505,fist
1564,fist
1837,fist
2208,fist
2393,fist
2314,fist
2128,fist
1920,fist
1832,fist
1783,fist
2173,fist
2148,fist
1894,fist
1545,fist
1433,fist
1447,fist
1543,fist
1710,fist
1816,fist
1896,fist
1519,fist
1552,fist
1820,fist
2199,fist
2384,fist
2306,fist
2141,fist
1989,fist
1884,fist
1804,fist
2173,fist
2138,fist
1878,fist
1521,fist
1416,fist
1439,fist
1531,fist
1702,fist
1833,fist
1908,fist
1503,fist
1540,fist
1818,fist
2208,fist
2394,fist
2323,fist
2146,fist
1965,fist
1868,fist
1774,fist
2154,fist
2113,fist
1895,fist
1551,fist
1446,fist
1447,fist
1534,fist
1713,fist
1801,fist
1897,fist
1573,fist
1575,fist
1805,fist
2187,fist
2395,fist
2332,fist
2182,fist
1978,fist
1821,fist
1718,fist
2077,fist
2046,fist
1831,fist
1532,fist
1474,fist
1448,fist
1519,fist
1729,fist
1873,fist
1968,fist
1559,fist
1562,fist
1829,fist
2190,fist
2384,fist
2323,fist
2155,fist
1986,fist
1912,fist
1803,fist
2134,fist
2110,fist
1871,fist
1511,fist
1420,fist
1449,fist
1521,fist
1689,fist
1839,fist
1906,fist
1543,fist
1567,fist
1811,fist
2149,fist
2363,fist
2314,fist
2163,fist
1995,fist
1880,fist
1792,fist
2150,fist
2120,fist
1845,fist
1491,fist
1410,fist
1426,fist
1536,fist
1718,fist
1844,fist
1916,fist
1550,fist
1580,fist
1846,fist
2199,fist
2374,fist
2331,fist
2164,fist
1955,fist
1843,fist
1791,fist
2161,fist
2128,fist
1866,fist
1525,fist
1415,fist
1436,fist
1533,fist
1703,fist
1830,fist
1905,fist
1553,fist
1564,fist
1829,fist
2193,fist
2377,fist
2316,fist
2148,fist
1957,fist
1855,fist
1799,fist
2149,fist
2116,fist
1874,fist
1529,fist
1435,fist
1432,fist
1528,fist
1727,fist
1856,fist
1912,fist
1539,fist
1570,fist
1789,fist
2145,fist
2359,fist
2316,fist
2175,fist
2013,fist
1932,fist
1830,fist
2173,fist
2129,fist
1878,fist
1503,fist
1384,fist
1394,fist
1451,fist
1654,fist
1794,fist
1857,fist
1517,fist
1568,fist
1846,fist
2213,fist
2377,fist
2321,fist
2181,fist
2021,fist
1928,fist
1878,fist
2221,fist
2169,fist
1820,fist
1482,fist
1411,fist
1434,fist
1508,fist
1675,fist
1795,fist
1871,fist
1495,fist
1528,fist
1811,fist
2204,fist
2403,fist
2338,fist
2153,fist
1980,fist
1856,fist
1787,fist
2191,fist
2195,fist
1949,fist
1556,fist
1381,fist
1374,fist
1473,fist
1656,fist
1796,fist
1911,fist
1576,fist
1608,fist
1822,fist
2169,fist
2370,fist
2273,fist
2123,fist
1993,fist
1919,fist
1868,fist
2214,fist
2174,fist
1917,fist
1497,fist
1381,fist
1387,fist
1443,fist
1643,fist
1816,fist
1937,fist
1576,fist
1555,fist
1786,fist
2155,fist
2382,fist
2352,fist
2197,fist
1977,fist
1898,fist
1809,fist
2133,fist
2113,fist
1885,fist
1559,fist
1443,fist
1440,fist
1521,fist
1676,fist
1800,fist
1890,fist
1555,fist
1547,fist
1818,fist
2232,fist
2416,fist
2260,fist
2096,fist
1935,fist
1872,fist
1797,fist
2158,fist
2176,fist
1927,fist
1579,fist
1458,fist
1460,fist
1481,fist
1677,fist
1849,fist
1878,fist
1449,fist
1483,fist
1801,fist
2181,fist
2439,fist
2407,fist
2213,fist
2040,fist
1844,fist
1703,fist
2095,fist
2145,fist
1887,fist
1535,fist
1455,fist
1447,fist
1533,fist
1736,fist
1864,fist
1953,fist
1528,fist
1513,fist
1783,fist
2183,fist
2355,fist
2374,fist
2225,fist
1960,fist
1798,fist
1712,fist
2077,fist
2170,fist
1912,fist
1459,fist
1371,fist
1408,fist
1550,fist
1801,fist
1973,fist
2050,fist
1628,fist
1585,fist
1658,fist
1961,fist
2242,fist
2242,fist
2160,fist
2009,fist
1899,fist
1808,fist
2254,fist
2325,fist
2045,fist
1591,fist
1386,fist
1376,fist
1520,fist
1669,fist
1733,fist
1764,fist
1384,fist
1483,fist
1839,fist
2269,fist
2488,fist
2380,fist
2133,fist
1880,fist
1839,fist
1818,fist
2150,fist
2187,fist
1961,fist
1567,fist
1398,fist
1303,fist
1425,fist
1734,fist
1887,fist
1897,fist
1514,fist
1556,fist
1865,fist
2261,fist
2401,fist
2272,fist
2067,fist
1902,fist
1867,fist
1867,fist
2282,fist
2258,fist
1925,fist
1527,fist
1407,fist
1430,fist
1473,fist
1662,fist
1781,fist
1858,fist
1522,fist
1518,fist
1742,fist
2144,fist
2349,fist
2347,fist
2207,fist
2054,fist
1960,fist
1881,fist
2198,fist
2117,fist
1863,fist
1518,fist
1413,fist
1405,fist
1515,fist
1715,fist
1808,fist
1888,fist
1568,fist
1580,fist
1855,fist
2070,fist
2214,fist
2234,fist
2284,fist
2156,fist
1962,fist
1740,fist
2059,fist
2131,fist
1855,fist
1514,fist
1423,fist
1410,fist
1509,fist
1661,fist
1786,fist
1886,fist
1541,fist
1613,fist
1825,fist
2205,fist
2402,fist
2353,fist
2185,fist
2017,fist
1897,fist
1804,fist
2138,fist
2145,fist
1877,fist
1540,fist
1445,fist
1435,fist
1529,fist
1716,fist
1799,fist
1869,fist
1508,fist
1494,fist
1761,fist
2176,fist
2432,fist
2382,fist
2174,fist
1983,fist
1855,fist
1751,fist
2137,fist
2170,fist
1947,fist
1558,fist
1407,fist
1398,fist
1490,fist
1683,fist
1833,fist
1914,fist
1570,fist
1545,fist
1787,fist
2173,fist
2375,fist
2334,fist
2171,fist
1985,fist
1867,fist
1773,fist
2115,fist
2124,fist
1918,fist
1564,fist
1447,fist
1435,fist
1510,fist
1730,fist
1863,fist
1912,fist
1534,fist
1513,fist
1770,fist
2123,fist
2340,fist
2379,fist
2234,fist
2036,fist
1866,fist
1783,fist
2151,fist
2173,fist
1922,fist
1563,fist
1404,fist
1375,fist
1468,fist
1660,fist
1800,fist
1915,fist
1575,fist
1578,fist
1775,fist
2153,fist
2374,fist
2330,fist
2156,fist
1981,fist
1860,fist
1767,fist
2111,fist
2146,fist
1949,fist
1538,fist
1328,fist
1327,fist
1448,fist
1698,fist
1837,fist
1904,fist
1642,fist
1693,fist
1885,fist
2261,fist
2472,fist
2350,fist
2165,fist
1989,fist
1880,fist
1779,fist
2101,fist
2125,fist
1901,fist
1530,fist
1400,fist
1394,fist
1475,fist
1674,fist
1785,fist
1882,fist
1556,fist
1534,fist
1776,fist
2154,fist
2360,fist
2338,fist
2203,fist
2004,fist
1885,fist
1800,fist
2139,fist
2159,fist
1907,fist
1531,fist
1414,fist
1431,fist
1523,fist
1699,fist
1806,fist
1893,fist
1553,fist
1536,fist
1773,fist
2155,fist
2357,fist
2328,fist
2195,fist
2021,fist
1894,fist
1808,fist
2140,fist
2166,fist
1934,fist
1543,fist
1418,fist
1427,fist
1508,fist
1686,fist
1806,fist
1882,fist
1541,fist
1524,fist
1785,fist
2166,fist
2379,fist
2335,fist
2171,fist
1986,fist
1882,fist
1829,fist
2164,fist
2172,fist
1902,fist
1528,fist
1416,fist
1423,fist
1491,fist
1671,fist
1813,fist
1887,fist
1555,fist
1566,fist
1815,fist
2151,fist
2370,fist
2335,fist
2155,fist
2022,fist
1884,fist
1794,fist
2133,fist
2166,fist
1911,fist
1538,fist
1426,fist
1412,fist
1498,fist
1684,fist
1821,fist
1904,fist
1553,fist
1545,fist
1792,fist
2144,fist
2339,fist
2299,fist
2154,fist
1990,fist
1897,fist
1844,fist
2149,fist
2147,fist
1871,fist
1478,fist
1392,fist
1507,fist
1630,fist
1747,fist
1846,fist
1904,fist
1539,fist
1500,fist
1759,fist
2146,fist
2358,fist
2297,fist
2144,fist
1924,fist
1846,fist
1831,fist
2203,fist
2195,fist
1950,fist
1553,fist
1487,fist
1416,fist
1492,fist
1724,fist
1826,fist
1867,fist
1530,fist
1507,fist
1783,fist
2162,fist
2385,fist
2323,fist
2148,fist
1976,fist
1881,fist
1798,fist
2142,fist
2186,fist
1900,fist
1481,fist
1398,fist
1446,fist
1509,fist
1712,fist
1797,fist
1866,fist
1543,fist
1526,fist
1797,fist
2191,fist
2374,fist
2326,fist
2173,fist
1995,fist
1909,fist
1864,fist
2191,fist
2174,fist
1883,fist
1485,fist
1391,fist
1416,fist
1506,fist
1701,fist
1832,fist
1935,fist
1568,fist
1544,fist
1799,fist
2166,fist
2365,fist
2300,fist
2134,fist
1975,fist
1863,fist
1759,fist
2066,fist
2104,fist
1896,fist
1596,fist
1552,fist
1453,fist
1545,fist
1716,fist
1810,fist
1929,fist
1595,fist
1531,fist
1751,fist
2150,fist
2386,fist
2317,fist
2131,fist
1958,fist
1867,fist
1817,fist
2143,fist
2186,fist
1941,fist
1521,fist
1371,fist
1405,fist
1506,fist
1674,fist
1816,fist
1923,fist
1647,fist
1541,fist
1751,fist
2147,fist
2358,fist
2319,fist
2139,fist
1955,fist
1886,fist
1844,fist
2166,fist
2185,fist
1943,fist
1553,fist
1413,fist
1415,fist
1498,fist
1676,fist
1798,fist
1895,fist
1557,fist
1542,fist
1811,fist
2159,fist
2334,fist
2292,fist
2166,fist
1976,fist
1878,fist
1835,fist
2195,fist
2186,fist
1931,fist
1564,fist
1425,fist
1419,fist
1494,fist
1676,fist
1800,fist
1889,fist
1571,fist
1532,fist
1780,fist
2151,fist
2361,fist
2323,fist
2136,fist
1974,fist
1908,fist
1816,fist
2126,fist
2168,fist
1907,fist
1541,fist
1403,fist
1414,fist
1506,fist
1702,fist
1830,fist
1886,fist
1554,fist
1523,fist
1804,fist
2174,fist
2374,fist
2326,fist
2165,fist
1987,fist
1905,fist
1842,fist
2157,fist
2169,fist
1879,fist
1502,fist
1344,fist
1432,fist
1610,fist
1723,fist
1807,fist
1927,fist
1624,fist
1569,fist
1758,fist
2136,fist
2366,fist
2334,fist
2167,fist
1967,fist
1856,fist
1792,fist
2128,fist
2167,fist
1916,fist
1539,fist
1422,fist
1417,fist
1506,fist
1685,fist
1805,fist
1889,fist
1564,fist
1525,fist
1771,fist
2165,fist
2368,fist
2332,fist
2181,fist
1990,fist
1882,fist
1815,fist
2145,fist
2185,fist
1920,fist
1548,fist
1417,fist
1412,fist
1510,fist
1688,fist
1825,fist
1913,fist
1570,fist
1519,fist
1771,fist
2160,fist
2371,fist
2337,fist
2172,fist
1985,fist
1875,fist
1799,fist
2125,fist
2177,fist
1925,fist
1541,fist
1430,fist
1431,fist
1499,fist
1683,fist
1805,fist
1891,fist
1574,fist
1515,fist
1768,fist
2148,fist
2361,fist
2352,fist
2179,fist
1978,fist
1881,fist
1811,fist
2145,fist
2192,fist
1945,fist
1557,fist
1416,fist
1420,fist
1506,fist
1681,fist
1798,fist
1875,fist
1552,fist
1516,fist
1771,fist
2153,fist
2381,fist
2377,fist
2176,fist
1965,fist
1878,fist
1810,fist
2136,fist
2203,fist
1921,fist
1540,fist
1433,fist
1433,fist
1497,fist
1686,fist
1808,fist
1891,fist
1552,fist
1511,fist
1761,fist
2129,fist
2433,fist
2405,fist
2187,fist
1990,fist
1889,fist
1802,fist
2118,fist
2161,fist
1910,fist
1541,fist
1417,fist
1418,fist
1503,fist
1684,fist
1814,fist
1893,fist
1579,fist
1517,fist
1768,fist
2153,fist
2358,fist
2332,fist
2170,fist
1987,fist
1877,fist
1821,fist
2136,fist
2178,fist
1920,fist
1546,fist
1426,fist
1428,fist
1504,fist
1679,fist
1799,fist
1899,fist
1588,fist
1524,fist
1770,fist
2162,fist
2365,fist
2336,fist
2179,fist
1990,fist
1876,fist
1806,fist
2119,fist
2168,fist
1928,fist
1552,fist
1424,fist
1425,fist
1506,fist
1686,fist
1810,fist
1897,fist
1575,fist
1511,fist
1756,fist
2168,fist
2386,fist
2339,fist
2208,fist
2004,fist
1879,fist
1789,fist
2106,fist
2169,fist
1926,fist
1549,fist
1438,fist
1451,fist
1521,fist
1687,fist
1800,fist
1895,fist
1582,fist
1519,fist
1762,fist
2157,fist
2359,fist
2334,fist
2178,fist
1993,fist
1894,fist
1812,fist
2102,fist
2167,fist
1920,fist
1528,fist
1419,fist
1435,fist
1558,fist
1717,fist
1809,fist
1889,fist
1571,fist
1511,fist
1760,fist
2154,fist
2353,fist
2332,fist
2182,fist
1996,fist
1885,fist
1809,fist
2119,fist
2181,fist
1928,fist
1548,fist
1424,fist
1418,fist
1500,fist
1687,fist
1804,fist
1892,fist
1582,fist
1519,fist
1764,fist
2152,fist
2358,fist
2334,fist
2184,fist
1990,fist
1882,fist
1798,fist
2106,fist
2177,fist
1925,fist
1556,fist
1426,fist
1430,fist
1518,fist
1693,fist
1814,fist
1898,fist
1584,fist
1517,fist
1770,fist
2153,fist
2362,fist
2332,fist
2180,fist
1992,fist
1889,fist
1811,fist
2112,fist
2183,fist
1930,fist
1557,fist
1428,fist
1429,fist
1506,fist
1691,fist
1810,fist
1894,fist
1579,fist
1523,fist
1766,fist
2154,fist
2356,fist
2333,fist
2183,fist
1999,fist
1892,fist
1814,fist
2117,fist
2178,fist
1926,fist
1554,fist
1428,fist
1419,fist
1500,fist
1676,fist
1797,fist
1881,fist
1582,fist
1514,fist
1761,fist
2188,fist
2373,fist
2335,fist
2178,fist
2001,fist
1898,fist
1836,fist
2116,fist
2178,fist
1913,fist
1533,fist
1415,fist
1441,fist
1498,fist
1676,fist
1805,fist
1899,fist
1594,fist
1515,fist
1766,fist
2149,fist
2361,fist
2336,fist
2178,fist
1994,fist
1891,fist
1803,fist
2109,fist
2187,fist
1937,fist
1565,fist
1433,fist
1427,fist
1495,fist
1682,fist
1799,fist
1888,fist
1584,fist
1506,fist
1759,fist
2149,fist
2365,fist
2344,fist
2188,fist
2001,fist
1895,fist
1806,fist
2108,fist
2191,fist
1942,fist
1563,fist
1429,fist
1429,fist
1500,fist
1696,fist
1816,fist
1899,fist
1600,fist
1514,fist
1751,fist
2141,fist
2353,fist
2329,fist
2149,fist
1975,fist
1879,fist
1802,fist
2107,fist
2188,fist
1941,fist
1563,fist
1429,fist
1429,fist
1505,fist
1686,fist
1806,fist
1896,fist
1590,fist
1515,fist
1766,fist
2159,fist
2370,fist
2351,fist
2180,fist
1991,fist
1888,fist
1813,fist
2110,fist
2200,fist
1943,fist
1561,fist
1426,fist
1414,fist
1495,fist
1674,fist
1796,fist
1890,fist
1590,fist
1511,fist
1758,fist
2147,fist
2363,fist
2347,fist
2198,fist
1993,fist
1880,fist
1795,fist
2092,fist
2183,fist
1929,fist
1557,fist
1430,fist
1429,fist
1495,fist
1685,fist
1832,fist
1910,fist
1596,fist
1507,fist
1767,fist
2167,fist
2370,fist
2343,fist
2184,fist
1991,fist
1880,fist
1805,fist
2099,fist
2182,fist
1937,fist
1570,fist
1435,fist
1403,fist
1467,fist
1680,fist
1804,fist
1862,fist
1591,fist
1538,fist
1774,fist
2156,fist
2341,fist
2325,fist
2206,fist
2003,fist
1875,fist
1790,fist
2097,fist
2224,fist
1896,fist
1547,fist
1419,fist
1417,fist
1514,fist
1720,fist
1852,fist
1959,fist
1627,fist
1522,fist
1750,fist
2097,fist
2322,fist
2305,fist
2159,fist
1997,fist
1893,fist
1795,fist
2075,fist
2174,fist
1944,fist
1574,fist
1436,fist
1422,fist
1512,fist
1702,fist
1842,fist
1912,fist
1607,fist
1511,fist
1748,fist
2149,fist
2367,fist
2350,fist
2198,fist
2001,fist
1866,fist
1767,fist
2041,fist
2161,fist
1922,fist
1565,fist
1441,fist
1439,fist
1512,fist
1677,fist
1806,fist
1898,fist
1610,fist
1519,fist
1768,fist
2143,fist
2369,fist
2334,fist
2196,fist
2028,fist
1904,fist
1819,fist
2071,fist
2121,fist
1845,fist
1460,fist
1364,fist
1435,fist
1592,fist
1773,fist
1885,fist
2007,fist
1651,fist
1513,fist
1752,fist
2111,fist
2273,fist
2288,fist
2156,fist
2002,fist
1874,fist
1766,fist
2117,fist
2227,fist
2007,fist
1588,fist
1405,fist
1410,fist
1480,fist
1652,fist
1769,fist
1854,fist
1591,fist
1511,fist
1780,fist
2160,fist
2342,fist
2378,fist
2247,fist
1989,fist
1882,fist
1818,fist
2090,fist
2187,fist
1942,fist
1586,fist
1413,fist
1403,fist
1507,fist
1703,fist
1805,fist
1871,fist
1628,fist
1549,fist
1771,fist
2150,fist
2359,fist
2324,fist
2177,fist
1974,fist
1878,fist
1795,fist
2058,fist
2152,fist
1910,fist
1563,fist
1433,fist
1441,fist
1531,fist
1700,fist
1796,fist
1897,fist
1641,fist
1536,fist
1771,fist
2145,fist
2347,fist
2331,fist
2171,fist
1979,fist
1873,fist
1799,fist
2066,fist
2166,fist
1926,fist
1566,fist
1431,fist
1438,fist
1535,fist
1712,fist
1829,fist
1906,fist
1615,fist
1518,fist
1760,fist
2121,fist
2336,fist
2330,fist
2175,fist
1992,fist
1881,fist
1797,fist
2061,fist
2164,fist
1923,fist
1577,fist
1459,fist
1441,fist
1510,fist
1706,fist
1825,fist
1888,fist
1628,fist
1557,fist
1796,fist
2139,fist
2330,fist
2314,fist
2165,fist
2014,fist
1866,fist
1745,fist
2019,fist
2157,fist
1937,fist
1585,fist
1464,fist
1459,fist
1512,fist
1679,fist
1808,fist
1894,fist
1619,fist
1551,fist
1787,fist
2151,fist
2334,fist
2345,fist
2181,fist
1958,fist
1865,fist
1792,fist
2076,fist
2203,fist
1935,fist
1562,fist
1413,fist
1387,fist
1486,fist
1696,fist
1829,fist
1924,fist
1663,fist
1546,fist
1790,fist
2157,fist
2350,fist
2327,fist
2175,fist
1972,fist
1850,fist
1772,fist
2058,fist
2171,fist
1914,fist
1570,fist
1453,fist
1436,fist
1518,fist
1721,fist
1848,fist
1922,fist
1651,fist
1526,fist
1775,fist
2158,fist
2336,fist
2286,fist
2140,fist
1981,fist
1896,fist
1840,fist
2076,fist
2136,fist
1812,fist
1469,fist
1398,fist
1408,fist
1520,fist
1754,fist
1872,fist
1951,fist
1698,fist
1532,fist
1727,fist
2133,fist
2339,fist
2300,fist
2175,fist
1987,fist
1864,fist
1809,fist
2090,fist
2211,fist
2009,fist
1641,fist
1523,fist
1454,fist
1445,fist
1600,fist
1737,fist
1782,fist
1531,fist
1512,fist
1815,fist
2157,fist
2367,fist
2359,fist
2197,fist
2015,fist
1913,fist
1802,fist
2036,fist
2177,fist
1929,fist
1552,fist
1440,fist
1410,fist
1486,fist
1788,fist
1894,fist
1971,fist
1689,fist
1475,fist
1633,fist
2030,fist
2303,fist
2321,fist
2149,fist
1986,fist
1904,fist
1820,fist
2001,fist
2137,fist
1925,fist
1640,fist
1501,fist
1486,fist
1652,fist
1772,fist
1867,fist
1899,fist
1671,fist
1489,fist
1747,fist
2153,fist
2338,fist
2272,fist
2107,fist
1852,fist
1683,fist
1641,fist
2040,fist
2242,fist
2072,fist
1796,fist
1615,fist
1547,fist
1501,fist
1547,fist
1626,fist
1964,fist
1745,fist
1623,fist
1748,fist
1976,fist
2080,fist
2100,fist
2089,fist
2025,fist
2116,fist
2035,fist
2158,fist
2248,fist
1837,fist
1283,fist
1221,fist
1337,fist
1482,fist
1721,fist
1882,fist
2003,fist
1783,fist
1596,fist
1831,fist
2159,fist
2454,fist
2458,fist
2216,fist
1973,fist
1854,fist
1792,fist
2013,fist
2114,fist
1787,fist
1532,fist
1473,fist
1389,fist
1444,fist
1628,fist
1734,fist
1896,fist
1683,fist
1605,fist
1839,fist
2162,fist
2300,fist
2290,fist
2158,fist
1912,fist
1895,fist
1856,fist
2181,fist
2346,fist
1948,fist
1511,fist
1314,fist
1256,fist
1464,fist
1710,fist
1875,fist
1924,fist
1648,fist
1548,fist
1818,fist
2174,fist
2336,fist
2351,fist
2175,fist
1994,fist
1930,fist
1831,fist
2102,fist
2263,fist
1938,fist
1510,fist
1243,fist
1366,fist
1560,fist
1772,fist
1823,fist
1894,fist
1573,fist
1513,fist
1876,fist
2292,fist
2425,fist
2307,fist
1983,fist
1752,fist
1747,fist
1694,fist
1977,fist
2169,fist
1985,fist
1677,fist
1545,fist
1516,fist
1527,fist
1748,fist
1865,fist
1842,fist
1578,fist
1455,fist
1741,fist
2106,fist
2350,fist
2368,fist
2202,fist
2002,fist
1910,fist
1851,fist
2100,fist
2228,fist
1962,fist
1505,fist
1379,fist
1410,fist
1505,fist
1676,fist
1754,fist
1883,fist
1664,fist
1466,fist
1649,fist
1984,fist
2324,fist
2336,fist
2363,fist
2386,fist
2130,fist
1784,fist
1972,fist
2123,fist
1898,fist
1570,fist
1430,fist
1385,fist
1467,fist
1730,fist
1788,fist
1843,fist
1623,fist
1466,fist
1703,fist
2136,fist
2311,fist
2315,fist
2194,fist
2032,fist
1948,fist
1852,fist
2117,fist
2248,fist
1932,fist
1502,fist
1402,fist
1388,fist
1450,fist
1553,fist
1755,fist
1878,fist
1642,fist
1500,fist
1735,fist
2248,fist
2549,fist
2366,fist
2170,fist
1998,fist
1897,fist
1830,fist
2034,fist
2171,fist
1924,fist
1576,fist
1424,fist
1427,fist
1508,fist
1711,fist
1835,fist
1883,fist
1607,fist
1424,fist
1702,fist
2121,fist
2371,fist
2355,fist
2189,fist
2003,fist
1893,fist
1814,fist
2042,fist
2192,fist
1946,fist
1577,fist
1426,fist
1398,fist
1494,fist
1694,fist
1805,fist
1851,fist
1644,fist
1609,fist
1863,fist
2138,fist
2303,fist
2304,fist
2168,fist
2008,fist
1882,fist
1779,fist
2014,fist
2164,fist
1951,fist
1583,fist
1414,fist
1479,fist
1567,fist
1737,fist
1835,fist
1868,fist
1648,fist
1486,fist
1659,fist
2041,fist
2273,fist
2346,fist
2230,fist
2012,fist
1875,fist
1785,fist
2112,fist
2249,fist
1943,fist
1565,fist
1457,fist
1451,fist
1486,fist
1672,fist
1818,fist
2015,fist
1680,fist
1492,fist
1710,fist
2090,fist
2293,fist
2304,fist
2169,fist
2021,fist
1915,fist
1810,fist
2033,fist
2182,fist
1942,fist
1591,fist
1433,fist
1430,fist
1491,fist
1640,fist
1753,fist
1858,fist
1678,fist
1515,fist
1818,fist
2196,fist
2369,fist
2333,fist
2136,fist
1931,fist
1871,fist
1786,fist
2041,fist
2213,fist
1994,fist
1577,fist
1417,fist
1453,fist
1592,fist
1749,fist
1802,fist
1873,fist
1626,fist
1492,fist
1718,fist
2108,fist
2305,fist
2333,fist
2213,fist
2016,fist
1887,fist
1800,fist
2053,fist
2190,fist
1899,fist
1556,fist
1445,fist
1477,fist
1538,fist
1717,fist
1845,fist
1874,fist
1606,fist
1474,fist
1724,fist
2099,fist
2314,fist
2352,fist
2197,fist
2003,fist
1893,fist
1806,fist
2035,fist
2188,fist
1956,fist
1597,fist
1433,fist
1416,fist
1494,fist
1674,fist
1815,fist
1916,fist
1653,fist
1498,fist
1750,fist
2118,fist
2307,fist
2315,fist
2186,fist
2035,fist
1934,fist
1801,fist
2025,fist
2169,fist
1914,fist
1579,fist
1411,fist
1378,fist
1466,fist
1705,fist
1928,fist
1949,fist
1691,fist
1570,fist
1744,fist
2098,fist
2305,fist
2298,fist
2127,fist
1971,fist
1909,fist
1829,fist
2000,fist
2207,fist
2044,fist
1658,fist
1448,fist
1394,fist
1439,fist
1607,fist
1773,fist
1904,fist
1636,fist
1456,fist
1689,fist
2111,fist
2338,fist
2353,fist
2312,fist
2121,fist
1925,fist
1758,fist
2023,fist
2235,fist
1982,fist
1641,fist
1439,fist
1402,fist
1465,fist
1685,fist
1765,fist
1870,fist
1649,fist
1483,fist
1722,fist
2102,fist
2324,fist
2346,fist
2184,fist
2006,fist
1892,fist
1784,fist
1995,fist
2172,fist
1971,fist
1693,fist
1479,fist
1413,fist
1496,fist
1656,fist
1774,fist
1878,fist
1660,fist
1482,fist
1725,fist
2103,fist
2313,fist
2343,fist
2177,fist
1986,fist
1866,fist
1781,fist
2001,fist
2178,fist
2075,fist
1681,fist
1434,fist
1414,fist
1548,fist
1663,fist
1788,fist
1918,fist
1663,fist
1503,fist
1752,fist
2113,fist
2302,fist
2296,fist
2099,fist
1902,fist
1876,fist
1949,fist
2144,fist
2244,fist
2039,fist
1632,fist
1440,fist
1388,fist
1460,fist
1641,fist
1748,fist
1837,fist
1624,fist
1471,fist
1730,fist
2117,fist
2316,fist
2393,fist
2172,fist
1971,fist
1865,fist
1834,fist
2164,fist
2336,fist
2038,fist
1608,fist
1406,fist
1379,fist
1461,fist
1656,fist
1788,fist
1879,fist
1633,fist
1476,fist
1734,fist
2099,fist
2317,fist
2352,fist
2229,fist
2009,fist
1887,fist
1787,fist
2021,fist
2201,fist
1961,fist
1597,fist
1439,fist
1407,fist
1452,fist
1636,fist
1774,fist
1886,fist
1682,fist
1538,fist
1790,fist
2118,fist
2323,fist
2338,fist
2202,fist
2003,fist
1896,fist
1809,fist
2044,fist
2219,fist
1946,fist
1564,fist
1406,fist
1403,fist
1480,fist
1682,fist
1859,fist
1958,fist
1677,fist
1487,fist
1743,fist
2106,fist
2314,fist
2346,fist
2188,fist
1983,fist
1875,fist
1774,fist
2002,fist
2176,fist
1993,fist
1640,fist
1449,fist
1436,fist
1548,fist
1689,fist
1789,fist
1876,fist
1658,fist
1491,fist
1726,fist
2101,fist
2326,fist
2353,fist
2197,fist
1993,fist
1870,fist
1774,fist
2031,fist
2272,fist
1980,fist
1573,fist
1397,fist
1383,fist
1427,fist
1664,fist
1791,fist
1918,fist
1736,fist
1532,fist
1742,fist
2156,fist
2433,fist
2369,fist
2178,fist
1990,fist
1892,fist
1797,fist
2008,fist
2191,fist
1946,fist
1590,fist
1417,fist
1405,fist
1484,fist
1664,fist
1795,fist
1895,fist
1673,fist
1482,fist
1720,fist
2096,fist
2314,fist
2359,fist
2223,fist
2018,fist
1914,fist
1777,fist
2015,fist
2172,fist
1892,fist
1582,fist
1443,fist
1453,fist
1498,fist
1663,fist
1820,fist
1917,fist
1710,fist
1461,fist
1679,fist
2067,fist
2268,fist
2336,fist
2269,fist
2104,fist
1946,fist
1882,fist
2069,fist
2203,fist
1922,fist
1563,fist
1425,fist
1410,fist
1472,fist
1658,fist
1789,fist
1887,fist
1668,fist
1488,fist
1729,fist
2104,fist
2332,fist
2356,fist
2197,fist
1998,fist
1887,fist
1798,fist
2014,fist
2207,fist
1956,fist
1601,fist
1437,fist
1414,fist
1489,fist
1668,fist
1784,fist
1889,fist
1683,fist
1468,fist
1706,fist
2123,fist
2392,fist
2362,fist
2198,fist
2011,fist
1918,fist
1811,fist
2006,fist
2194,fist
1953,fist
1605,fist
1422,fist
1401,fist
1520,fist
1666,fist
1800,fist
1885,fist
1662,fist
1464,fist
1713,fist
2101,fist
2361,fist
2390,fist
2198,fist
2006,fist
1899,fist
1794,fist
2013,fist
2218,fist
1956,fist
1599,fist
1432,fist
1418,fist
1495,fist
1664,fist
1791,fist
1885,fist
1677,fist
1481,fist
1721,fist
2092,fist
2318,fist
2358,fist
2213,fist
2008,fist
1900,fist
1780,fist
1975,fist
2205,fist
2006,fist
1667,fist
1480,fist
1447,fist
1503,fist
1675,fist
1799,fist
1881,fist
1644,fist
1427,fist
1696,fist
2092,fist
2324,fist
2359,fist
2213,fist
2023,fist
1897,fist
1795,fist
2010,fist
2225,fist
1985,fist
1617,fist
1433,fist
1416,fist
1487,fist
1648,fist
1777,fist
1885,fist
1698,fist
1493,fist
1690,fist
2066,fist
2311,fist
2350,fist
2210,fist
2080,fist
1993,fist
1834,fist
2002,fist
2190,fist
1939,fist
1593,fist
1434,fist
1427,fist
1491,fist
1684,fist
1793,fist
1883,fist
1678,fist
1479,fist
1722,fist
2096,fist
2325,fist
2354,fist
2200,fist
2006,fist
1898,fist
1803,fist
2005,fist
2213,fist
1965,fist
1622,fist
1439,fist
1419,fist
1497,fist
1668,fist
1797,fist
1888,fist
1681,fist
1485,fist
1730,fist
2098,fist
2335,fist
2366,fist
2210,fist
2014,fist
1894,fist
1803,fist
1998,fist
2206,fist
1963,fist
1609,fist
1435,fist
1423,fist
1490,fist
1666,fist
1790,fist
1897,fist
1692,fist
1491,fist
1727,fist
2102,fist
2336,fist
2367,fist
2197,fist
1993,fist
1894,fist
1784,fist
1984,fist
2202,fist
1962,fist
1612,fist
1449,fist
1463,fist
1499,fist
1661,fist
1780,fist
1884,fist
1691,fist
1479,fist
1711,fist
2091,fist
2349,fist
2357,fist
2187,fist
2045,fist
1931,fist
1817,fist
2007,fist
2204,fist
1953,fist
1611,fist
1439,fist
1420,fist
1489,fist
1664,fist
1790,fist
1876,fist
1677,fist
1476,fist
1722,fist
2097,fist
2335,fist
2366,fist
2206,fist
2012,fist
1896,fist
1802,fist
1997,fist
2212,fist
1960,fist
1609,fist
1446,fist
1435,fist
1498,fist
1668,fist
1791,fist
1886,fist
1693,fist
1484,fist
1722,fist
2083,fist
2316,fist
2363,fist
2205,fist
2013,fist
1901,fist
1803,fist
1995,fist
2211,fist
1963,fist
1618,fist
1446,fist
1427,fist
1492,fist
1667,fist
1796,fist
1896,fist
1699,fist
1490,fist
1720,fist
2082,fist
2309,fist
2358,fist
2209,fist
2002,fist
1909,fist
1839,fist
2030,fist
2221,fist
1912,fist
1569,fist
1475,fist
1402,fist
1513,fist
1714,fist
1811,fist
1868,fist
1679,fist
1477,fist
1724,fist
2101,fist
2380,fist
2387,fist
2213,fist
2011,fist
1895,fist
1793,fist
1971,fist
2166,fist
1937,fist
1601,fist
1424,fist
1413,fist
1479,fist
1643,fist
1782,fist
1871,fist
1675,fist
1449,fist
1698,fist
2119,fist
2357,fist
2390,fist
2301,fist
2097,fist
1945,fist
1823,fist
1988,fist
2195,fist
1950,fist
1609,fist
1425,fist
1403,fist
1474,fist
1651,fist
1776,fist
1878,fist
1700,fist
1478,fist
1719,fist
2082,fist
2315,fist
2358,fist
2204,fist
2009,fist
1902,fist
1803,fist
1979,fist
2211,fist
1968,fist
1617,fist
1439,fist
1424,fist
1500,fist
1669,fist
1796,fist
1890,fist
1696,fist
1477,fist
1700,fist
2063,fist
2321,fist
2382,fist
2255,fist
2072,fist
1885,fist
1800,fist
2002,fist
2198,fist
1945,fist
1605,fist
1427,fist
1421,fist
1526,fist
1678,fist
1782,fist
1862,fist
1701,fist
1496,fist
1698,fist
2063,fist
2312,fist
2370,fist
2214,fist
2014,fist
1899,fist
1808,fist
1990,fist
2172,fist
1930,fist
1603,fist
1408,fist
1403,fist
1484,fist
1690,fist
1841,fist
1909,fist
1750,fist
1547,fist
1768,fist
2057,fist
2279,fist
2362,fist
2199,fist
2022,fist
1939,fist
1839,fist
2017,fist
2196,fist
1932,fist
1600,fist
1433,fist
1428,fist
1498,fist
1644,fist
1768,fist
1860,fist
1693,fist
1513,fist
1750,fist
2068,fist
2281,fist
2337,fist
2187,fist
2018,fist
1890,fist
1833,fist
1996,fist
2199,fist
1958,fist
1634,fist
1479,fist
1442,fist
1467,fist
1603,fist
1750,fist
1897,fist
1769,fist
1573,fist
1747,fist
2090,fist
2309,fist
2338,fist
2183,fist
1983,fist
1895,fist
1815,fist
1962,fist
2184,fist
1950,fist
1618,fist
1458,fist
1441,fist
1498,fist
1667,fist
1819,fist
1927,fist
1736,fist
1497,fist
1730,fist
2077,fist
2308,fist
2356,fist
2206,fist
1995,fist
1889,fist
1801,fist
1952,fist
2174,fist
1937,fist
1599,fist
1425,fist
1426,fist
1491,fist
1670,fist
1802,fist
1899,fist
1732,fist
1514,fist
1740,fist
2082,fist
2325,fist
2385,fist
2220,fist
2002,fist
1908,fist
1812,fist
1958,fist
2181,fist
1939,fist
1599,fist
1431,fist
1415,fist
1486,fist
1652,fist
1785,fist
1882,fist
1766,fist
1561,fist
1785,fist
2095,fist
2313,fist
2356,fist
2222,fist
2021,fist
1901,fist
1756,fist
1889,fist
2105,fist
1904,fist
1626,fist
1493,fist
1493,fist
1520,fist
1690,fist
1813,fist
1912,fist
1732,fist
1550,fist
1733,fist
2038,fist
2279,fist
2345,fist
2166,fist
1971,fist
1836,fist
1821,fist
1971,fist
2161,fist
1981,fist
1713,fist
1488,fist
1449,fist
1505,fist
1661,fist
1783,fist
1890,fist
1746,fist
1510,fist
1711,fist
2044,fist
2290,fist
2336,fist
2192,fist
1991,fist
1909,fist
1858,fist
1987,fist
2189,fist
1904,fist
1586,fist
1428,fist
1411,fist
1503,fist
1679,fist
1817,fist
1923,fist
1756,fist
1520,fist
1751,fist
2081,fist
2274,fist
2312,fist
2173,fist
1998,fist
1902,fist
1830,fist
1988,fist
2209,fist
1966,fist
1668,fist
1456,fist
1408,fist
1493,fist
1714,fist
1813,fist
1888,fist
1707,fist
1470,fist
1696,fist
2026,fist
2291,fist
2356,fist
2214,fist
2021,fist
1904,fist
1863,fist
1984,fist
2179,fist
1974,fist
1650,fist
1450,fist
1362,fist
1399,fist
1555,fist
1679,fist
1846,fist
1741,fist
1611,fist
1878,fist
2117,fist
2239,fist
2257,fist
2154,fist
2038,fist
2057,fist
1971,fist
2017,fist
2152,fist
1926,fist
1686,fist
1529,fist
1483,fist
1499,fist
1617,fist
1769,fist
1851,fist
1678,fist
1434,fist
1685,fist
2060,fist
2319,fist
2347,fist
2223,fist
2024,fist
1910,fist
1784,fist
1928,fist
2177,fist
1987,fist
1676,fist
1482,fist
1425,fist
1424,fist
1562,fist
1745,fist
1861,fist
1700,fist
1492,fist
1786,fist
2177,fist
2410,fist
2476,fist
2280,fist
2021,fist
1847,fist
1754,fist
1962,fist
2256,fist
2018,fist
1670,fist
1448,fist
1357,fist
1400,fist
1604,fist
1683,fist
1823,fist
1708,fist
1518,fist
1751,fist
2056,fist
2221,fist
2278,fist
2227,fist
2137,fist
2094,fist
1906,fist
2013,fist
2213,fist
1968,fist
1577,fist
1394,fist
1425,fist
1390,fist
1487,fist
1710,fist
1900,fist
1766,fist
1561,fist
1747,fist
2101,fist
2362,fist
2418,fist
2228,fist
1972,fist
1834,fist
1722,fist
1878,fist
2189,fist
2076,fist
1760,fist
1501,fist
1532,fist
1646,fist
1756,fist
1705,fist
1707,fist
1527,fist
1392,fist
1706,fist
2066,fist
2269,fist
2396,fist
2296,fist
2121,fist
1962,fist
1795,fist
1969,fist
2223,fist
1939,fist
1566,fist
1442,fist
1432,fist
1474,fist
1666,fist
1813,fist
1944,fist
1780,fist
1533,fist
1748,fist
2070,fist
2326,fist
2371,fist
2150,fist
1974,fist
1936,fist
1829,fist
1915,fist
2149,fist
1875,fist
1590,fist
1416,fist
1403,fist
1449,fist
1638,fist
1745,fist
1882,fist
1822,fist
1582,fist
1792,fist
2103,fist
2347,fist
2324,fist
2171,fist
2020,fist
1913,fist
1844,fist
1938,fist
2205,fist
1967,fist
1625,fist
1418,fist
1370,fist
1470,fist
1711,fist
1893,fist
2052,fist
1866,fist
1486,fist
1546,fist
1893,fist
2124,fist
2288,fist
2169,fist
2011,fist
1877,fist
1857,fist
2038,fist
2306,fist
2052,fist
1683,fist
1457,fist
1420,fist
1414,fist
1579,fist
1716,fist
1883,fist
1876,fist
1596,fist
1755,fist
2178,fist
2374,fist
2313,fist
2115,fist
1945,fist
1831,fist
1838,fist
2062,fist
2275,fist
1978,fist
1596,fist
1355,fist
1353,fist
1472,fist
1674,fist
1761,fist
1849,fist
1724,fist
1450,fist
1693,fist
2032,fist
2225,fist
2274,fist
2246,fist
2273,fist
2123,fist
1876,fist
1918,fist
2184,fist
1959,fist
1636,fist
1442,fist
1397,fist
1466,fist
1645,fist
1752,fist
1854,fist
1733,fist
1499,fist
1757,fist
2096,fist
2323,fist
2355,fist
2179,fist
1951,fist
1848,fist
1745,fist
1912,fist
2205,fist
2036,fist
1748,fist
1476,fist
1410,fist
1484,fist
1670,fist
1784,fist
1897,fist
1778,fist
1484,fist
1695,fist
2046,fist
2273,fist
2322,fist
2165,fist
1978,fist
1887,fist
1875,fist
2036,fist
2304,fist
2038,fist
1672,fist
1448,fist
1410,fist
1466,fist
1629,fist
1758,fist
1882,fist
1768,fist
1479,fist
1674,fist
1976,fist
2203,fist
2259,fist
2193,fist
2148,fist
2066,fist
1794,fist
1843,fist
2122,fist
1966,fist
1683,fist
1540,fist
1559,fist
1517,fist
1629,fist
1762,fist
1905,fist
1767,fist
1468,fist
1698,fist
2014,fist
2262,fist
2333,fist
2203,fist
2078,fist
1929,fist
1831,fist
1950,fist
2192,fist
1994,fist
1639,fist
1388,fist
1333,fist
1406,fist
1599,fist
1786,fist
1989,fist
1888,fist
1587,fist
1730,fist
2060,fist
2276,fist
2299,fist
2190,fist
2011,fist
1873,fist
1828,fist
1989,fist
2241,fist
1957,fist
1655,fist
1466,fist
1428,fist
1471,fist
1653,fist
1769,fist
1828,fist
1705,fist
1488,fist
1762,fist
2116,fist
2305,fist
2333,fist
2188,fist
1999,fist
1880,fist
1792,fist
1950,fist
2209,fist
1977,fist
1693,fist
1484,fist
1477,fist
1527,fist
1641,fist
1761,fist
1844,fist
1726,fist
1539,fist
1729,fist
2021,fist
2268,fist
2341,fist
2232,fist
2014,fist
1888,fist
1802,fist
1937,fist
2247,fist
2038,fist
1678,fist
1428,fist
1390,fist
1456,fist
1637,fist
1777,fist
1889,fist
1745,fist
1461,fist
1681,fist
2030,fist
2289,fist
2358,fist
2225,fist
2060,fist
1941,fist
1821,fist
1941,fist
2245,fist
1984,fist
1656,fist
1447,fist
1415,fist
1481,fist
1653,fist
1777,fist
1883,fist
1728,fist
1417,fist
1628,fist
2003,fist
2327,fist
2425,fist
2224,fist
2070,fist
1937,fist
1808,fist
1947,fist
2285,fist
2024,fist
1685,fist
1448,fist
1416,fist
1453,fist
1610,fist
1726,fist
1839,fist
1741,fist
1459,fist
1711,fist
2065,fist
2281,fist
2355,fist
2218,fist
2002,fist
1839,fist
1741,fist
1891,fist
2275,fist
2141,fist
1848,fist
1517,fist
1420,fist
1450,fist
1625,fist
1758,fist
1903,fist
1721,fist
1431,fist
1664,fist
2004,fist
2278,fist
2393,fist
2251,fist
2026,fist
1904,fist
1823,fist
1954,fist
2231,fist
1997,fist
1633,fist
1403,fist
1373,fist
1462,fist
1653,fist
1797,fist
1900,fist
1811,fist
1531,fist
1692,fist
2030,fist
2266,fist
2340,fist
2201,fist
2012,fist
1940,fist
1879,fist
1961,fist
2226,fist
1971,fist
1652,fist
1422,fist
1397,fist
1494,fist
1669,fist
1783,fist
1878,fist
1749,fist
1474,fist
1693,fist
2025,fist
2261,fist
2330,fist
2201,fist
2018,fist
1906,fist
1801,fist
1937,fist
2332,fist
2071,fist
1669,fist
1431,fist
1412,fist
1475,fist
1642,fist
1777,fist
1856,fist
1732,fist
1465,fist
1695,fist
2059,fist
2322,fist
2433,fist
2228,fist
2019,fist
1899,fist
1809,fist
1929,fist
2203,fist
1944,fist
1617,fist
1401,fist
1349,fist
1402,fist
1713,fist
1971,fist
2016,fist
1774,fist
1419,fist
1632,fist
1997,fist
2249,fist
2371,fist
2218,fist
2004,fist
1866,fist
1836,fist
2083,fist
2267,fist
1982,fist
1659,fist
1439,fist
1427,fist
1482,fist
1639,fist
1782,fist
1885,fist
1744,fist
1392,fist
1637,fist
2016,fist
2333,fist
2394,fist
2206,fist
2004,fist
1884,fist
1838,fist
1970,fist
2266,fist
2054,fist
1674,fist
1442,fist
1409,fist
1470,fist
1637,fist
1758,fist
1870,fist
1739,fist
1449,fist
1678,fist
2059,fist
2312,fist
2352,fist
2170,fist
2030,fist
1943,fist
1810,fist
1929,fist
2323,fist
2024,fist
1658,fist
1460,fist
1410,fist
1479,fist
1654,fist
1759,fist
1849,fist
1724,fist
1445,fist
1710,fist
2071,fist
2300,fist
2372,fist
2208,fist
1992,fist
1851,fist
1764,fist
1920,fist
2247,fist
2125,fist
1743,fist
1453,fist
1462,fist
1519,fist
1614,fist
1714,fist
1854,fist
1755,fist
1466,fist
1686,fist
2026,fist
2283,fist
2358,fist
2225,fist
2069,fist
1953,fist
1822,fist
1923,fist
2227,fist
1989,fist
1659,fist
1433,fist
1408,fist
1467,fist
1629,fist
1771,fist
1879,fist
1763,fist
1458,fist
1693,fist
2050,fist
2298,fist
2373,fist
2226,fist
2022,fist
1904,fist
1806,fist
1925,fist
2212,fist
2002,fist
1723,fist
1471,fist
1437,fist
1483,fist
1618,fist
1718,fist
1815,fist
1719,fist
1449,fist
1677,fist
2060,fist
2350,fist
2465,fist
2257,fist
2095,fist
1942,fist
1783,fist
1888,fist
2226,fist
2010,fist
1652,fist
1441,fist
1389,fist
1469,fist
1658,fist
1804,fist
1889,fist
1753,fist
1455,fist
1682,fist
2026,fist
2283,fist
2365,fist
2227,fist
2026,fist
1913,fist
1810,fist
1919,fist
2229,fist
1989,fist
1673,fist
1448,fist
1421,fist
1478,fist
1639,fist
1751,fist
1862,fist
1777,fist
1478,fist
1701,fist
2031,fist
2297,fist
2377,fist
2226,fist
2025,fist
1904,fist
1836,fist
1933,fist
2256,fist
2002,fist
1688,fist
1442,fist
1404,fist
1473,fist
1636,fist
1759,fist
1849,fist
1757,fist
1458,fist
1647,fist
2010,fist
2332,fist
2483,fist
2254,fist
2031,fist
1895,fist
1796,fist
1903,fist
2245,fist
2027,fist
1673,fist
1445,fist
1399,fist
1458,fist
1625,fist
1762,fist
1893,fist
1768,fist
1474,fist
1701,fist
2056,fist
2297,fist
2371,fist
2231,fist
2028,fist
1906,fist
1803,fist
1912,fist
2233,fist
1995,fist
1673,fist
1444,fist
1417,fist
1480,fist
1645,fist
1762,fist
1873,fist
1750,fist
1441,fist
1687,fist
2035,fist
2308,fist
2364,fist
2221,fist
2029,fist
1906,fist
1834,fist
1966,fist
2253,fist
1983,fist
1665,fist
1435,fist
1410,fist
1474,fist
1610,fist
1718,fist
1832,fist
1791,fist
1496,fist
1697,fist
2027,fist
2359,fist
2483,fist
2282,fist
2065,fist
1890,fist
1793,fist
1907,fist
2218,fist
1981,fist
1656,fist
1438,fist
1406,fist
1461,fist
1622,fist
1760,fist
1866,fist
1782,fist
1474,fist
1696,fist
2036,fist
2291,fist
2375,fist
2232,fist
2035,fist
1904,fist
1808,fist
1915,fist
2243,fist
2001,fist
1681,fist
1451,fist
1417,fist
1471,fist
1637,fist
1784,fist
1873,fist
1771,fist
1461,fist
1671,fist
2018,fist
2303,fist
2391,fist
2229,fist
2017,fist
1900,fist
1810,fist
1900,fist
2228,fist
2057,fist
1733,fist
1455,fist
1402,fist
1457,fist
1626,fist
1765,fist
1869,fist
1777,fist
1462,fist
1690,fist
2034,fist
2286,fist
2378,fist
2238,fist
2042,fist
1914,fist
1815,fist
1908,fist
2239,fist
2001,fist
1666,fist
1433,fist
1417,fist
1475,fist
1633,fist
1773,fist
1883,fist
1790,fist
1471,fist
1690,fist
2024,fist
2288,fist
2377,fist
2235,fist
2041,fist
1915,fist
1817,fist
1911,fist
2232,fist
1997,fist
1684,fist
1451,fist
1418,fist
1468,fist
1631,fist
1770,fist
1875,fist
1773,fist
1460,fist
1692,fist
2025,fist
2289,fist
2382,fist
2235,fist
2042,fist
1916,fist
1819,fist
1909,fist
2237,fist
1995,fist
1679,fist
1448,fist
1408,fist
1463,fist
1629,fist
1769,fist
1878,fist
1787,fist
1469,fist
1692,fist
2026,fist
2282,fist
2381,fist
2241,fist
2039,fist
1916,fist
1824,fist
1913,fist
2247,fist
2003,fist
1682,fist
1444,fist
1410,fist
1466,fist
1627,fist
1760,fist
1868,fist
1783,fist
1457,fist
1682,fist
2024,fist
2291,fist
2409,fist
2253,fist
2042,fist
1914,fist
1812,fist
1899,fist
2241,fist
2001,fist
1685,fist
1450,fist
1412,fist
1464,fist
1630,fist
1770,fist
1873,fist
1780,fist
1460,fist
1683,fist
2026,fist
2291,fist
2384,fist
2239,fist
2043,fist
1913,fist
1812,fist
1906,fist
2242,fist
2005,fist
1677,fist
1445,fist
1864,bottle grip
2122,bottle grip
1952,bottle grip
1725,bottle grip
1570,bottle grip
1564,bottle grip
1610,bottle grip
1716,bottle grip
1814,bottle grip
1888,bottle grip
1845,bottle grip
1583,bottle grip
1743,bottle grip
1971,bottle grip
2148,bottle grip
2199,bottle grip
2094,bottle grip
1959,bottle grip
1885,bottle grip
1823,bottle grip
1867,bottle grip
2125,bottle grip
1949,bottle grip
1728,bottle grip
1570,bottle grip
1565,bottle grip
1609,bottle grip
1727,bottle grip
1814,bottle grip
1883,bottle grip
1839,bottle grip
1577,bottle grip
1747,bottle grip
1974,bottle grip
2142,bottle grip
2197,bottle grip
2100,bottle grip
1965,bottle grip
1888,bottle grip
1823,bottle grip
1869,bottle grip
2121,bottle grip
1948,bottle grip
1724,bottle grip
1569,bottle grip
1564,bottle grip
1613,bottle grip
1726,bottle grip
1816,bottle grip
1889,bottle grip
1836,bottle grip
1588,bottle grip
1749,bottle grip
1978,bottle grip
2142,bottle grip
2190,bottle grip
2091,bottle grip
1961,bottle grip
1882,bottle grip
1819,bottle grip
1876,bottle grip
2121,bottle grip
1952,bottle grip
1722,bottle grip
1574,bottle grip
1566,bottle grip
1610,bottle grip
1721,bottle grip
1811,bottle grip
1882,bottle grip
1830,bottle grip
1584,bottle grip
1754,bottle grip
1982,bottle grip
2150,bottle grip
2197,bottle grip
2090,bottle grip
1956,bottle grip
1879,bottle grip
1819,bottle grip
1881,bottle grip
2122,bottle grip
1947,bottle grip
1713,bottle grip
1562,bottle grip
1562,bottle grip
1609,bottle grip
1726,bottle grip
1815,bottle grip
1885,bottle grip
1827,bottle grip
1587,bottle grip
1755,bottle grip
1986,bottle grip
2153,bottle grip
2198,bottle grip
2091,bottle grip
1958,bottle grip
1880,bottle grip
1819,bottle grip
1883,bottle grip
2125,bottle grip
1945,bottle grip
1710,bottle grip
1563,bottle grip
1563,bottle grip
1609,bottle grip
1727,bottle grip
1815,bottle grip
1883,bottle grip
1820,bottle grip
1581,bottle grip
1756,bottle grip
1992,bottle grip
2152,bottle grip
2199,bottle grip
2088,bottle grip
1957,bottle grip
1883,bottle grip
1822,bottle grip
1889,bottle grip
2114,bottle grip
1939,bottle grip
1710,bottle grip
1564,bottle grip
1560,bottle grip
1613,bottle grip
1732,bottle grip
1816,bottle grip
1887,bottle grip
1814,bottle grip
1583,bottle grip
1761,bottle grip
1992,bottle grip
2155,bottle grip
2196,bottle grip
2093,bottle grip
1956,bottle grip
1879,bottle grip
1816,bottle grip
1892,bottle grip
2120,bottle grip
1936,bottle grip
1709,bottle grip
1563,bottle grip
1568,bottle grip
1614,bottle grip
1727,bottle grip
1818,bottle grip
1891,bottle grip
1815,bottle grip
1586,bottle grip
1757,bottle grip
1990,bottle grip
2156,bottle grip
2192,bottle grip
2087,bottle grip
1955,bottle grip
1877,bottle grip
1818,bottle grip
1897,bottle grip
2123,bottle grip
1944,bottle grip
1703,bottle grip
1564,bottle grip
1563,bottle grip
1616,bottle grip
1734,bottle grip
1820,bottle grip
1889,bottle grip
1807,bottle grip
1585,bottle grip
1757,bottle grip
2000,bottle grip
2158,bottle grip
2189,bottle grip
2085,bottle grip
1949,bottle grip
1880,bottle grip
1815,bottle grip
1897,bottle grip
2117,bottle grip
1942,bottle grip
1704,bottle grip
1568,bottle grip
1568,bottle grip
1614,bottle grip
1734,bottle grip
1820,bottle grip
1891,bottle grip
1806,bottle grip
1588,bottle grip
1762,bottle grip
1996,bottle grip
2163,bottle grip
2190,bottle grip
2082,bottle grip
1949,bottle grip
1879,bottle grip
1816,bottle grip
1910,bottle grip
2121,bottle grip
1939,bottle grip
1696,bottle grip
1563,bottle grip
1565,bottle grip
1616,bottle grip
1734,bottle grip
1819,bottle grip
1888,bottle grip
1795,bottle grip
1590,bottle grip
1763,bottle grip
2003,bottle grip
2164,bottle grip
2194,bottle grip
2082,bottle grip
1947,bottle grip
1876,bottle grip
1814,bottle grip
1911,bottle grip
2115,bottle grip
1937,bottle grip
1694,bottle grip
1561,bottle grip
1570,bottle grip
1617,bottle grip
1736,bottle grip
1824,bottle grip
1895,bottle grip
1795,bottle grip
1590,bottle grip
1761,bottle grip
2007,bottle grip
2166,bottle grip
2190,bottle grip
2078,bottle grip
1945,bottle grip
1873,bottle grip
1810,bottle grip
1913,bottle grip
2112,bottle grip
1936,bottle grip
1698,bottle grip
1570,bottle grip
1568,bottle grip
1616,bottle grip
1737,bottle grip
1820,bottle grip
1891,bottle grip
1793,bottle grip
1586,bottle grip
1762,bottle grip
2008,bottle grip
2164,bottle grip
2188,bottle grip
2078,bottle grip
1948,bottle grip
1871,bottle grip
1815,bottle grip
1922,bottle grip
2111,bottle grip
1925,bottle grip
1687,bottle grip
1563,bottle grip
1573,bottle grip
1622,bottle grip
1740,bottle grip
1825,bottle grip
1889,bottle grip
1783,bottle grip
1591,bottle grip
1764,bottle grip
2003,bottle grip
2165,bottle grip
2188,bottle grip
2077,bottle grip
1943,bottle grip
1872,bottle grip
1813,bottle grip
1927,bottle grip
2117,bottle grip
1931,bottle grip
1690,bottle grip
1562,bottle grip
1574,bottle grip
1624,bottle grip
1739,bottle grip
1825,bottle grip
1892,bottle grip
1786,bottle grip
1593,bottle grip
1770,bottle grip
2012,bottle grip
2166,bottle grip
2185,bottle grip
2075,bottle grip
1937,bottle grip
1874,bottle grip
1811,bottle grip
1929,bottle grip
2110,bottle grip
1932,bottle grip
1687,bottle grip
1566,bottle grip
1572,bottle grip
1621,bottle grip
1738,bottle grip
1827,bottle grip
1893,bottle grip
1779,bottle grip
1597,bottle grip
1774,bottle grip
2020,bottle grip
2173,bottle grip
2187,bottle grip
2069,bottle grip
1939,bottle grip
1873,bottle grip
1807,bottle grip
1936,bottle grip
2112,bottle grip
1931,bottle grip
1680,bottle grip
1561,bottle grip
1574,bottle grip
1625,bottle grip
1739,bottle grip
1821,bottle grip
1890,bottle grip
1760,bottle grip
1585,bottle grip
1759,bottle grip
2024,bottle grip
2186,bottle grip
2196,bottle grip
2078,bottle grip
1943,bottle grip
1868,bottle grip
1811,bottle grip
1938,bottle grip
2102,bottle grip
1921,bottle grip
1681,bottle grip
1563,bottle grip
1574,bottle grip
1629,bottle grip
1748,bottle grip
1833,bottle grip
1900,bottle grip
1774,bottle grip
1602,bottle grip
1773,bottle grip
2019,bottle grip
2174,bottle grip
2189,bottle grip
2079,bottle grip
1936,bottle grip
1863,bottle grip
1809,bottle grip
1946,bottle grip
2122,bottle grip
1935,bottle grip
1674,bottle grip
1557,bottle grip
1576,bottle grip
1627,bottle grip
1734,bottle grip
1820,bottle grip
1888,bottle grip
1769,bottle grip
1599,bottle grip
1777,bottle grip
2034,bottle grip
2202,bottle grip
2210,bottle grip
2087,bottle grip
1946,bottle grip
1875,bottle grip
1795,bottle grip
1900,bottle grip
2048,bottle grip
1887,bottle grip
1650,bottle grip
1563,bottle grip
1583,bottle grip
1635,bottle grip
1756,bottle grip
1838,bottle grip
1900,bottle grip
1769,bottle grip
1611,bottle grip
1778,bottle grip
2019,bottle grip
2168,bottle grip
2193,bottle grip
2073,bottle grip
1932,bottle grip
1872,bottle grip
1812,bottle grip
1955,bottle grip
2117,bottle grip
1910,bottle grip
1656,bottle grip
1554,bottle grip
1576,bottle grip
1633,bottle grip
1758,bottle grip
1843,bottle grip
1910,bottle grip
1762,bottle grip
1601,bottle grip
1769,bottle grip
2013,bottle grip
2177,bottle grip
2181,bottle grip
2066,bottle grip
1938,bottle grip
1883,bottle grip
1824,bottle grip
1965,bottle grip
2107,bottle grip
1919,bottle grip
1667,bottle grip
1539,bottle grip
1551,bottle grip
1612,bottle grip
1750,bottle grip
1836,bottle grip
1898,bottle grip
1751,bottle grip
1602,bottle grip
1784,bottle grip
2033,bottle grip
2179,bottle grip
2177,bottle grip
2065,bottle grip
1921,bottle grip
1863,bottle grip
1809,bottle grip
1954,bottle grip
2111,bottle grip
1940,bottle grip
1685,bottle grip
1577,bottle grip
1567,bottle grip
1625,bottle grip
1752,bottle grip
1832,bottle grip
1888,bottle grip
1749,bottle grip
1607,bottle grip
1774,bottle grip
2026,bottle grip
2171,bottle grip
2180,bottle grip
2079,bottle grip
1928,bottle grip
1852,bottle grip
1800,bottle grip
1933,bottle grip
2062,bottle grip
1907,bottle grip
1677,bottle grip
1597,bottle grip
1615,bottle grip
1647,bottle grip
1767,bottle grip
1824,bottle grip
1869,bottle grip
1733,bottle grip
1596,bottle grip
1769,bottle grip
2026,bottle grip
2178,bottle grip
2180,bottle grip
2070,bottle grip
1931,bottle grip
1880,bottle grip
1833,bottle grip
1963,bottle grip
2101,bottle grip
1906,bottle grip
1647,bottle grip
1576,bottle grip
1596,bottle grip
1650,bottle grip
1782,bottle grip
1855,bottle grip
1899,bottle grip
1720,bottle grip
1572,bottle grip
1771,bottle grip
2027,bottle grip
2179,bottle grip
2159,bottle grip
2055,bottle grip
1917,bottle grip
1858,bottle grip
1818,bottle grip
1982,bottle grip
2116,bottle grip
1938,bottle grip
1690,bottle grip
1609,bottle grip
1619,bottle grip
1664,bottle grip
1761,bottle grip
1825,bottle grip
1839,bottle grip
1648,bottle grip
1578,bottle grip
1786,bottle grip
2031,bottle grip
2187,bottle grip
2198,bottle grip
2075,bottle grip
1934,bottle grip
1872,bottle grip
1823,bottle grip
1988,bottle grip
2103,bottle grip
1906,bottle grip
1654,bottle grip
1555,bottle grip
1577,bottle grip
1611,bottle grip
1704,bottle grip
1812,bottle grip
1920,bottle grip
1781,bottle grip
1653,bottle grip
1816,bottle grip
2076,bottle grip
2214,bottle grip
2150,bottle grip
2007,bottle grip
1903,bottle grip
1853,bottle grip
1779,bottle grip
1951,bottle grip
2075,bottle grip
1888,bottle grip
1646,bottle grip
1556,bottle grip
1595,bottle grip
1642,bottle grip
1747,bottle grip
1826,bottle grip
1892,bottle grip
1738,bottle grip
1630,bottle grip
1826,bottle grip
2089,bottle grip
2204,bottle grip
2197,bottle grip
2070,bottle grip
1917,bottle grip
1832,bottle grip
1780,bottle grip
1980,bottle grip
2096,bottle grip
1920,bottle grip
1672,bottle grip
1579,bottle grip
1613,bottle grip
1664,bottle grip
1782,bottle grip
1830,bottle grip
1857,bottle grip
1678,bottle grip
1559,bottle grip
1786,bottle grip
2054,bottle grip
2191,bottle grip
2174,bottle grip
2056,bottle grip
1950,bottle grip
1891,bottle grip
1830,bottle grip
1995,bottle grip
2097,bottle grip
1895,bottle grip
1629,bottle grip
1552,bottle grip
1579,bottle grip
1622,bottle grip
1743,bottle grip
1852,bottle grip
1911,bottle grip
1730,bottle grip
1626,bottle grip
1825,bottle grip
2081,bottle grip
2168,bottle grip
2188,bottle grip
2089,bottle grip
1938,bottle grip
1862,bottle grip
1733,bottle grip
1909,bottle grip
2002,bottle grip
1887,bottle grip
1679,bottle grip
1590,bottle grip
1578,bottle grip
1617,bottle grip
1712,bottle grip
1775,bottle grip
1884,bottle grip
1735,bottle grip
1639,bottle grip
1836,bottle grip
2109,bottle grip
2220,bottle grip
2176,bottle grip
2073,bottle grip
1956,bottle grip
1905,bottle grip
1842,bottle grip
2039,bottle grip
2099,bottle grip
1882,bottle grip
1622,bottle grip
1507,bottle grip
1518,bottle grip
1529,bottle grip
1732,bottle grip
1846,bottle grip
1911,bottle grip
1742,bottle grip
1634,bottle grip
1804,bottle grip
2056,bottle grip
2195,bottle grip
2190,bottle grip
2077,bottle grip
1922,bottle grip
1868,bottle grip
1816,bottle grip
2011,bottle grip
2103,bottle grip
1941,bottle grip
1650,bottle grip
1549,bottle grip
1569,bottle grip
1614,bottle grip
1696,bottle grip
1763,bottle grip
1881,bottle grip
1718,bottle grip
1642,bottle grip
1817,bottle grip
2069,bottle grip
2220,bottle grip
2210,bottle grip
2085,bottle grip
1933,bottle grip
1856,bottle grip
1803,bottle grip
1989,bottle grip
2059,bottle grip
1901,bottle grip
1643,bottle grip
1576,bottle grip
1571,bottle grip
1629,bottle grip
1769,bottle grip
1847,bottle grip
1914,bottle grip
1737,bottle grip
1668,bottle grip
1823,bottle grip
2057,bottle grip
2164,bottle grip
2141,bottle grip
2041,bottle grip
1909,bottle grip
1832,bottle grip
1753,bottle grip
1956,bottle grip
2058,bottle grip
1890,bottle grip
1605,bottle grip
1552,bottle grip
1585,bottle grip
1658,bottle grip
1780,bottle grip
1856,bottle grip
1911,bottle grip
1736,bottle grip
1659,bottle grip
1816,bottle grip
2066,bottle grip
2217,bottle grip
2178,bottle grip
2012,bottle grip
1897,bottle grip
1853,bottle grip
1798,bottle grip
2005,bottle grip
2104,bottle grip
1900,bottle grip
1637,bottle grip
1584,bottle grip
1583,bottle grip
1601,bottle grip
1740,bottle grip
1841,bottle grip
1901,bottle grip
1709,bottle grip
1638,bottle grip
1819,bottle grip
2066,bottle grip
2165,bottle grip
2142,bottle grip
2056,bottle grip
1935,bottle grip
1874,bottle grip
1807,bottle grip
2056,bottle grip
2140,bottle grip
1973,bottle grip
1669,bottle grip
1494,bottle grip
1438,bottle grip
1526,bottle grip
1702,bottle grip
1842,bottle grip
1917,bottle grip
1720,bottle grip
1643,bottle grip
1826,bottle grip
2076,bottle grip
2191,bottle grip
2156,bottle grip
2057,bottle grip
1929,bottle grip
1873,bottle grip
1826,bottle grip
2027,bottle grip
2082,bottle grip
1894,bottle grip
1623,bottle grip
1558,bottle grip
1575,bottle grip
1657,bottle grip
1791,bottle grip
1843,bottle grip
1893,bottle grip
1689,bottle grip
1612,bottle grip
1789,bottle grip
2068,bottle grip
2186,bottle grip
2161,bottle grip
2053,bottle grip
1925,bottle grip
1870,bottle grip
1814,bottle grip
2023,bottle grip
2075,bottle grip
1902,bottle grip
1642,bottle grip
1570,bottle grip
1600,bottle grip
1658,bottle grip
1771,bottle grip
1825,bottle grip
1878,bottle grip
1661,bottle grip
1609,bottle grip
1808,bottle grip
2074,bottle grip
2199,bottle grip
2163,bottle grip
2053,bottle grip
1925,bottle grip
1855,bottle grip
1805,bottle grip
2046,bottle grip
2102,bottle grip
1913,bottle grip
1642,bottle grip
1561,bottle grip
1564,bottle grip
1604,bottle grip
1755,bottle grip
1828,bottle grip
1909,bottle grip
1700,bottle grip
1637,bottle grip
1787,bottle grip
2068,bottle grip
2213,bottle grip
2169,bottle grip
2050,bottle grip
1897,bottle grip
1813,bottle grip
1798,bottle grip
2034,bottle grip
2097,bottle grip
1913,bottle grip
1636,bottle grip
1563,bottle grip
1576,bottle grip
1625,bottle grip
1752,bottle grip
1845,bottle grip
1905,bottle grip
1692,bottle grip
1640,bottle grip
1818,bottle grip
2086,bottle grip
2203,bottle grip
2158,bottle grip
2052,bottle grip
1915,bottle grip
1849,bottle grip
1804,bottle grip
2025,bottle grip
2064,bottle grip
1881,bottle grip
1618,bottle grip
1562,bottle grip
1584,bottle grip
1636,bottle grip
1763,bottle grip
1842,bottle grip
1900,bottle grip
1683,bottle grip
1643,bottle grip
1823,bottle grip
2081,bottle grip
2204,bottle grip
2156,bottle grip
2041,bottle grip
1924,bottle grip
1856,bottle grip
1804,bottle grip
2030,bottle grip
2065,bottle grip
1883,bottle grip
1620,bottle grip
1570,bottle grip
1586,bottle grip
1639,bottle grip
1766,bottle grip
1853,bottle grip
1895,bottle grip
1670,bottle grip
1634,bottle grip
1816,bottle grip
2083,bottle grip
2197,bottle grip
2158,bottle grip
2046,bottle grip
1919,bottle grip
1849,bottle grip
1804,bottle grip
2034,bottle grip
2063,bottle grip
1878,bottle grip
1624,bottle grip
1569,bottle grip
1589,bottle grip
1647,bottle grip
1771,bottle grip
1850,bottle grip
1895,bottle grip
1670,bottle grip
1640,bottle grip
1817,bottle grip
2084,bottle grip
2198,bottle grip
2148,bottle grip
2043,bottle grip
1920,bottle grip
1860,bottle grip
1810,bottle grip
2039,bottle grip
2061,bottle grip
1880,bottle grip
1619,bottle grip
1565,bottle grip
1586,bottle grip
1645,bottle grip
1769,bottle grip
1847,bottle grip
1898,bottle grip
1663,bottle grip
1645,bottle grip
1822,bottle grip
2081,bottle grip
2200,bottle grip
2152,bottle grip
2043,bottle grip
1915,bottle grip
1853,bottle grip
1806,bottle grip
2042,bottle grip
2058,bottle grip
1875,bottle grip
1618,bottle grip
1564,bottle grip
1588,bottle grip
1645,bottle grip
1769,bottle grip
1843,bottle grip
1893,bottle grip
1663,bottle grip
1640,bottle grip
1826,bottle grip
2081,bottle grip
2204,bottle grip
2153,bottle grip
2040,bottle grip
1923,bottle grip
1855,bottle grip
1808,bottle grip
2047,bottle grip
2058,bottle grip
1871,bottle grip
1612,bottle grip
1567,bottle grip
1591,bottle grip
1647,bottle grip
1771,bottle grip
1848,bottle grip
1899,bottle grip
1659,bottle grip
1653,bottle grip
1832,bottle grip
2084,bottle grip
2202,bottle grip
2148,bottle grip
2036,bottle grip
1911,bottle grip
1852,bottle grip
1804,bottle grip
2053,bottle grip
2056,bottle grip
1872,bottle grip
1609,bottle grip
1565,bottle grip
1590,bottle grip
1649,bottle grip
1774,bottle grip
1849,bottle grip
1900,bottle grip
1655,bottle grip
1655,bottle grip
1831,bottle grip
2090,bottle grip
2200,bottle grip
2147,bottle grip
2038,bottle grip
1921,bottle grip
1853,bottle grip
1810,bottle grip
2059,bottle grip
2055,bottle grip
1865,bottle grip
1615,bottle grip
1557,bottle grip
1583,bottle grip
1650,bottle grip
1774,bottle grip
1846,bottle grip
1897,bottle grip
1651,bottle grip
1655,bottle grip
1836,bottle grip
2087,bottle grip
2198,bottle grip
2144,bottle grip
2031,bottle grip
1915,bottle grip
1850,bottle grip
1811,bottle grip
2066,bottle grip
2056,bottle grip
1868,bottle grip
1611,bottle grip
1564,bottle grip
1592,bottle grip
1656,bottle grip
1776,bottle grip
1855,bottle grip
1902,bottle grip
1646,bottle grip
1653,bottle grip
1841,bottle grip
2098,bottle grip
2200,bottle grip
2139,bottle grip
2027,bottle grip
1916,bottle grip
1857,bottle grip
1810,bottle grip
2068,bottle grip
2045,bottle grip
1859,bottle grip
1604,bottle grip
1561,bottle grip
1587,bottle grip
1651,bottle grip
1775,bottle grip
1849,bottle grip
1899,bottle grip
1643,bottle grip
1660,bottle grip
1838,bottle grip
2099,bottle grip
2203,bottle grip
2136,bottle grip
2028,bottle grip
1912,bottle grip
1845,bottle grip
1804,bottle grip
2070,bottle grip
2048,bottle grip
1859,bottle grip
1608,bottle grip
1564,bottle grip
1594,bottle grip
1661,bottle grip
1781,bottle grip
1859,bottle grip
1903,bottle grip
1643,bottle grip
1664,bottle grip
1851,bottle grip
2095,bottle grip
2204,bottle grip
2141,bottle grip
2033,bottle grip
1914,bottle grip
1846,bottle grip
1804,bottle grip
2069,bottle grip
2042,bottle grip
1855,bottle grip
1604,bottle grip
1564,bottle grip
1594,bottle grip
1656,bottle grip
1774,bottle grip
1856,bottle grip
1896,bottle grip
1638,bottle grip
1665,bottle grip
1851,bottle grip
2093,bottle grip
2206,bottle grip
2142,bottle grip
2029,bottle grip
1911,bottle grip
1846,bottle grip
1802,bottle grip
2075,bottle grip
2040,bottle grip
1855,bottle grip
1602,bottle grip
1561,bottle grip
1598,bottle grip
1664,bottle grip
1782,bottle grip
1855,bottle grip
1897,bottle grip
1629,bottle grip
1656,bottle grip
1848,bottle grip
2098,bottle grip
2209,bottle grip
2144,bottle grip
2028,bottle grip
1913,bottle grip
1849,bottle grip
1801,bottle grip
2077,bottle grip
2037,bottle grip
1852,bottle grip
1593,bottle grip
1555,bottle grip
1593,bottle grip
1655,bottle grip
1772,bottle grip
1853,bottle grip
1905,bottle grip
1634,bottle grip
1670,bottle grip
1857,bottle grip
2104,bottle grip
2205,bottle grip
2137,bottle grip
2022,bottle grip
1909,bottle grip
1840,bottle grip
1804,bottle grip
2085,bottle grip
2038,bottle grip
1835,bottle grip
1596,bottle grip
1562,bottle grip
1593,bottle grip
1665,bottle grip
1785,bottle grip
1857,bottle grip
1897,bottle grip
1631,bottle grip
1680,bottle grip
1860,bottle grip
2102,bottle grip
2204,bottle grip
2136,bottle grip
2024,bottle grip
1910,bottle grip
1845,bottle grip
1804,bottle grip
2086,bottle grip
2029,bottle grip
1838,bottle grip
1599,bottle grip
1560,bottle grip
1589,bottle grip
1656,bottle grip
1787,bottle grip
1863,bottle grip
1895,bottle grip
1614,bottle grip
1672,bottle grip
1864,bottle grip
2108,bottle grip
2210,bottle grip
2132,bottle grip
2020,bottle grip
1910,bottle grip
1848,bottle grip
1805,bottle grip
2087,bottle grip
2030,bottle grip
1838,bottle grip
1601,bottle grip
1567,bottle grip
1601,bottle grip
1666,bottle grip
1791,bottle grip
1861,bottle grip
1894,bottle grip
1614,bottle grip
1670,bottle grip
1863,bottle grip
2104,bottle grip
2208,bottle grip
2133,bottle grip
2013,bottle grip
1907,bottle grip
1839,bottle grip
1797,bottle grip
2081,bottle grip
2022,bottle grip
1831,bottle grip
1597,bottle grip
1561,bottle grip
1601,bottle grip
1669,bottle grip
1788,bottle grip
1859,bottle grip
1905,bottle grip
1619,bottle grip
1682,bottle grip
1867,bottle grip
2107,bottle grip
2208,bottle grip
2133,bottle grip
2016,bottle grip
1902,bottle grip
1843,bottle grip
1803,bottle grip
2085,bottle grip
2025,bottle grip
1829,bottle grip
1586,bottle grip
1558,bottle grip
1592,bottle grip
1673,bottle grip
1792,bottle grip
1862,bottle grip
1904,bottle grip
1624,bottle grip
1682,bottle grip
1873,bottle grip
2105,bottle grip
2207,bottle grip
2132,bottle grip
2014,bottle grip
1897,bottle grip
1837,bottle grip
1804,bottle grip
2091,bottle grip
2019,bottle grip
1824,bottle grip
1594,bottle grip
1563,bottle grip
1600,bottle grip
1671,bottle grip
1788,bottle grip
1864,bottle grip
1904,bottle grip
1610,bottle grip
1683,bottle grip
1873,bottle grip
2107,bottle grip
2202,bottle grip
2123,bottle grip
2011,bottle grip
1903,bottle grip
1837,bottle grip
1799,bottle grip
2090,bottle grip
2017,bottle grip
1821,bottle grip
1596,bottle grip
1557,bottle grip
1601,bottle grip
1672,bottle grip
1788,bottle grip
1864,bottle grip
1902,bottle grip
1617,bottle grip
1691,bottle grip
1885,bottle grip
2114,bottle grip
2211,bottle grip
2129,bottle grip
2008,bottle grip
1902,bottle grip
1837,bottle grip
1801,bottle grip
2094,bottle grip
2017,bottle grip
1821,bottle grip
1595,bottle grip
1561,bottle grip
1598,bottle grip
1675,bottle grip
1788,bottle grip
1865,bottle grip
1902,bottle grip
1607,bottle grip
1678,bottle grip
1878,bottle grip
2103,bottle grip
2203,bottle grip
2123,bottle grip
2011,bottle grip
1906,bottle grip
1839,bottle grip
1811,bottle grip
2100,bottle grip
2014,bottle grip
1819,bottle grip
1594,bottle grip
1562,bottle grip
1599,bottle grip
1672,bottle grip
1793,bottle grip
1866,bottle grip
1905,bottle grip
1612,bottle grip
1688,bottle grip
1886,bottle grip
2111,bottle grip
2210,bottle grip
2124,bottle grip
2002,bottle grip
1903,bottle grip
1839,bottle grip
1801,bottle grip
2100,bottle grip
2012,bottle grip
1812,bottle grip
1587,bottle grip
1560,bottle grip
1601,bottle grip
1678,bottle grip
1792,bottle grip
1864,bottle grip
1905,bottle grip
1608,bottle grip
1697,bottle grip
1887,bottle grip
2115,bottle grip
2208,bottle grip
2124,bottle grip
2008,bottle grip
1901,bottle grip
1833,bottle grip
1800,bottle grip
2097,bottle grip
2008,bottle grip
1812,bottle grip
1585,bottle grip
1554,bottle grip
1599,bottle grip
1680,bottle grip
1787,bottle grip
1865,bottle grip
1907,bottle grip
1610,bottle grip
1699,bottle grip
1892,bottle grip
2107,bottle grip
2203,bottle grip
2121,bottle grip
2000,bottle grip
1895,bottle grip
1832,bottle grip
1796,bottle grip
2096,bottle grip
2011,bottle grip
1806,bottle grip
1589,bottle grip
1563,bottle grip
1603,bottle grip
1684,bottle grip
1789,bottle grip
1868,bottle grip
1904,bottle grip
1608,bottle grip
1694,bottle grip
1899,bottle grip
2113,bottle grip
2209,bottle grip
2124,bottle grip
1997,bottle grip
1900,bottle grip
1830,bottle grip
1798,bottle grip
2102,bottle grip
2003,bottle grip
1802,bottle grip
1586,bottle grip
1559,bottle grip
1597,bottle grip
1684,bottle grip
1795,bottle grip
1864,bottle grip
1906,bottle grip
1604,bottle grip
1697,bottle grip
1890,bottle grip
2112,bottle grip
2209,bottle grip
2120,bottle grip
1999,bottle grip
1894,bottle grip
1832,bottle grip
1802,bottle grip
2110,bottle grip
2003,bottle grip
1804,bottle grip
1590,bottle grip
1565,bottle grip
1603,bottle grip
1686,bottle grip
1797,bottle grip
1873,bottle grip
1907,bottle grip
1592,bottle grip
1699,bottle grip
1903,bottle grip
2110,bottle grip
2208,bottle grip
2120,bottle grip
2003,bottle grip
1896,bottle grip
1832,bottle grip
1801,bottle grip
2108,bottle grip
1999,bottle grip
1796,bottle grip
1589,bottle grip
1566,bottle grip
1607,bottle grip
1687,bottle grip
1794,bottle grip
1867,bottle grip
1903,bottle grip
1604,bottle grip
1704,bottle grip
1905,bottle grip
2115,bottle grip
2202,bottle grip
2115,bottle grip
1989,bottle grip
1891,bottle grip
1830,bottle grip
1800,bottle grip
2104,bottle grip
1989,bottle grip
1794,bottle grip
1586,bottle grip
1567,bottle grip
1603,bottle grip
1694,bottle grip
1806,bottle grip
1873,bottle grip
1912,bottle grip
1604,bottle grip
1710,bottle grip
1901,bottle grip
2118,bottle grip
2211,bottle grip
2122,bottle grip
1996,bottle grip
1894,bottle grip
1830,bottle grip
1797,bottle grip
2106,bottle grip
1988,bottle grip
1789,bottle grip
1589,bottle grip
1566,bottle grip
1605,bottle grip
1691,bottle grip
1805,bottle grip
1870,bottle grip
1907,bottle grip
1601,bottle grip
1716,bottle grip
1914,bottle grip
2114,bottle grip
2203,bottle grip
2115,bottle grip
1992,bottle grip
1895,bottle grip
1834,bottle grip
1801,bottle grip
2111,bottle grip
1989,bottle grip
1784,bottle grip
1586,bottle grip
1561,bottle grip
1607,bottle grip
1695,bottle grip
1798,bottle grip
1871,bottle grip
1909,bottle grip
1599,bottle grip
1713,bottle grip
1919,bottle grip
2116,bottle grip
2205,bottle grip
2111,bottle grip
1987,bottle grip
1894,bottle grip
1831,bottle grip
1796,bottle grip
2109,bottle grip
1982,bottle grip
1782,bottle grip
1583,bottle grip
1567,bottle grip
1609,bottle grip
1696,bottle grip
1801,bottle grip
1876,bottle grip
1914,bottle grip
1599,bottle grip
1712,bottle grip
1919,bottle grip
2119,bottle grip
2205,bottle grip
2113,bottle grip
1989,bottle grip
1891,bottle grip
1833,bottle grip
1796,bottle grip
2110,bottle grip
1985,bottle grip
1777,bottle grip
1580,bottle grip
1562,bottle grip
1610,bottle grip
1689,bottle grip
1795,bottle grip
1871,bottle grip
1908,bottle grip
1600,bottle grip
1721,bottle grip
1919,bottle grip
2119,bottle grip
2204,bottle grip
2112,bottle grip
1989,bottle grip
1893,bottle grip
1832,bottle grip
1803,bottle grip
2117,bottle grip
1983,bottle grip
1771,bottle grip
1578,bottle grip
1561,bottle grip
1605,bottle grip
1703,bottle grip
1814,bottle grip
1883,bottle grip
1903,bottle grip
1587,bottle grip
1704,bottle grip
1929,bottle grip
2125,bottle grip
2210,bottle grip
2118,bottle grip
1980,bottle grip
1881,bottle grip
1824,bottle grip
1796,bottle grip
2113,bottle grip
1982,bottle grip
1775,bottle grip
1583,bottle grip
1564,bottle grip
1612,bottle grip
1701,bottle grip
1800,bottle grip
1869,bottle grip
1903,bottle grip
1590,bottle grip
1723,bottle grip
1930,bottle grip
2126,bottle grip
2209,bottle grip
2115,bottle grip
1982,bottle grip
1887,bottle grip
1821,bottle grip
1804,bottle grip
2116,bottle grip
1981,bottle grip
1768,bottle grip
1579,bottle grip
1565,bottle grip
1608,bottle grip
1700,bottle grip
1806,bottle grip
1866,bottle grip
1902,bottle grip
1596,bottle grip
1726,bottle grip
1940,bottle grip
2134,bottle grip
2201,bottle grip
2109,bottle grip
1991,bottle grip
1897,bottle grip
1829,bottle grip
1800,bottle grip
2106,bottle grip
1973,bottle grip
1757,bottle grip
1576,bottle grip
1557,bottle grip
1605,bottle grip
1688,bottle grip
1802,bottle grip
1871,bottle grip
1899,bottle grip
1595,bottle grip
1732,bottle grip
1935,bottle grip
2124,bottle grip
2206,bottle grip
2113,bottle grip
1988,bottle grip
1894,bottle grip
1834,bottle grip
1812,bottle grip
2113,bottle grip
1970,bottle grip
1759,bottle grip
1583,bottle grip
1575,bottle grip
1616,bottle grip
1697,bottle grip
1794,bottle grip
1855,bottle grip
1890,bottle grip
1593,bottle grip
1725,bottle grip
1928,bottle grip
2123,bottle grip
2210,bottle grip
2112,bottle grip
1984,bottle grip
1894,bottle grip
1824,bottle grip
1807,bottle grip
2113,bottle grip
1966,bottle grip
1756,bottle grip
1576,bottle grip
1564,bottle grip
1611,bottle grip
1705,bottle grip
1814,bottle grip
1882,bottle grip
1900,bottle grip
1597,bottle grip
1728,bottle grip
1941,bottle grip
2130,bottle grip
2204,bottle grip
2105,bottle grip
1981,bottle grip
1890,bottle grip
1828,bottle grip
1817,bottle grip
2118,bottle grip
1975,bottle grip
1762,bottle grip
1579,bottle grip
1567,bottle grip
1606,bottle grip
1700,bottle grip
1798,bottle grip
1866,bottle grip
1895,bottle grip
1601,bottle grip
1735,bottle grip
1941,bottle grip
2129,bottle grip
2199,bottle grip
2101,bottle grip
1977,bottle grip
1891,bottle grip
1826,bottle grip
1816,bottle grip
2121,bottle grip
1975,bottle grip
1764,bottle grip
1588,bottle grip
1572,bottle grip
1623,bottle grip
1713,bottle grip
1810,bottle grip
1872,bottle grip
1874,bottle grip
1583,bottle grip
1737,bottle grip
1961,bottle grip
2145,bottle grip
2215,bottle grip
2113,bottle grip
1979,bottle grip
1898,bottle grip
1830,bottle grip
1817,bottle grip
2112,bottle grip
1954,bottle grip
1745,bottle grip
1572,bottle grip
1553,bottle grip
1604,bottle grip
1713,bottle grip
1807,bottle grip
1875,bottle grip
1886,bottle grip
1589,bottle grip
1739,bottle grip
1945,bottle grip
2121,bottle grip
2190,bottle grip
2101,bottle grip
1972,bottle grip
1892,bottle grip
1830,bottle grip
1819,bottle grip
2112,bottle grip
1959,bottle grip
1751,bottle grip
1570,bottle grip
1557,bottle grip
1605,bottle grip
1715,bottle grip
1817,bottle grip
1887,bottle grip
1893,bottle grip
1598,bottle grip
1735,bottle grip
1944,bottle grip
2122,bottle grip
2188,bottle grip
2096,bottle grip
1973,bottle grip
1900,bottle grip
1830,bottle grip
1823,bottle grip
2121,bottle grip
1960,bottle grip
1748,bottle grip
1572,bottle grip
1561,bottle grip
1609,bottle grip
1717,bottle grip
1800,bottle grip
1876,bottle grip
1886,bottle grip
1593,bottle grip
1730,bottle grip
1946,bottle grip
2136,bottle grip
2217,bottle grip
2115,bottle grip
1990,bottle grip
1893,bottle grip
1812,bottle grip
1813,bottle grip
2111,bottle grip
1954,bottle grip
1730,bottle grip
1541,bottle grip
1542,bottle grip
1596,bottle grip
1706,bottle grip
1810,bottle grip
1884,bottle grip
1894,bottle grip
1611,bottle grip
1759,bottle grip
1965,bottle grip
2134,bottle grip
2203,bottle grip
2095,bottle grip
1957,bottle grip
1901,bottle grip
1857,bottle grip
1863,bottle grip
2150,bottle grip
1976,bottle grip
1740,bottle grip
1527,bottle grip
1479,bottle grip
1571,bottle grip
1718,bottle grip
1826,bottle grip
1894,bottle grip
1880,bottle grip
1599,bottle grip
1756,bottle grip
1965,bottle grip
2133,bottle grip
2191,bottle grip
2087,bottle grip
1957,bottle grip
1882,bottle grip
1817,bottle grip
1831,bottle grip
2124,bottle grip
1973,bottle grip
1756,bottle grip
1580,bottle grip
1568,bottle grip
1604,bottle grip
1703,bottle grip
1802,bottle grip
1879,bottle grip
1865,bottle grip
1588,bottle grip
1752,bottle grip
1971,bottle grip
2140,bottle grip
2201,bottle grip
2100,bottle grip
1969,bottle grip
1869,bottle grip
1807,bottle grip
1842,bottle grip
2145,bottle grip
1986,bottle grip
1755,bottle grip
1576,bottle grip
1587,bottle grip
1628,bottle grip
1737,bottle grip
1834,bottle grip
1823,bottle grip
1829,bottle grip
1576,bottle grip
1730,bottle grip
1965,bottle grip
2119,bottle grip
2181,bottle grip
2087,bottle grip
1953,bottle grip
1874,bottle grip
1823,bottle grip
1861,bottle grip
2131,bottle grip
1968,bottle grip
1729,bottle grip
1542,bottle grip
1555,bottle grip
1605,bottle grip
1728,bottle grip
1831,bottle grip
1908,bottle grip
1887,bottle grip
1616,bottle grip
1773,bottle grip
1964,bottle grip
2116,bottle grip
2137,bottle grip
2073,bottle grip
1967,bottle grip
1886,bottle grip
1831,bottle grip
1858,bottle grip
2148,bottle grip
1969,bottle grip
1782,bottle grip
1622,bottle grip
1593,bottle grip
1567,bottle grip
1671,bottle grip
1787,bottle grip
1851,bottle grip
1812,bottle grip
1536,bottle grip
1717,bottle grip
1958,bottle grip
2121,bottle grip
2168,bottle grip
2088,bottle grip
1977,bottle grip
1911,bottle grip
1842,bottle grip
1878,bottle grip
2143,bottle grip
1966,bottle grip
1743,bottle grip
1601,bottle grip
1575,bottle grip
1628,bottle grip
1747,bottle grip
1823,bottle grip
1891,bottle grip
1862,bottle grip
1583,bottle grip
1744,bottle grip
1987,bottle grip
2169,bottle grip
2211,bottle grip
2073,bottle grip
1894,bottle grip
1832,bottle grip
1824,bottle grip
1873,bottle grip
2138,bottle grip
1959,bottle grip
1750,bottle grip
1623,bottle grip
1610,bottle grip
1628,bottle grip
1712,bottle grip
1796,bottle grip
1783,bottle grip
1733,bottle grip
1570,bottle grip
1754,bottle grip
1988,bottle grip
2160,bottle grip
2218,bottle grip
2114,bottle grip
1969,bottle grip
1881,bottle grip
1802,bottle grip
1837,bottle grip
2124,bottle grip
1977,bottle grip
1759,bottle grip
1601,bottle grip
1594,bottle grip
1615,bottle grip
1720,bottle grip
1786,bottle grip
1873,bottle grip
1859,bottle grip
1575,bottle grip
1732,bottle grip
1939,bottle grip
2123,bottle grip
2212,bottle grip
2120,bottle grip
1972,bottle grip
1883,bottle grip
1819,bottle grip
1813,bottle grip
2069,bottle grip
1965,bottle grip
1751,bottle grip
1597,bottle grip
1588,bottle grip
1637,bottle grip
1742,bottle grip
1815,bottle grip
1893,bottle grip
1846,bottle grip
1558,bottle grip
1757,bottle grip
2002,bottle grip
2126,bottle grip
2188,bottle grip
2102,bottle grip
1952,bottle grip
1824,bottle grip
1803,bottle grip
1854,bottle grip
2124,bottle grip
1947,bottle grip
1740,bottle grip
1608,bottle grip
1614,bottle grip
1667,bottle grip
1778,bottle grip
1819,bottle grip
1858,bottle grip
1826,bottle grip
1598,bottle grip
1764,bottle grip
1954,bottle grip
2136,bottle grip
2183,bottle grip
2036,bottle grip
1878,bottle grip
1834,bottle grip
1752,bottle grip
1835,bottle grip
2138,bottle grip
1993,bottle grip
1788,bottle grip
1632,bottle grip
1623,bottle grip
1640,bottle grip
1730,bottle grip
1801,bottle grip
1878,bottle grip
1824,bottle grip
1540,bottle grip
1703,bottle grip
1960,bottle grip
2120,bottle grip
2192,bottle grip
2097,bottle grip
1966,bottle grip
1898,bottle grip
1838,bottle grip
1888,bottle grip
2132,bottle grip
1955,bottle grip
1700,bottle grip
1524,bottle grip
1557,bottle grip
1623,bottle grip
1754,bottle grip
1846,bottle grip
1914,bottle grip
1856,bottle grip
1601,bottle grip
1761,bottle grip
1971,bottle grip
2119,bottle grip
2196,bottle grip
2123,bottle grip
1977,bottle grip
1884,bottle grip
1804,bottle grip
1866,bottle grip
2069,bottle grip
1869,bottle grip
1684,bottle grip
1573,bottle grip
1591,bottle grip
1637,bottle grip
1749,bottle grip
1848,bottle grip
1918,bottle grip
1838,bottle grip
1592,bottle grip
1733,bottle grip
1940,bottle grip
2131,bottle grip
2187,bottle grip
2101,bottle grip
1968,bottle grip
1897,bottle grip
1824,bottle grip
1882,bottle grip
2121,bottle grip
1942,bottle grip
1727,bottle grip
1573,bottle grip
1574,bottle grip
1603,bottle grip
1722,bottle grip
1811,bottle grip
1876,bottle grip
1828,bottle grip
1599,bottle grip
1771,bottle grip
1983,bottle grip
2159,bottle grip
2210,bottle grip
2083,bottle grip
1932,bottle grip
1869,bottle grip
1817,bottle grip
1891,bottle grip
2133,bottle grip
1958,bottle grip
1716,bottle grip
1574,bottle grip
1576,bottle grip
1605,bottle grip
1744,bottle grip
1837,bottle grip
1886,bottle grip
1811,bottle grip
1584,bottle grip
1718,bottle grip
1924,bottle grip
2160,bottle grip
2211,bottle grip
2112,bottle grip
1984,bottle grip
1913,bottle grip
1835,bottle grip
1898,bottle grip
2124,bottle grip
1907,bottle grip
1621,bottle grip
1563,bottle grip
1595,bottle grip
1617,bottle grip
1698,bottle grip
1788,bottle grip
1893,bottle grip
1844,bottle grip
1610,bottle grip
1757,bottle grip
1993,bottle grip
2149,bottle grip
2193,bottle grip
2120,bottle grip
1968,bottle grip
1893,bottle grip
1816,bottle grip
1867,bottle grip
2065,bottle grip
1911,bottle grip
1711,bottle grip
1574,bottle grip
1590,bottle grip
1638,bottle grip
1749,bottle grip
1825,bottle grip
1868,bottle grip
1781,bottle grip
1593,bottle grip
1773,bottle grip
2011,bottle grip
2162,bottle grip
2191,bottle grip
2085,bottle grip
1945,bottle grip
1869,bottle grip
1824,bottle grip
1908,bottle grip
2123,bottle grip
1936,bottle grip
1711,bottle grip
1573,bottle grip
1574,bottle grip
1621,bottle grip
1726,bottle grip
1806,bottle grip
1879,bottle grip
1807,bottle grip
1592,bottle grip
1767,bottle grip
1993,bottle grip
2156,bottle grip
2190,bottle grip
2083,bottle grip
1950,bottle grip
1878,bottle grip
1821,bottle grip
1906,bottle grip
2113,bottle grip
1933,bottle grip
1698,bottle grip
1566,bottle grip
1570,bottle grip
1620,bottle grip
1733,bottle grip
1825,bottle grip
1897,bottle grip
1808,bottle grip
1590,bottle grip
1761,bottle grip
1993,bottle grip
2157,bottle grip
2186,bottle grip
2076,bottle grip
1946,bottle grip
1874,bottle grip
1821,bottle grip
1911,bottle grip
2117,bottle grip
1937,bottle grip
1692,bottle grip
1562,bottle grip
1568,bottle grip
1624,bottle grip
1742,bottle grip
1823,bottle grip
1883,bottle grip
1796,bottle grip
1595,bottle grip
1767,bottle grip
2000,bottle grip
2159,bottle grip
2185,bottle grip
2079,bottle grip
1950,bottle grip
1876,bottle grip
1816,bottle grip
1908,bottle grip
2115,bottle grip
1930,bottle grip
1701,bottle grip
1567,bottle grip
1580,bottle grip
1625,bottle grip
1742,bottle grip
1820,bottle grip
1893,bottle grip
1795,bottle grip
1590,bottle grip
1761,bottle grip
2000,bottle grip
2162,bottle grip
2184,bottle grip
2074,bottle grip
1943,bottle grip
1873,bottle grip
1811,bottle grip
1912,bottle grip
2111,bottle grip
1929,bottle grip
1697,bottle grip
1561,bottle grip
1578,bottle grip
1625,bottle grip
1742,bottle grip
1825,bottle grip
1895,bottle grip
1798,bottle grip
1593,bottle grip
1773,bottle grip
2005,bottle grip
2160,bottle grip
2192,bottle grip
2093,bottle grip
1960,bottle grip
1889,bottle grip
1827,bottle grip
1925,bottle grip
2112,bottle grip
1928,bottle grip
1696,bottle grip
1573,bottle grip
1570,bottle grip
1621,bottle grip
1743,bottle grip
1821,bottle grip
1884,bottle grip
1782,bottle grip
1594,bottle grip
1768,bottle grip
2002,bottle grip
2151,bottle grip
2178,bottle grip
2069,bottle grip
1935,bottle grip
1866,bottle grip
1809,bottle grip
1919,bottle grip
2108,bottle grip
1927,bottle grip
1693,bottle grip
1566,bottle grip
1577,bottle grip
1629,bottle grip
1746,bottle grip
1827,bottle grip
1894,bottle grip
1788,bottle grip
1601,bottle grip
1764,bottle grip
1999,bottle grip
2157,bottle grip
2177,bottle grip
2070,bottle grip
1936,bottle grip
1867,bottle grip
1811,bottle grip
1925,bottle grip
2110,bottle grip
1929,bottle grip
1692,bottle grip
1574,bottle grip
1577,bottle grip
1624,bottle grip
1745,bottle grip
1828,bottle grip
1891,bottle grip
1780,bottle grip
1597,bottle grip
1764,bottle grip
2005,bottle grip
2164,bottle grip
2182,bottle grip
2071,bottle grip
1939,bottle grip
1869,bottle grip
1809,bottle grip
1924,bottle grip
2107,bottle grip
1931,bottle grip
1694,bottle grip
1569,bottle grip
1576,bottle grip
1630,bottle grip
1746,bottle grip
1831,bottle grip
1893,bottle grip
1780,bottle grip
1605,bottle grip
1777,bottle grip
2016,bottle grip
2164,bottle grip
2177,bottle grip
2074,bottle grip
1939,bottle grip
1862,bottle grip
1802,bottle grip
1927,bottle grip
2101,bottle grip
1922,bottle grip
1690,bottle grip
1571,bottle grip
1582,bottle grip
1636,bottle grip
1754,bottle grip
1831,bottle grip
1894,bottle grip
1775,bottle grip
1600,bottle grip
1775,bottle grip
2017,bottle grip
2166,bottle grip
2174,bottle grip
2067,bottle grip
1935,bottle grip
1870,bottle grip
1809,bottle grip
1935,bottle grip
2104,bottle grip
1921,bottle grip
1680,bottle grip
1566,bottle grip
1579,bottle grip
1632,bottle grip
1755,bottle grip
1832,bottle grip
1893,bottle grip
1769,bottle grip
1599,bottle grip
1776,bottle grip
2018,bottle grip
2172,bottle grip
2185,bottle grip
2074,bottle grip
1943,bottle grip
1877,bottle grip
1813,bottle grip
1944,bottle grip
2102,bottle grip
1924,bottle grip
1683,bottle grip
1569,bottle grip
1578,bottle grip
1633,bottle grip
1748,bottle grip
1828,bottle grip
1895,bottle grip
1769,bottle grip
1605,bottle grip
1776,bottle grip
2018,bottle grip
2164,bottle grip
2174,bottle grip
2062,bottle grip
1932,bottle grip
1860,bottle grip
1804,bottle grip
1940,bottle grip
2101,bottle grip
1922,bottle grip
1681,bottle grip
1562,bottle grip
1576,bottle grip
1632,bottle grip
1752,bottle grip
1835,bottle grip
1903,bottle grip
1765,bottle grip
1603,bottle grip
1781,bottle grip
2029,bottle grip
2173,bottle grip
2170,bottle grip
2063,bottle grip
1933,bottle grip
1861,bottle grip
1802,bottle grip
1943,bottle grip
2103,bottle grip
1923,bottle grip
1683,bottle grip
1573,bottle grip
1580,bottle grip
1638,bottle grip
1760,bottle grip
1833,bottle grip
1896,bottle grip
1765,bottle grip
1607,bottle grip
1781,bottle grip
2025,bottle grip
2167,bottle grip
2165,bottle grip
2057,bottle grip
1923,bottle grip
1863,bottle grip
1808,bottle grip
1949,bottle grip
2098,bottle grip
1919,bottle grip
1677,bottle grip
1569,bottle grip
1580,bottle grip
1638,bottle grip
1753,bottle grip
1832,bottle grip
1895,bottle grip
1756,bottle grip
1611,bottle grip
1789,bottle grip
2010,bottle grip
2153,bottle grip
2161,bottle grip
2060,bottle grip
1928,bottle grip
1862,bottle grip
1809,bottle grip
1956,bottle grip
2104,bottle grip
1918,bottle grip
1675,bottle grip
1570,bottle grip
1587,bottle grip
1636,bottle grip
1757,bottle grip
1832,bottle grip
1898,bottle grip
1753,bottle grip
1610,bottle grip
1788,bottle grip
2032,bottle grip
2173,bottle grip
2164,bottle grip
2051,bottle grip
1923,bottle grip
1863,bottle grip
1805,bottle grip
1959,bottle grip
2097,bottle grip
1918,bottle grip
1675,bottle grip
1575,bottle grip
1580,bottle grip
1630,bottle grip
1751,bottle grip
1836,bottle grip
1896,bottle grip
1742,bottle grip
1602,bottle grip
1778,bottle grip
2028,bottle grip
2175,bottle grip
2174,bottle grip
2061,bottle grip
1926,bottle grip
1867,bottle grip
1809,bottle grip
1963,bottle grip
2097,bottle grip
1916,bottle grip
1672,bottle grip
1578,bottle grip
1589,bottle grip
1642,bottle grip
1755,bottle grip
1832,bottle grip
1891,bottle grip
1736,bottle grip
1607,bottle grip
1784,bottle grip
2030,bottle grip
2171,bottle grip
2172,bottle grip
2066,bottle grip
1939,bottle grip
1872,bottle grip
1810,bottle grip
1970,bottle grip
2098,bottle grip
1913,bottle grip
1665,bottle grip
1566,bottle grip
1586,bottle grip
1635,bottle grip
1757,bottle grip
1834,bottle grip
1896,bottle grip
1738,bottle grip
1610,bottle grip
1790,bottle grip
2043,bottle grip
2181,bottle grip
2168,bottle grip
2057,bottle grip
1923,bottle grip
1860,bottle grip
1802,bottle grip
1964,bottle grip
2092,bottle grip
1918,bottle grip
1655,bottle grip
1568,bottle grip
1581,bottle grip
1638,bottle grip
1762,bottle grip
1838,bottle grip
1898,bottle grip
1737,bottle grip
1613,bottle grip
1782,bottle grip
2038,bottle grip
2177,bottle grip
2164,bottle grip
2059,bottle grip
1931,bottle grip
1865,bottle grip
1808,bottle grip
1978,bottle grip
2093,bottle grip
1914,bottle grip
1662,bottle grip
1564,bottle grip
1577,bottle grip
1635,bottle grip
1761,bottle grip
1835,bottle grip
1897,bottle grip
1729,bottle grip
1614,bottle grip
1790,bottle grip
2042,bottle grip
2176,bottle grip
2164,bottle grip
2053,bottle grip
1922,bottle grip
1864,bottle grip
1814,bottle grip
1979,bottle grip
2091,bottle grip
1912,bottle grip
1656,bottle grip
1569,bottle grip
1583,bottle grip
1640,bottle grip
1764,bottle grip
1838,bottle grip
1898,bottle grip
1726,bottle grip
1616,bottle grip
1793,bottle grip
2042,bottle grip
2183,bottle grip
2166,bottle grip
2057,bottle grip
1924,bottle grip
1862,bottle grip
1805,bottle grip
1986,bottle grip
2095,bottle grip
1913,bottle grip
1655,bottle grip
1569,bottle grip
1585,bottle grip
1637,bottle grip
1756,bottle grip
1835,bottle grip
1892,bottle grip
1727,bottle grip
1616,bottle grip
1799,bottle grip
2052,bottle grip
2179,bottle grip
2155,bottle grip
2048,bottle grip
1924,bottle grip
1867,bottle grip
1813,bottle grip
1986,bottle grip
2091,bottle grip
1909,bottle grip
1647,bottle grip
1572,bottle grip
1587,bottle grip
1643,bottle grip
1764,bottle grip
1839,bottle grip
1898,bottle grip
1720,bottle grip
1617,bottle grip
1789,bottle grip
2049,bottle grip
2181,bottle grip
2164,bottle grip
2055,bottle grip
1923,bottle grip
1860,bottle grip
1803,bottle grip
1991,bottle grip
2088,bottle grip
1905,bottle grip
1650,bottle grip
1565,bottle grip
1583,bottle grip
1639,bottle grip
1765,bottle grip
1844,bottle grip
1897,bottle grip
1719,bottle grip
1614,bottle grip
1795,bottle grip
2056,bottle grip
2184,bottle grip
2169,bottle grip
2055,bottle grip
1924,bottle grip
1856,bottle grip
1804,bottle grip
1994,bottle grip
2084,bottle grip
1904,bottle grip
1645,bottle grip
1569,bottle grip
1592,bottle grip
1645,bottle grip
1762,bottle grip
1837,bottle grip
1901,bottle grip
1722,bottle grip
1622,bottle grip
1795,bottle grip
2045,bottle grip
2182,bottle grip
2162,bottle grip
2052,bottle grip
1923,bottle grip
1864,bottle grip
1800,bottle grip
1995,bottle grip
2089,bottle grip
1902,bottle grip
1644,bottle grip
1572,bottle grip
1590,bottle grip
1644,bottle grip
1767,bottle grip
1844,bottle grip
1897,bottle grip
1710,bottle grip
1621,bottle grip
1796,bottle grip
2058,bottle grip
2186,bottle grip
2160,bottle grip
2050,bottle grip
1923,bottle grip
1857,bottle grip
1808,bottle grip
2003,bottle grip
2082,bottle grip
1902,bottle grip
1643,bottle grip
1569,bottle grip
1586,bottle grip
1642,bottle grip
1763,bottle grip
1839,bottle grip
1893,bottle grip
1702,bottle grip
1621,bottle grip
1799,bottle grip
2053,bottle grip
2183,bottle grip
2158,bottle grip
2047,bottle grip
1920,bottle grip
1858,bottle grip
1811,bottle grip
2006,bottle grip
2082,bottle grip
1897,bottle grip
1644,bottle grip
1569,bottle grip
1591,bottle grip
1641,bottle grip
1772,bottle grip
1844,bottle grip
1899,bottle grip
1702,bottle grip
1626,bottle grip
1805,bottle grip
2057,bottle grip
2187,bottle grip
2158,bottle grip
2049,bottle grip
1917,bottle grip
1856,bottle grip
1803,bottle grip
2004,bottle grip
2075,bottle grip
1901,bottle grip
1642,bottle grip
1567,bottle grip
1584,bottle grip
1640,bottle grip
1766,bottle grip
1843,bottle grip
1896,bottle grip
1697,bottle grip
1622,bottle grip
1803,bottle grip
2063,bottle grip
2188,bottle grip
2157,bottle grip
2049,bottle grip
1920,bottle grip
1856,bottle grip
1812,bottle grip
2014,bottle grip
2078,bottle grip
1894,bottle grip
1635,bottle grip
1565,bottle grip
1587,bottle grip
1639,bottle grip
1764,bottle grip
1842,bottle grip
1898,bottle grip
1698,bottle grip
1635,bottle grip
1806,bottle grip
2063,bottle grip
2185,bottle grip
2157,bottle grip
2043,bottle grip
1921,bottle grip
1853,bottle grip
1804,bottle grip
2014,bottle grip
2075,bottle grip
1893,bottle grip
1635,bottle grip
1569,bottle grip
1590,bottle grip
1647,bottle grip
1773,bottle grip
1846,bottle grip
1897,bottle grip
1693,bottle grip
1631,bottle grip
1811,bottle grip
2069,bottle grip
2189,bottle grip
2150,bottle grip
2041,bottle grip
1913,bottle grip
1854,bottle grip
1808,bottle grip
2022,bottle grip
2078,bottle grip
1893,bottle grip
1637,bottle grip
1569,bottle grip
1589,bottle grip
1645,bottle grip
1770,bottle grip
1842,bottle grip
1896,bottle grip
1690,bottle grip
1632,bottle grip
1810,bottle grip
2068,bottle grip
2188,bottle grip
2150,bottle grip
2043,bottle grip
1919,bottle grip
1856,bottle grip
1805,bottle grip
2021,bottle grip
2072,bottle grip
1890,bottle grip
1631,bottle grip
1569,bottle grip
1588,bottle grip
1648,bottle grip
1770,bottle grip
1842,bottle grip
1891,bottle grip
1680,bottle grip
1633,bottle grip
1812,bottle grip
2074,bottle grip
2195,bottle grip
2151,bottle grip
2036,bottle grip
1922,bottle grip
1855,bottle grip
1808,bottle grip
2024,bottle grip
2071,bottle grip
1885,bottle grip
1630,bottle grip
1569,bottle grip
1580,bottle grip
1646,bottle grip
1767,bottle grip
1842,bottle grip
1894,bottle grip
1677,bottle grip
1636,bottle grip
1813,bottle grip
2076,bottle grip
2199,bottle grip
2156,bottle grip
2041,bottle grip
1914,bottle grip
1857,bottle grip
1807,bottle grip
2030,bottle grip
2071,bottle grip
1884,bottle grip
1630,bottle grip
1574,bottle grip
1596,bottle grip
1653,bottle grip
1778,bottle grip
1846,bottle grip
1889,bottle grip
1668,bottle grip
1636,bottle grip
1809,bottle grip
2068,bottle grip
2187,bottle grip
2146,bottle grip
2047,bottle grip
1918,bottle grip
1856,bottle grip
1808,bottle grip
2036,bottle grip
2069,bottle grip
1884,bottle grip
1629,bottle grip
1572,bottle grip
1597,bottle grip
1646,bottle grip
1766,bottle grip
1847,bottle grip
1893,bottle grip
1674,bottle grip
1637,bottle grip
1816,bottle grip
2079,bottle grip
2193,bottle grip
2151,bottle grip
2038,bottle grip
1914,bottle grip
1857,bottle grip
1807,bottle grip
2035,bottle grip
2064,bottle grip
1892,bottle grip
1631,bottle grip
1568,bottle grip
1596,bottle grip
1645,bottle grip
1764,bottle grip
1844,bottle grip
1898,bottle grip
1673,bottle grip
1647,bottle grip
1827,bottle grip
2084,bottle grip
2198,bottle grip
2149,bottle grip
2049,bottle grip
1927,bottle grip
1859,bottle grip
1801,bottle grip
2023,bottle grip
1993,bottle grip
1834,bottle grip
1620,bottle grip
1580,bottle grip
1607,bottle grip
1665,bottle grip
1781,bottle grip
1853,bottle grip
1909,bottle grip
1676,bottle grip
1660,bottle grip
1837,bottle grip
2081,bottle grip
2166,bottle grip
2110,bottle grip
2028,bottle grip
1918,bottle grip
1856,bottle grip
1812,bottle grip
2053,bottle grip
2070,bottle grip
1884,bottle grip
1636,bottle grip
1572,bottle grip
1588,bottle grip
1650,bottle grip
1776,bottle grip
1863,bottle grip
1910,bottle grip
1674,bottle grip
1649,bottle grip
1821,bottle grip
2050,bottle grip
2177,bottle grip
2133,bottle grip
2043,bottle grip
1934,bottle grip
1861,bottle grip
1801,bottle grip
2032,bottle grip
2051,bottle grip
1881,bottle grip
1629,bottle grip
1574,bottle grip
1590,bottle grip
1659,bottle grip
1794,bottle grip
1866,bottle grip
1898,bottle grip
1649,bottle grip
1637,bottle grip
1821,bottle grip
2070,bottle grip
2177,bottle grip
2134,bottle grip
2036,bottle grip
1920,bottle grip
1858,bottle grip
1818,bottle grip
2059,bottle grip
2058,bottle grip
1871,bottle grip
1613,bottle grip
1564,bottle grip
1604,bottle grip
1659,bottle grip
1777,bottle grip
1845,bottle grip
1892,bottle grip
1652,bottle grip
1652,bottle grip
1828,bottle grip
2081,bottle grip
2206,bottle grip
2148,bottle grip
2032,bottle grip
1906,bottle grip
1844,bottle grip
1805,bottle grip
2062,bottle grip
2072,bottle grip
1887,bottle grip
1623,bottle grip
1567,bottle grip
1594,bottle grip
1641,bottle grip
1740,bottle grip
1826,bottle grip
1882,bottle grip
1653,bottle grip
1653,bottle grip
1834,bottle grip
2086,bottle grip
2198,bottle grip
2146,bottle grip
2040,bottle grip
1932,bottle grip
1880,bottle grip
1831,bottle grip
2076,bottle grip
2063,bottle grip
1863,bottle grip
1614,bottle grip
1560,bottle grip
1576,bottle grip
1601,bottle grip
1734,bottle grip
1842,bottle grip
1900,bottle grip
1655,bottle grip
1662,bottle grip
1838,bottle grip
2085,bottle grip
2195,bottle grip
2148,bottle grip
2048,bottle grip
1937,bottle grip
1880,bottle grip
1828,bottle grip
2074,bottle grip
2034,bottle grip
1849,bottle grip
1579,bottle grip
1536,bottle grip
1585,bottle grip
1663,bottle grip
1780,bottle grip
1848,bottle grip
1887,bottle grip
1635,bottle grip
1656,bottle grip
1848,bottle grip
2105,bottle grip
2203,bottle grip
2145,bottle grip
2024,bottle grip
1909,bottle grip
1872,bottle grip
1813,bottle grip
2039,bottle grip
2024,bottle grip
1847,bottle grip
1622,bottle grip
1575,bottle grip
1610,bottle grip
1681,bottle grip
1820,bottle grip
1896,bottle grip
1932,bottle grip
1672,bottle grip
1653,bottle grip
1761,bottle grip
1964,bottle grip
2143,bottle grip
2141,bottle grip
2058,bottle grip
1913,bottle grip
1859,bottle grip
1825,bottle grip
2074,bottle grip
2035,bottle grip
1853,bottle grip
1611,bottle grip
1577,bottle grip
1600,bottle grip
1665,bottle grip
1778,bottle grip
1861,bottle grip
1906,bottle grip
1630,bottle grip
1658,bottle grip
1855,bottle grip
2105,bottle grip
2215,bottle grip
2148,bottle grip
2018,bottle grip
1883,bottle grip
1842,bottle grip
1815,bottle grip
2091,bottle grip
2056,bottle grip
1859,bottle grip
1611,bottle grip
1569,bottle grip
1601,bottle grip
1657,bottle grip
1765,bottle grip
1840,bottle grip
1911,bottle grip
1637,bottle grip
1655,bottle grip
1819,bottle grip
2078,bottle grip
2197,bottle grip
2147,bottle grip
2042,bottle grip
1927,bottle grip
1849,bottle grip
1808,bottle grip
2091,bottle grip
2066,bottle grip
1863,bottle grip
1612,bottle grip
1554,bottle grip
1596,bottle grip
1673,bottle grip
1769,bottle grip
1852,bottle grip
1904,bottle grip
1636,bottle grip
1637,bottle grip
1835,bottle grip
2039,bottle grip
2152,bottle grip
2129,bottle grip
2065,bottle grip
1938,bottle grip
1859,bottle grip
1812,bottle grip
2072,bottle grip
1955,bottle grip
1806,bottle grip
1620,bottle grip
1592,bottle grip
1606,bottle grip
1666,bottle grip
1796,bottle grip
1870,bottle grip
1913,bottle grip
1658,bottle grip
1710,bottle grip
1870,bottle grip
2104,bottle grip
2205,bottle grip
2095,bottle grip
1980,bottle grip
1876,bottle grip
1838,bottle grip
1804,bottle grip
2087,bottle grip
2023,bottle grip
1844,bottle grip
1622,bottle grip
1559,bottle grip
1606,bottle grip
1689,bottle grip
1796,bottle grip
1844,bottle grip
1899,bottle grip
1625,bottle grip
1631,bottle grip
1794,bottle grip
2057,bottle grip
2194,bottle grip
2145,bottle grip
2044,bottle grip
1917,bottle grip
1843,bottle grip
1804,bottle grip
2082,bottle grip
2061,bottle grip
1899,bottle grip
1657,bottle grip
1621,bottle grip
1643,bottle grip
1676,bottle grip
1698,bottle grip
1779,bottle grip
1850,bottle grip
1581,bottle grip
1643,bottle grip
1862,bottle grip
2102,bottle grip
2207,bottle grip
2148,bottle grip
2039,bottle grip
1932,bottle grip
1876,bottle grip
1847,bottle grip
2107,bottle grip
2037,bottle grip
1839,bottle grip
1581,bottle grip
1539,bottle grip
1586,bottle grip
1675,bottle grip
1786,bottle grip
1838,bottle grip
1895,bottle grip
1606,bottle grip
1666,bottle grip
1870,bottle grip
2070,bottle grip
2194,bottle grip
2168,bottle grip
2080,bottle grip
1966,bottle grip
1898,bottle grip
1862,bottle grip
2089,bottle grip
1984,bottle grip
1790,bottle grip
1524,bottle grip
1487,bottle grip
1571,bottle grip
1666,bottle grip
1800,bottle grip
1868,bottle grip
1908,bottle grip
1644,bottle grip
1695,bottle grip
1850,bottle grip
2093,bottle grip
2235,bottle grip
2192,bottle grip
2079,bottle grip
1908,bottle grip
1770,bottle grip
1727,bottle grip
2063,bottle grip
2009,bottle grip
1811,bottle grip
1630,bottle grip
1645,bottle grip
1685,bottle grip
1730,bottle grip
1791,bottle grip
1770,bottle grip
1789,bottle grip
1546,bottle grip
1633,bottle grip
1870,bottle grip
2102,bottle grip
2217,bottle grip
2143,bottle grip
2018,bottle grip
1912,bottle grip
1858,bottle grip
1845,bottle grip
2126,bottle grip
2072,bottle grip
1871,bottle grip
1621,bottle grip
1559,bottle grip
1601,bottle grip
1655,bottle grip
1772,bottle grip
1855,bottle grip
1917,bottle grip
1616,bottle grip
1671,bottle grip
1858,bottle grip
2079,bottle grip
2168,bottle grip
2091,bottle grip
2041,bottle grip
1934,bottle grip
1859,bottle grip
1811,bottle grip
2064,bottle grip
1986,bottle grip
1829,bottle grip
1590,bottle grip
1558,bottle grip
1598,bottle grip
1672,bottle grip
1787,bottle grip
1867,bottle grip
1927,bottle grip
1657,bottle grip
1699,bottle grip
1846,bottle grip
2059,bottle grip
2123,bottle grip
2075,bottle grip
2031,bottle grip
1942,bottle grip
1881,bottle grip
1845,bottle grip
2109,bottle grip
2009,bottle grip
1852,bottle grip
1625,bottle grip
1584,bottle grip
1603,bottle grip
1659,bottle grip
1750,bottle grip
1861,bottle grip
1928,bottle grip
1635,bottle grip
1680,bottle grip
1845,bottle grip
2071,bottle grip
2163,bottle grip
2141,bottle grip
2036,bottle grip
1943,bottle grip
1869,bottle grip
1812,bottle grip
2074,bottle grip
1989,bottle grip
1786,bottle grip
1577,bottle grip
1579,bottle grip
1624,bottle grip
1679,bottle grip
1801,bottle grip
1877,bottle grip
1884,bottle grip
1592,bottle grip
1667,bottle grip
1854,bottle grip
2103,bottle grip
2259,bottle grip
2195,bottle grip
2051,bottle grip
1909,bottle grip
1754,bottle grip
1657,bottle grip
2021,bottle grip
2015,bottle grip
1868,bottle grip
1645,bottle grip
1588,bottle grip
1593,bottle grip
1654,bottle grip
1769,bottle grip
1829,bottle grip
1906,bottle grip
1638,bottle grip
1708,bottle grip
1906,bottle grip
2123,bottle grip
2231,bottle grip
2146,bottle grip
2021,bottle grip
1891,bottle grip
1862,bottle grip
1839,bottle grip
2146,bottle grip
2046,bottle grip
1809,bottle grip
1534,bottle grip
1485,bottle grip
1576,bottle grip
1661,bottle grip
1787,bottle grip
1842,bottle grip
1886,bottle grip
1593,bottle grip
1695,bottle grip
1890,bottle grip
2121,bottle grip
2227,bottle grip
2151,bottle grip
2029,bottle grip
1930,bottle grip
1859,bottle grip
1829,bottle grip
2094,bottle grip
2024,bottle grip
1849,bottle grip
1611,bottle grip
1495,bottle grip
1539,bottle grip
1605,bottle grip
1784,bottle grip
1869,bottle grip
1914,bottle grip
1639,bottle grip
1692,bottle grip
1835,bottle grip
2073,bottle grip
2202,bottle grip
2151,bottle grip
2053,bottle grip
1938,bottle grip
1885,bottle grip
1819,bottle grip
2085,bottle grip
1972,bottle grip
1778,bottle grip
1594,bottle grip
1578,bottle grip
1613,bottle grip
1685,bottle grip
1794,bottle grip
1852,bottle grip
1899,bottle grip
1608,bottle grip
1697,bottle grip
1901,bottle grip
2110,bottle grip
2193,bottle grip
2103,bottle grip
1960,bottle grip
1895,bottle grip
1849,bottle grip
1824,bottle grip
2125,bottle grip
2016,bottle grip
1799,bottle grip
1573,bottle grip
1566,bottle grip
1620,bottle grip
1707,bottle grip
1790,bottle grip
1826,bottle grip
1861,bottle grip
1607,bottle grip
1693,bottle grip
1901,bottle grip
2116,bottle grip
2210,bottle grip
2129,bottle grip
2013,bottle grip
1913,bottle grip
1848,bottle grip
1815,bottle grip
2104,bottle grip
1982,bottle grip
1788,bottle grip
1605,bottle grip
1585,bottle grip
1617,bottle grip
1688,bottle grip
1786,bottle grip
1845,bottle grip
1888,bottle grip
1601,bottle grip
1691,bottle grip
1898,bottle grip
2118,bottle grip
2208,bottle grip
2119,bottle grip
1998,bottle grip
1861,bottle grip
1807,bottle grip
1813,bottle grip
2120,bottle grip
2017,bottle grip
1820,bottle grip
1605,bottle grip
1576,bottle grip
1604,bottle grip
1688,bottle grip
1792,bottle grip
1865,bottle grip
1902,bottle grip
1598,bottle grip
1697,bottle grip
1894,bottle grip
2106,bottle grip
2200,bottle grip
2119,bottle grip
1992,bottle grip
1900,bottle grip
1842,bottle grip
1813,bottle grip
2118,bottle grip
2004,bottle grip
1798,bottle grip
1590,bottle grip
1566,bottle grip
1605,bottle grip
1678,bottle grip
1786,bottle grip
1858,bottle grip
1898,bottle grip
1595,bottle grip
1699,bottle grip
1899,bottle grip
2105,bottle grip
2207,bottle grip
2124,bottle grip
2004,bottle grip
1909,bottle grip
1840,bottle grip
1811,bottle grip
2110,bottle grip
2001,bottle grip
1806,bottle grip
1594,bottle grip
1569,bottle grip
1603,bottle grip
1687,bottle grip
1782,bottle grip
1859,bottle grip
1894,bottle grip
1595,bottle grip
1699,bottle grip
1904,bottle grip
2108,bottle grip
2202,bottle grip
2120,bottle grip
2001,bottle grip
1906,bottle grip
1840,bottle grip
1811,bottle grip
2116,bottle grip
2001,bottle grip
1801,bottle grip
1598,bottle grip
1571,bottle grip
1603,bottle grip
1682,bottle grip
1789,bottle grip
1859,bottle grip
1895,bottle grip
1591,bottle grip
1700,bottle grip
1905,bottle grip
2108,bottle grip
2203,bottle grip
2118,bottle grip
2004,bottle grip
1896,bottle grip
1839,bottle grip
1816,bottle grip
2118,bottle grip
2000,bottle grip
1796,bottle grip
1594,bottle grip
1566,bottle grip
1603,bottle grip
1689,bottle grip
1794,bottle grip
1857,bottle grip
1886,bottle grip
1588,bottle grip
1700,bottle grip
1899,bottle grip
2107,bottle grip
2203,bottle grip
2117,bottle grip
1997,bottle grip
1911,bottle grip
1845,bottle grip
1811,bottle grip
2117,bottle grip
1996,bottle grip
1794,bottle grip
1590,bottle grip
1570,bottle grip
1603,bottle grip
1688,bottle grip
1789,bottle grip
1865,bottle grip
1894,bottle grip
1589,bottle grip
1698,bottle grip
1901,bottle grip
2101,bottle grip
2196,bottle grip
2108,bottle grip
1988,bottle grip
1901,bottle grip
1838,bottle grip
1809,bottle grip
2125,bottle grip
2000,bottle grip
1798,bottle grip
1593,bottle grip
1574,bottle grip
1604,bottle grip
1688,bottle grip
1784,bottle grip
1863,bottle grip
1897,bottle grip
1597,bottle grip
1709,bottle grip
1902,bottle grip
2100,bottle grip
2199,bottle grip
2116,bottle grip
1996,bottle grip
1902,bottle grip
1841,bottle grip
1813,bottle grip
2121,bottle grip
1995,bottle grip
1793,bottle grip
1594,bottle grip
1566,bottle grip
1606,bottle grip
1694,bottle grip
1795,bottle grip
1867,bottle grip
1887,bottle grip
1584,bottle grip
1710,bottle grip
1913,bottle grip
2106,bottle grip
2196,bottle grip
2105,bottle grip
1983,bottle grip
1897,bottle grip
1842,bottle grip
1811,bottle grip
2124,bottle grip
1988,bottle grip
1783,bottle grip
1592,bottle grip
1573,bottle grip
1608,bottle grip
1692,bottle grip
1796,bottle grip
1865,bottle grip
1892,bottle grip
1585,bottle grip
1714,bottle grip
1921,bottle grip
2112,bottle grip
2199,bottle grip
2111,bottle grip
1989,bottle grip
1899,bottle grip
1838,bottle grip
1818,bottle grip
2122,bottle grip
1973,bottle grip
1769,bottle grip
1586,bottle grip
1567,bottle grip
1606,bottle grip
1703,bottle grip
1802,bottle grip
1874,bottle grip
1893,bottle grip
1582,bottle grip
1714,bottle grip
1919,bottle grip
2114,bottle grip
2196,bottle grip
2110,bottle grip
1983,bottle grip
1898,bottle grip
1842,bottle grip
1819,bottle grip
2123,bottle grip
1987,bottle grip
1778,bottle grip
1594,bottle grip
1578,bottle grip
1613,bottle grip
1689,bottle grip
1783,bottle grip
1854,bottle grip
1883,bottle grip
1588,bottle grip
1719,bottle grip
1930,bottle grip
2116,bottle grip
2203,bottle grip
2115,bottle grip
1992,bottle grip
1895,bottle grip
1838,bottle grip
1818,bottle grip
2119,bottle grip
1981,bottle grip
1772,bottle grip
1588,bottle grip
1573,bottle grip
1609,bottle grip
1699,bottle grip
1790,bottle grip
1863,bottle grip
1888,bottle grip
1584,bottle grip
1712,bottle grip
1924,bottle grip
2114,bottle grip
2208,bottle grip
2115,bottle grip
1978,bottle grip
1891,bottle grip
1830,bottle grip
1812,bottle grip
2124,bottle grip
1977,bottle grip
1770,bottle grip
1589,bottle grip
1575,bottle grip
1612,bottle grip
1702,bottle grip
1803,bottle grip
1868,bottle grip
1887,bottle grip
1573,bottle grip
1720,bottle grip
1931,bottle grip
2118,bottle grip
2197,bottle grip
2109,bottle grip
1982,bottle grip
1898,bottle grip
1835,bottle grip
1818,bottle grip
2124,bottle grip
1974,bottle grip
1768,bottle grip
1587,bottle grip
1570,bottle grip
1610,bottle grip
1709,bottle grip
1803,bottle grip
1875,bottle grip
1886,bottle grip
1581,bottle grip
1728,bottle grip
1934,bottle grip
2116,bottle grip
2196,bottle grip
2101,bottle grip
1980,bottle grip
1894,bottle grip
1830,bottle grip
1820,bottle grip
2122,bottle grip
1980,bottle grip
1773,bottle grip
1577,bottle grip
1565,bottle grip
1605,bottle grip
1707,bottle grip
1803,bottle grip
1873,bottle grip
1877,bottle grip
1583,bottle grip
1721,bottle grip
1939,bottle grip
2119,bottle grip
2199,bottle grip
2105,bottle grip
1979,bottle grip
1894,bottle grip
1836,bottle grip
1832,bottle grip
2131,bottle grip
1979,bottle grip
1764,bottle grip
1588,bottle grip
1566,bottle grip
1605,bottle grip
1703,bottle grip
1803,bottle grip
1870,bottle grip
1872,bottle grip
1574,bottle grip
1723,bottle grip
1941,bottle grip
2129,bottle grip
2205,bottle grip
2105,bottle grip
1971,bottle grip
1888,bottle grip
1828,bottle grip
1836,bottle grip
2132,bottle grip
1976,bottle grip
1760,bottle grip
1581,bottle grip
1574,bottle grip
1612,bottle grip
1712,bottle grip
1802,bottle grip
1873,bottle grip
1873,bottle grip
1580,bottle grip
1730,bottle grip
1940,bottle grip
2125,bottle grip
2195,bottle grip
2100,bottle grip
1971,bottle grip
1895,bottle grip
1829,bottle grip
1835,bottle grip
2130,bottle grip
1967,bottle grip
1754,bottle grip
1581,bottle grip
1572,bottle grip
1616,bottle grip
1710,bottle grip
1805,bottle grip
1879,bottle grip
1868,bottle grip
1577,bottle grip
1728,bottle grip
1948,bottle grip
2131,bottle grip
2200,bottle grip
2102,bottle grip
1974,bottle grip
1893,bottle grip
1826,bottle grip
1837,bottle grip
2123,bottle grip
1968,bottle grip
1750,bottle grip
1576,bottle grip
1570,bottle grip
1617,bottle grip
1718,bottle grip
1808,bottle grip
1875,bottle grip
1865,bottle grip
1577,bottle grip
1733,bottle grip
1954,bottle grip
2128,bottle grip
2195,bottle grip
2095,bottle grip
1969,bottle grip
1890,bottle grip
1825,bottle grip
1836,bottle grip
2129,bottle grip
1970,bottle grip
1747,bottle grip
1581,bottle grip
1567,bottle grip
1611,bottle grip
1717,bottle grip
1806,bottle grip
1876,bottle grip
1861,bottle grip
1577,bottle grip
1734,bottle grip
1953,bottle grip
2132,bottle grip
2192,bottle grip
2092,bottle grip
1967,bottle grip
1889,bottle grip
1829,bottle grip
1850,bottle grip
2131,bottle grip
1964,bottle grip
1749,bottle grip
1580,bottle grip
1571,bottle grip
1612,bottle grip
1715,bottle grip
1803,bottle grip
1877,bottle grip
1864,bottle grip
1582,bottle grip
1740,bottle grip
1953,bottle grip
2132,bottle grip
2199,bottle grip
2091,bottle grip
1963,bottle grip
1883,bottle grip
1831,bottle grip
1855,bottle grip
2129,bottle grip
1961,bottle grip
1744,bottle grip
1578,bottle grip
1561,bottle grip
1610,bottle grip
1717,bottle grip
1805,bottle grip
1877,bottle grip
1857,bottle grip
1581,bottle grip
1736,bottle grip
1955,bottle grip
2134,bottle grip
2193,bottle grip
2096,bottle grip
1972,bottle grip
1887,bottle grip
1829,bottle grip
1855,bottle grip
2132,bottle grip
1960,bottle grip
1745,bottle grip
1573,bottle grip
1576,bottle grip
1614,bottle grip
1723,bottle grip
1814,bottle grip
1878,bottle grip
1848,bottle grip
1578,bottle grip
1733,bottle grip
1960,bottle grip
2125,bottle grip
2190,bottle grip
2089,bottle grip
1962,bottle grip
1887,bottle grip
1826,bottle grip
1862,bottle grip
2131,bottle grip
1961,bottle grip
1745,bottle grip
1583,bottle grip
1577,bottle grip
1611,bottle grip
1720,bottle grip
1802,bottle grip
1877,bottle grip
1846,bottle grip
1581,bottle grip
1746,bottle grip
1963,bottle grip
2133,bottle grip
2193,bottle grip
2091,bottle grip
1960,bottle grip
1883,bottle grip
1822,bottle grip
1862,bottle grip
2128,bottle grip
1959,bottle grip
1736,bottle grip
1577,bottle grip
1568,bottle grip
1612,bottle grip
1725,bottle grip
1811,bottle grip
1880,bottle grip
1845,bottle grip
1580,bottle grip
1744,bottle grip
1959,bottle grip
2138,bottle grip
2195,bottle grip
2091,bottle grip
1961,bottle grip
1884,bottle grip
1828,bottle grip
1870,bottle grip
2124,bottle grip
1952,bottle grip
1735,bottle grip
1576,bottle grip
1571,bottle grip
1614,bottle grip
1724,bottle grip
1815,bottle grip
1877,bottle grip
1845,bottle grip
1586,bottle grip
1747,bottle grip
1972,bottle grip
2137,bottle grip
2191,bottle grip
2094,bottle grip
1968,bottle grip
1886,bottle grip
1824,bottle grip
1878,bottle grip
2128,bottle grip
1952,bottle grip
1734,bottle grip
1574,bottle grip
1571,bottle grip
1609,bottle grip
1721,bottle grip
1811,bottle grip
1880,bottle grip
1833,bottle grip
1582,bottle grip
1749,bottle grip
1970,bottle grip
2144,bottle grip
2189,bottle grip
2096,bottle grip
1963,bottle grip
1885,bottle grip
1819,bottle grip
1871,bottle grip
2121,bottle grip
1947,bottle grip
1725,bottle grip
1571,bottle grip
1573,bottle grip
1617,bottle grip
1726,bottle grip
1816,bottle grip
1886,bottle grip
1835,bottle grip
1584,bottle grip
1752,bottle grip
1978,bottle grip
2140,bottle grip
2186,bottle grip
2090,bottle grip
1956,bottle grip
1878,bottle grip
1818,bottle grip
1877,bottle grip
2123,bottle grip
1946,bottle grip
1723,bottle grip
1577,bottle grip
1577,bottle grip
1623,bottle grip
1734,bottle grip
1812,bottle grip
1883,bottle grip
1830,bottle grip
1585,bottle grip
1749,bottle grip
1976,bottle grip
2138,bottle grip
2184,bottle grip
2088,bottle grip
1961,bottle grip
1880,bottle grip
1820,bottle grip
1886,bottle grip
2125,bottle grip
1947,bottle grip
1725,bottle grip
1574,bottle grip
1573,bottle grip
1618,bottle grip
1727,bottle grip
1815,bottle grip
1879,bottle grip
1825,bottle grip
1589,bottle grip
1760,bottle grip
1977,bottle grip
2143,bottle grip
2180,bottle grip
2083,bottle grip
1955,bottle grip
1879,bottle grip
1820,bottle grip
1893,bottle grip
2127,bottle grip
1946,bottle grip
1720,bottle grip
1576,bottle grip
1575,bottle grip
1637,bottle grip
1747,bottle grip
1834,bottle grip
1897,bottle grip
1831,bottle grip
1591,bottle grip
1753,bottle grip
1977,bottle grip
2147,bottle grip
2185,bottle grip
2084,bottle grip
1949,bottle grip
1877,bottle grip
1813,bottle grip
1885,bottle grip
2120,bottle grip
1938,bottle grip
1715,bottle grip
1559,bottle grip
1556,bottle grip
1604,bottle grip
1723,bottle grip
1809,bottle grip
1876,bottle grip
1810,bottle grip
1576,bottle grip
1754,bottle grip
1983,bottle grip
2151,bottle grip
2201,bottle grip
2099,bottle grip
1965,bottle grip
1899,bottle grip
1832,bottle grip
1904,bottle grip
2123,bottle grip
1943,bottle grip
1716,bottle grip
1576,bottle grip
1575,bottle grip
1618,bottle grip
1732,bottle grip
1809,bottle grip
1882,bottle grip
1812,bottle grip
1585,bottle grip
1755,bottle grip
1981,bottle grip
2150,bottle grip
2178,bottle grip
2079,bottle grip
1944,bottle grip
1873,bottle grip
1817,bottle grip
1900,bottle grip
2119,bottle grip
1947,bottle grip
1712,bottle grip
1561,bottle grip
1570,bottle grip
1621,bottle grip
1735,bottle grip
1824,bottle grip
1891,bottle grip
1804,bottle grip
1577,bottle grip
1767,bottle grip
1988,bottle grip
2152,bottle grip
2184,bottle grip
2082,bottle grip
1939,bottle grip
1867,bottle grip
1817,bottle grip
1903,bottle grip
2123,bottle grip
1949,bottle grip
1719,bottle grip
1579,bottle grip
1580,bottle grip
1631,bottle grip
1742,bottle grip
1819,bottle grip
1885,bottle grip
1799,bottle grip
1587,bottle grip
1746,bottle grip
1970,bottle grip
2123,bottle grip
2179,bottle grip
2089,bottle grip
1960,bottle grip
1886,bottle grip
1821,bottle grip
1907,bottle grip
2122,bottle grip
1948,bottle grip
1707,bottle grip
1576,bottle grip
1577,bottle grip
1617,bottle grip
1733,bottle grip
1818,bottle grip
1884,bottle grip
1802,bottle grip
1587,bottle grip
1750,bottle grip
1993,bottle grip
2157,bottle grip
2180,bottle grip
2079,bottle grip
1949,bottle grip
1885,bottle grip
1835,bottle grip
1932,bottle grip
2134,bottle grip
1952,bottle grip
1719,bottle grip
1567,bottle grip
1553,bottle grip
1585,bottle grip
1723,bottle grip
1817,bottle grip
1894,bottle grip
1816,bottle grip
1611,bottle grip
1793,bottle grip
2005,bottle grip
2127,bottle grip
2111,bottle grip
1997,bottle grip
1927,bottle grip
1881,bottle grip
1828,bottle grip
1928,bottle grip
2135,bottle grip
1958,bottle grip
1716,bottle grip
1580,bottle grip
1578,bottle grip
1625,bottle grip
1734,bottle grip
1823,bottle grip
1880,bottle grip
1787,bottle grip
1594,bottle grip
1784,bottle grip
2008,bottle grip
2160,bottle grip
2181,bottle grip
2071,bottle grip
1937,bottle grip
1882,bottle grip
1827,bottle grip
1930,bottle grip
2127,bottle grip
1936,bottle grip
1694,bottle grip
1561,bottle grip
1569,bottle grip
1622,bottle grip
1739,bottle grip
1828,bottle grip
1894,bottle grip
1788,bottle grip
1588,bottle grip
1761,bottle grip
2001,bottle grip
2155,bottle grip
2169,bottle grip
2076,bottle grip
1967,bottle grip
1900,bottle grip
1828,bottle grip
1920,bottle grip
2084,bottle grip
1895,bottle grip
1680,bottle grip
1587,bottle grip
1594,bottle grip
1634,bottle grip
1748,bottle grip
1833,bottle grip
1885,bottle grip
1777,bottle grip
1593,bottle grip
1755,bottle grip
1982,bottle grip
2159,bottle grip
2176,bottle grip
2064,bottle grip
1970,bottle grip
1891,bottle grip
1841,bottle grip
1955,bottle grip
2142,bottle grip
1939,bottle grip
1668,bottle grip
1518,bottle grip
1535,bottle grip
1580,bottle grip
1731,bottle grip
1832,bottle grip
1899,bottle grip
1791,bottle grip
1592,bottle grip
1772,bottle grip
2023,bottle grip
2191,bottle grip
2204,bottle grip
2089,bottle grip
1951,bottle grip
1865,bottle grip
1787,bottle grip
1899,bottle grip
2086,bottle grip
1908,bottle grip
1709,bottle grip
1597,bottle grip
1601,bottle grip
1636,bottle grip
1752,bottle grip
1819,bottle grip
1865,bottle grip
1763,bottle grip
1593,bottle grip
1777,bottle grip
2012,bottle grip
2172,bottle grip
2188,bottle grip
2085,bottle grip
1937,bottle grip
1846,bottle grip
1784,bottle grip
1938,bottle grip
2122,bottle grip
1944,bottle grip
1702,bottle grip
1572,bottle grip
1585,bottle grip
1640,bottle grip
1761,bottle grip
1831,bottle grip
1889,bottle grip
1764,bottle grip
1572,bottle grip
1754,bottle grip
2002,bottle grip
2157,bottle grip
2176,bottle grip
2046,bottle grip
1927,bottle grip
1887,bottle grip
1842,bottle grip
1962,bottle grip
2130,bottle grip
1962,bottle grip
1709,bottle grip
1559,bottle grip
1536,bottle grip
1585,bottle grip
1718,bottle grip
1783,bottle grip
1891,bottle grip
1794,bottle grip
1613,bottle grip
1789,bottle grip
2035,bottle grip
2173,bottle grip
2148,bottle grip
2027,bottle grip
1932,bottle grip
1855,bottle grip
1803,bottle grip
1959,bottle grip
2127,bottle grip
1953,bottle grip
1724,bottle grip
1603,bottle grip
1602,bottle grip
1634,bottle grip
1737,bottle grip
1800,bottle grip
1854,bottle grip
1737,bottle grip
1606,bottle grip
1795,bottle grip
2029,bottle grip
2178,bottle grip
2185,bottle grip
2035,bottle grip
1895,bottle grip
1864,bottle grip
1832,bottle grip
1981,bottle grip
2141,bottle grip
1968,bottle grip
1686,bottle grip
1512,bottle grip
1469,bottle grip
1587,bottle grip
1757,bottle grip
1848,bottle grip
1914,bottle grip
1780,bottle grip
1609,bottle grip
1765,bottle grip
2018,bottle grip
2155,bottle grip
2165,bottle grip
2083,bottle grip
1975,bottle grip
1902,bottle grip
1840,bottle grip
1970,bottle grip
2080,bottle grip
1913,bottle grip
1629,bottle grip
1521,bottle grip
1560,bottle grip
1635,bottle grip
1757,bottle grip
1833,bottle grip
1896,bottle grip
1760,bottle grip
1597,bottle grip
1767,bottle grip
2019,bottle grip
2168,bottle grip
2176,bottle grip
2080,bottle grip
1946,bottle grip
1868,bottle grip
1816,bottle grip
1956,bottle grip
2114,bottle grip
1943,bottle grip
1708,bottle grip
1580,bottle grip
1602,bottle grip
1656,bottle grip
1755,bottle grip
1762,bottle grip
1848,bottle grip
1742,bottle grip
1601,bottle grip
1782,bottle grip
2051,bottle grip
2193,bottle grip
2170,bottle grip
2049,bottle grip
1899,bottle grip
1835,bottle grip
1805,bottle grip
1985,bottle grip
2136,bottle grip
1949,bottle grip
1681,bottle grip
1543,bottle grip
1540,bottle grip
1617,bottle grip
1771,bottle grip
1861,bottle grip
1924,bottle grip
1770,bottle grip
1626,bottle grip
1780,bottle grip
1981,bottle grip
2131,bottle grip
2179,bottle grip
2107,bottle grip
1981,bottle grip
1921,bottle grip
1865,bottle grip
1987,bottle grip
2071,bottle grip
1820,bottle grip
1618,bottle grip
1503,bottle grip
1555,bottle grip
1640,bottle grip
1765,bottle grip
1852,bottle grip
1906,bottle grip
1750,bottle grip
1610,bottle grip
1796,bottle grip
2033,bottle grip
2168,bottle grip
2205,bottle grip
2087,bottle grip
1937,bottle grip
1881,bottle grip
1838,bottle grip
1995,bottle grip
2111,bottle grip
1912,bottle grip
1677,bottle grip
1561,bottle grip
1528,bottle grip
1606,bottle grip
1721,bottle grip
1787,bottle grip
1855,bottle grip
1729,bottle grip
1611,bottle grip
1788,bottle grip
2033,bottle grip
2184,bottle grip
2185,bottle grip
2074,bottle grip
1939,bottle grip
1864,bottle grip
1824,bottle grip
1989,bottle grip
2121,bottle grip
1936,bottle grip
1682,bottle grip
1568,bottle grip
1582,bottle grip
1633,bottle grip
1751,bottle grip
1847,bottle grip
1896,bottle grip
1747,bottle grip
1607,bottle grip
1771,bottle grip
2048,bottle grip
2245,bottle grip
2251,bottle grip
2115,bottle grip
1969,bottle grip
1848,bottle grip
1631,bottle grip
1787,bottle grip
2041,bottle grip
1855,bottle grip
1641,bottle grip
1579,bottle grip
1588,bottle grip
1671,bottle grip
1791,bottle grip
1861,bottle grip
1917,bottle grip
1744,bottle grip
1591,bottle grip
1757,bottle grip
2009,bottle grip
2179,bottle grip
2188,bottle grip
2080,bottle grip
1955,bottle grip
1900,bottle grip
1846,bottle grip
2009,bottle grip
2143,bottle grip
1960,bottle grip
1689,bottle grip
1574,bottle grip
1536,bottle grip
1578,bottle grip
1702,bottle grip
1792,bottle grip
1872,bottle grip
1750,bottle grip
1621,bottle grip
1778,bottle grip
2019,bottle grip
2158,bottle grip
2162,bottle grip
2053,bottle grip
1969,bottle grip
1909,bottle grip
1892,bottle grip
2083,bottle grip
2172,bottle grip
1954,bottle grip
1612,bottle grip
1436,bottle grip
1435,bottle grip
1587,bottle grip
1770,bottle grip
1847,bottle grip
1871,bottle grip
1678,bottle grip
1576,bottle grip
1797,bottle grip
2039,bottle grip
2143,bottle grip
2106,bottle grip
2041,bottle grip
1945,bottle grip
1903,bottle grip
1848,bottle grip
2004,bottle grip
2116,bottle grip
1924,bottle grip
1661,bottle grip
1581,bottle grip
1615,bottle grip
1672,bottle grip
1781,bottle grip
1842,bottle grip
1882,bottle grip
1697,bottle grip
1583,bottle grip
1756,bottle grip
2053,bottle grip
2218,bottle grip
2200,bottle grip
2075,bottle grip
1914,bottle grip
1858,bottle grip
1805,bottle grip
1977,bottle grip
2082,bottle grip
1920,bottle grip
1661,bottle grip
1554,bottle grip
1595,bottle grip
1657,bottle grip
1758,bottle grip
1788,bottle grip
1848,bottle grip
1675,bottle grip
1636,bottle grip
1844,bottle grip
2085,bottle grip
2189,bottle grip
2152,bottle grip
2017,bottle grip
1907,bottle grip
1865,bottle grip
1820,bottle grip
1999,bottle grip
2105,bottle grip
1914,bottle grip
1701,bottle grip
1626,bottle grip
1630,bottle grip
1668,bottle grip
1737,bottle grip
1739,bottle grip
1799,bottle grip
1705,bottle grip
1639,bottle grip
1825,bottle grip
2046,bottle grip
2150,bottle grip
2159,bottle grip
2061,bottle grip
1938,bottle grip
1856,bottle grip
1809,bottle grip
1982,bottle grip
2084,bottle grip
1923,bottle grip
1655,bottle grip
1565,bottle grip
1575,bottle grip
1643,bottle grip
1777,bottle grip
1852,bottle grip
1892,bottle grip
1679,bottle grip
1625,bottle grip
1810,bottle grip
2061,bottle grip
2202,bottle grip
2181,bottle grip
2050,bottle grip
1878,bottle grip
1856,bottle grip
1832,bottle grip
2026,bottle grip
2111,bottle grip
1899,bottle grip
1622,bottle grip
1564,bottle grip
1591,bottle grip
1679,bottle grip
1794,bottle grip
1827,bottle grip
1810,bottle grip
1663,bottle grip
1589,bottle grip
1760,bottle grip
2054,bottle grip
2203,bottle grip
2177,bottle grip
2073,bottle grip
1939,bottle grip
1877,bottle grip
1824,bottle grip
2007,bottle grip
2072,bottle grip
1886,bottle grip
1651,bottle grip
1581,bottle grip
1597,bottle grip
1653,bottle grip
1770,bottle grip
1840,bottle grip
1892,bottle grip
1705,bottle grip
1622,bottle grip
1791,bottle grip
2051,bottle grip
2187,bottle grip
2163,bottle grip
2051,bottle grip
1925,bottle grip
1865,bottle grip
1815,bottle grip
2004,bottle grip
2080,bottle grip
1897,bottle grip
1643,bottle grip
1570,bottle grip
1584,bottle grip
1638,bottle grip
1766,bottle grip
1842,bottle grip
1901,bottle grip
1711,bottle grip
1622,bottle grip
1796,bottle grip
2054,bottle grip
2181,bottle grip
2157,bottle grip
2051,bottle grip
1929,bottle grip
1866,bottle grip
1810,bottle grip
2003,bottle grip
2071,bottle grip
1897,bottle grip
1646,bottle grip
1578,bottle grip
1591,bottle grip
1640,bottle grip
1760,bottle grip
1834,bottle grip
1892,bottle grip
1704,bottle grip
1628,bottle grip
1804,bottle grip
2060,bottle grip
2186,bottle grip
2159,bottle grip
2052,bottle grip
1920,bottle grip
1857,bottle grip
1810,bottle grip
2017,bottle grip
2082,bottle grip
1906,bottle grip
1635,bottle grip
1555,bottle grip
1582,bottle grip
1646,bottle grip
1760,bottle grip
1834,bottle grip
1894,bottle grip
1702,bottle grip
1631,bottle grip
1804,bottle grip
2066,bottle grip
2190,bottle grip
2158,bottle grip
2045,bottle grip
1920,bottle grip
1857,bottle grip
1810,bottle grip
2014,bottle grip
2086,bottle grip
1895,bottle grip
1642,bottle grip
1567,bottle grip
1585,bottle grip
1641,bottle grip
1764,bottle grip
1842,bottle grip
1895,bottle grip
1692,bottle grip
1629,bottle grip
1804,bottle grip
2067,bottle grip
2186,bottle grip
2155,bottle grip
2042,bottle grip
1923,bottle grip
1856,bottle grip
1807,bottle grip
2016,bottle grip
2075,bottle grip
1897,bottle grip
1642,bottle grip
1576,bottle grip
1593,bottle grip
1642,bottle grip
1765,bottle grip
1838,bottle grip
1893,bottle grip
1688,bottle grip
1628,bottle grip
1801,bottle grip
2059,bottle grip
2181,bottle grip
2151,bottle grip
2045,bottle grip
1923,bottle grip
1858,bottle grip
1811,bottle grip
2023,bottle grip
2075,bottle grip
1898,bottle grip
1634,bottle grip
1571,bottle grip
1589,bottle grip
1642,bottle grip
1768,bottle grip
1842,bottle grip
1895,bottle grip
1684,bottle grip
1631,bottle grip
1809,bottle grip
2067,bottle grip
2188,bottle grip
2153,bottle grip
2045,bottle grip
1925,bottle grip
1859,bottle grip
1806,bottle grip
2025,bottle grip
2078,bottle grip
1890,bottle grip
1634,bottle grip
1566,bottle grip
1589,bottle grip
1650,bottle grip
1767,bottle grip
1836,bottle grip
1889,bottle grip
1677,bottle grip
1632,bottle grip
1810,bottle grip
2063,bottle grip
2188,bottle grip
2153,bottle grip
2044,bottle grip
1925,bottle grip
1860,bottle grip
1813,bottle grip
2036,bottle grip
2076,bottle grip
1891,bottle grip
1638,bottle grip
1569,bottle grip
1578,bottle grip
1640,bottle grip
1764,bottle grip
1843,bottle grip
1894,bottle grip
1674,bottle grip
1635,bottle grip
1811,bottle grip
2069,bottle grip
2191,bottle grip
2155,bottle grip
2049,bottle grip
1927,bottle grip
1863,bottle grip
1811,bottle grip
2026,bottle grip
2064,bottle grip
1889,bottle grip
1631,bottle grip
1572,bottle grip
1591,bottle grip
1649,bottle grip
1769,bottle grip
1843,bottle grip
1891,bottle grip
1671,bottle grip
1641,bottle grip
1813,bottle grip
2073,bottle grip
2193,bottle grip
2148,bottle grip
2041,bottle grip
1919,bottle grip
1861,bottle grip
1811,bottle grip
2040,bottle grip
2065,bottle grip
1883,bottle grip
1626,bottle grip
1567,bottle grip
1595,bottle grip
1648,bottle grip
1769,bottle grip
1843,bottle grip
1893,bottle grip
1668,bottle grip
1640,bottle grip
1815,bottle grip
2077,bottle grip
2192,bottle grip
2145,bottle grip
2031,bottle grip
1913,bottle grip
1858,bottle grip
1814,bottle grip
2040,bottle grip
2065,bottle grip
1880,bottle grip
1628,bottle grip
1572,bottle grip
1590,bottle grip
1650,bottle grip
1772,bottle grip
1844,bottle grip
1899,bottle grip
1669,bottle grip
1643,bottle grip
1824,bottle grip
2074,bottle grip
2194,bottle grip
2145,bottle grip
2038,bottle grip
1921,bottle grip
1847,bottle grip
1800,bottle grip
2039,bottle grip
2058,bottle grip
1879,bottle grip
1622,bottle grip
1580,bottle grip
1595,bottle grip
1658,bottle grip
1771,bottle grip
1846,bottle grip
1894,bottle grip
1657,bottle grip
1640,bottle grip
1818,bottle grip
2075,bottle grip
2197,bottle grip
2147,bottle grip
2034,bottle grip
1919,bottle grip
1860,bottle grip
1810,bottle grip
2048,bottle grip
2055,bottle grip
1874,bottle grip
1613,bottle grip
1559,bottle grip
1594,bottle grip
1656,bottle grip
1777,bottle grip
1850,bottle grip
1897,bottle grip
1668,bottle grip
1653,bottle grip
1820,bottle grip
2075,bottle grip
2188,bottle grip
2137,bottle grip
2035,bottle grip
1920,bottle grip
1856,bottle grip
1813,bottle grip
2058,bottle grip
2054,bottle grip
1875,bottle grip
1616,bottle grip
1565,bottle grip
1589,bottle grip
1648,bottle grip
1770,bottle grip
1848,bottle grip
1898,bottle grip
1657,bottle grip
1649,bottle grip
1832,bottle grip
2082,bottle grip
2197,bottle grip
2137,bottle grip
2029,bottle grip
1920,bottle grip
1852,bottle grip
1810,bottle grip
2057,bottle grip
2052,bottle grip
1873,bottle grip
1616,bottle grip
1573,bottle grip
1594,bottle grip
1654,bottle grip
1776,bottle grip
1852,bottle grip
1900,bottle grip
1654,bottle grip
1656,bottle grip
1832,bottle grip
2090,bottle grip
2198,bottle grip
2136,bottle grip
2028,bottle grip
1912,bottle grip
1850,bottle grip
1806,bottle grip
2058,bottle grip
2052,bottle grip
1867,bottle grip
1614,bottle grip
1572,bottle grip
1599,bottle grip
1659,bottle grip
1782,bottle grip
1857,bottle grip
1903,bottle grip
1645,bottle grip
1649,bottle grip
1822,bottle grip
2082,bottle grip
2195,bottle grip
2137,bottle grip
2032,bottle grip
1911,bottle grip
1848,bottle grip
1808,bottle grip
2066,bottle grip
2050,bottle grip
1870,bottle grip
1612,bottle grip
1565,bottle grip
1597,bottle grip
1662,bottle grip
1775,bottle grip
1848,bottle grip
1897,bottle grip
1645,bottle grip
1659,bottle grip
1839,bottle grip
2089,bottle grip
2201,bottle grip
2136,bottle grip
2026,bottle grip
1907,bottle grip
1850,bottle grip
1812,bottle grip
2068,bottle grip
2046,bottle grip
1861,bottle grip
1610,bottle grip
1566,bottle grip
1596,bottle grip
1658,bottle grip
1780,bottle grip
1853,bottle grip
1900,bottle grip
1640,bottle grip
1646,bottle grip
1826,bottle grip
2086,bottle grip
2203,bottle grip
2137,bottle grip
2031,bottle grip
1912,bottle grip
1848,bottle grip
1805,bottle grip
2063,bottle grip
2050,bottle grip
1859,bottle grip
1607,bottle grip
1567,bottle grip
1599,bottle grip
1656,bottle grip
1778,bottle grip
1850,bottle grip
1894,bottle grip
1641,bottle grip
1664,bottle grip
1838,bottle grip
2092,bottle grip
2201,bottle grip
2137,bottle grip
2028,bottle grip
1908,bottle grip
1842,bottle grip
1804,bottle grip
2074,bottle grip
2040,bottle grip
1863,bottle grip
1612,bottle grip
1573,bottle grip
1602,bottle grip
1663,bottle grip
1779,bottle grip
1853,bottle grip
1896,bottle grip
1637,bottle grip
1665,bottle grip
1849,bottle grip
2089,bottle grip
2199,bottle grip
2135,bottle grip
2023,bottle grip
1906,bottle grip
1844,bottle grip
1803,bottle grip
2080,bottle grip
2039,bottle grip
1852,bottle grip
1605,bottle grip
1569,bottle grip
1602,bottle grip
1666,bottle grip
1784,bottle grip
1857,bottle grip
1901,bottle grip
1637,bottle grip
1668,bottle grip
1857,bottle grip
2100,bottle grip
2198,bottle grip
2130,bottle grip
2016,bottle grip
1906,bottle grip
1845,bottle grip
1805,bottle grip
2074,bottle grip
2039,bottle grip
1854,bottle grip
1602,bottle grip
1559,bottle grip
1598,bottle grip
1660,bottle grip
1785,bottle grip
1856,bottle grip
1904,bottle grip
1633,bottle grip
1668,bottle grip
1851,bottle grip
2097,bottle grip
2202,bottle grip
2132,bottle grip
2016,bottle grip
1912,bottle grip
1844,bottle grip
1804,bottle grip
2077,bottle grip
2035,bottle grip
1851,bottle grip
1603,bottle grip
1560,bottle grip
1598,bottle grip
1667,bottle grip
1785,bottle grip
1859,bottle grip
1901,bottle grip
1632,bottle grip
1671,bottle grip
1853,bottle grip
2098,bottle grip
2207,bottle grip
2130,bottle grip
2019,bottle grip
1907,bottle grip
1847,bottle grip
1802,bottle grip
2079,bottle grip
2030,bottle grip
1841,bottle grip
1602,bottle grip
1560,bottle grip
1596,bottle grip
1667,bottle grip
1784,bottle grip
1856,bottle grip
1901,bottle grip
1624,bottle grip
1679,bottle grip
1862,bottle grip
2101,bottle grip
2203,bottle grip
2127,bottle grip
2019,bottle grip
1908,bottle grip
1837,bottle grip
1800,bottle grip
2080,bottle grip
2025,bottle grip
1840,bottle grip
1602,bottle grip
1559,bottle grip
1600,bottle grip
1668,bottle grip
1781,bottle grip
1855,bottle grip
1898,bottle grip
1625,bottle grip
1681,bottle grip
1865,bottle grip
2098,bottle grip
2202,bottle grip
2128,bottle grip
2019,bottle grip
1909,bottle grip
1846,bottle grip
1803,bottle grip
2085,bottle grip
2029,bottle grip
1843,bottle grip
1604,bottle grip
1570,bottle grip
1602,bottle grip
1669,bottle grip
1785,bottle grip
1856,bottle grip
1892,bottle grip
1608,bottle grip
1673,bottle grip
1868,bottle grip
2098,bottle grip
2201,bottle grip
2128,bottle grip
2014,bottle grip
1910,bottle grip
1847,bottle grip
1806,bottle grip
2093,bottle grip
2027,bottle grip
1835,bottle grip
1602,bottle grip
1565,bottle grip
1602,bottle grip
1669,bottle grip
1786,bottle grip
1856,bottle grip
1898,bottle grip
1619,bottle grip
1682,bottle grip
1866,bottle grip
2101,bottle grip
2201,bottle grip
2127,bottle grip
2011,bottle grip
1901,bottle grip
1845,bottle grip
1808,bottle grip
2094,bottle grip
2022,bottle grip
1829,bottle grip
1598,bottle grip
1565,bottle grip
1599,bottle grip
1677,bottle grip
1788,bottle grip
1860,bottle grip
1900,bottle grip
1614,bottle grip
1686,bottle grip
1874,bottle grip
2103,bottle grip
2205,bottle grip
2126,bottle grip
2013,bottle grip
1903,bottle grip
1838,bottle grip
1800,bottle grip
2088,bottle grip
2013,bottle grip
1823,bottle grip
1599,bottle grip
1570,bottle grip
1608,bottle grip
1678,bottle grip
1788,bottle grip
1861,bottle grip
1900,bottle grip
1608,bottle grip
1678,bottle grip
1871,bottle grip
2102,bottle grip
2201,bottle grip
2123,bottle grip
2010,bottle grip
1906,bottle grip
1846,bottle grip
1802,bottle grip
2091,bottle grip
2010,bottle grip
1822,bottle grip
1594,bottle grip
1560,bottle grip
1602,bottle grip
1673,bottle grip
1791,bottle grip
1861,bottle grip
1896,bottle grip
1617,bottle grip
1691,bottle grip
1877,bottle grip
2108,bottle grip
2202,bottle grip
2117,bottle grip
2007,bottle grip
1900,bottle grip
1841,bottle grip
1804,bottle grip
2098,bottle grip
2014,bottle grip
1818,bottle grip
1597,bottle grip
1564,bottle grip
1601,bottle grip
1674,bottle grip
1790,bottle grip
1862,bottle grip
1904,bottle grip
1615,bottle grip
1689,bottle grip
1885,bottle grip
2108,bottle grip
2199,bottle grip
2114,bottle grip
1997,bottle grip
1898,bottle grip
1839,bottle grip
1801,bottle grip
2098,bottle grip
2010,bottle grip
1819,bottle grip
1596,bottle grip
1565,bottle grip
1608,bottle grip
1684,bottle grip
1787,bottle grip
1860,bottle grip
1902,bottle grip
1612,bottle grip
1700,bottle grip
1890,bottle grip
2104,bottle grip
2205,bottle grip
2116,bottle grip
2002,bottle grip
1898,bottle grip
1836,bottle grip
1808,bottle grip
2100,bottle grip
2011,bottle grip
1818,bottle grip
1599,bottle grip
1571,bottle grip
1610,bottle grip
1684,bottle grip
1794,bottle grip
1866,bottle grip
1901,bottle grip
1606,bottle grip
1697,bottle grip
1889,bottle grip
2104,bottle grip
2201,bottle grip
2116,bottle grip
1995,bottle grip
1895,bottle grip
1835,bottle grip
1802,bottle grip
2100,bottle grip
2004,bottle grip
1811,bottle grip
1602,bottle grip
1569,bottle grip
1612,bottle grip
1689,bottle grip
1798,bottle grip
1874,bottle grip
1907,bottle grip
1606,bottle grip
1691,bottle grip
1880,bottle grip
2092,bottle grip
2201,bottle grip
2118,bottle grip
1997,bottle grip
1896,bottle grip
1833,bottle grip
1798,bottle grip
2101,bottle grip
2006,bottle grip
1812,bottle grip
1597,bottle grip
1574,bottle grip
1605,bottle grip
1683,bottle grip
1799,bottle grip
1865,bottle grip
1907,bottle grip
1610,bottle grip
1705,bottle grip
1898,bottle grip
2107,bottle grip
2200,bottle grip
2117,bottle grip
1998,bottle grip
1895,bottle grip
1828,bottle grip
1786,bottle grip
2098,bottle grip
1999,bottle grip
1803,bottle grip
1594,bottle grip
1569,bottle grip
1611,bottle grip
1692,bottle grip
1798,bottle grip
1866,bottle grip
1904,bottle grip
1602,bottle grip
1701,bottle grip
1898,bottle grip
2113,bottle grip
2203,bottle grip
2114,bottle grip
1995,bottle grip
1897,bottle grip
1840,bottle grip
1815,bottle grip
2120,bottle grip
2009,bottle grip
1801,bottle grip
1575,bottle grip
1544,bottle grip
1609,bottle grip
1710,bottle grip
1826,bottle grip
1890,bottle grip
1896,bottle grip
1570,bottle grip
1658,bottle grip
1916,bottle grip
2137,bottle grip
2213,bottle grip
2141,bottle grip
2021,bottle grip
1894,bottle grip
1746,bottle grip
1686,bottle grip
2065,bottle grip
2016,bottle grip
1848,bottle grip
1644,bottle grip
1620,bottle grip
1640,bottle grip
1716,bottle grip
1783,bottle grip
1816,bottle grip
1817,bottle grip
1588,bottle grip
1743,bottle grip
1945,bottle grip
2096,bottle grip
2190,bottle grip
2134,bottle grip
2022,bottle grip
1932,bottle grip
1855,bottle grip
1775,bottle grip
2053,bottle grip
1963,bottle grip
1763,bottle grip
1550,bottle grip
1562,bottle grip
1622,bottle grip
1706,bottle grip
1811,bottle grip
1878,bottle grip
1908,bottle grip
1608,bottle grip
1720,bottle grip
1911,bottle grip
2129,bottle grip
2214,bottle grip
2124,bottle grip
1999,bottle grip
1905,bottle grip
1847,bottle grip
1789,bottle grip
2084,bottle grip
1980,bottle grip
1795,bottle grip
1605,bottle grip
1563,bottle grip
1605,bottle grip
1702,bottle grip
1810,bottle grip
1867,bottle grip
1906,bottle grip
1606,bottle grip
1718,bottle grip
1899,bottle grip
2099,bottle grip
2188,bottle grip
2084,bottle grip
1976,bottle grip
1886,bottle grip
1819,bottle grip
1800,bottle grip
2100,bottle grip
1991,bottle grip
1803,bottle grip
1599,bottle grip
1575,bottle grip
1618,bottle grip
1701,bottle grip
1805,bottle grip
1871,bottle grip
1905,bottle grip
1592,bottle grip
1724,bottle grip
1917,bottle grip
2108,bottle grip
2196,bottle grip
2109,bottle grip
1995,bottle grip
1914,bottle grip
1841,bottle grip
1820,bottle grip
2109,bottle grip
1998,bottle grip
1779,bottle grip
1566,bottle grip
1544,bottle grip
1561,bottle grip
1656,bottle grip
1782,bottle grip
1859,bottle grip
1888,bottle grip
1603,bottle grip
1731,bottle grip
1930,bottle grip
2128,bottle grip
2204,bottle grip
2108,bottle grip
2004,bottle grip
1926,bottle grip
1854,bottle grip
1818,bottle grip
2117,bottle grip
1968,bottle grip
1735,bottle grip
1574,bottle grip
1577,bottle grip
1634,bottle grip
1717,bottle grip
1837,bottle grip
1912,bottle grip
1927,bottle grip
1598,bottle grip
1699,bottle grip
1889,bottle grip
2067,bottle grip
2197,bottle grip
2103,bottle grip
1979,bottle grip
1890,bottle grip
1854,bottle grip
1826,bottle grip
2112,bottle grip
1971,bottle grip
1750,bottle grip
1580,bottle grip
1547,bottle grip
1608,bottle grip
1711,bottle grip
1810,bottle grip
1870,bottle grip
1902,bottle grip
1607,bottle grip
1713,bottle grip
1934,bottle grip
2136,bottle grip
2234,bottle grip
2145,bottle grip
1986,bottle grip
1896,bottle grip
1814,bottle grip
1708,bottle grip
2053,bottle grip
1961,bottle grip
1786,bottle grip
1616,bottle grip
1608,bottle grip
1639,bottle grip
1718,bottle grip
1795,bottle grip
1852,bottle grip
1912,bottle grip
1634,bottle grip
1767,bottle grip
1952,bottle grip
2100,bottle grip
2127,bottle grip
2023,bottle grip
1992,bottle grip
1916,bottle grip
1845,bottle grip
1797,bottle grip
2090,bottle grip
1944,bottle grip
1762,bottle grip
1599,bottle grip
1577,bottle grip
1615,bottle grip
1697,bottle grip
1784,bottle grip
1859,bottle grip
1908,bottle grip
1610,bottle grip
1732,bottle grip
1933,bottle grip
2116,bottle grip
2194,bottle grip
2117,bottle grip
1995,bottle grip
1904,bottle grip
1848,bottle grip
1831,bottle grip
2147,bottle grip
1993,bottle grip
1751,bottle grip
1518,bottle grip
1513,bottle grip
1599,bottle grip
1700,bottle grip
1812,bottle grip
1903,bottle grip
1930,bottle grip
1639,bottle grip
1742,bottle grip
1907,bottle grip
2080,bottle grip
2153,bottle grip
2066,bottle grip
1970,bottle grip
1903,bottle grip
1838,bottle grip
1846,bottle grip
2144,bottle grip
1987,bottle grip
1749,bottle grip
1553,bottle grip
1553,bottle grip
1592,bottle grip
1664,bottle grip
1788,bottle grip
1879,bottle grip
1906,bottle grip
1618,bottle grip
1757,bottle grip
1947,bottle grip
2144,bottle grip
2207,bottle grip
2098,bottle grip
1974,bottle grip
1885,bottle grip
1823,bottle grip
1829,bottle grip
2144,bottle grip
2036,bottle grip
1819,bottle grip
1572,bottle grip
1478,bottle grip
1574,bottle grip
1672,bottle grip
1781,bottle grip
1879,bottle grip
1893,bottle grip
1577,bottle grip
1703,bottle grip
1922,bottle grip
2112,bottle grip
2194,bottle grip
2107,bottle grip
1999,bottle grip
1920,bottle grip
1858,bottle grip
1827,bottle grip
2101,bottle grip
1949,bottle grip
1748,bottle grip
1565,bottle grip
1578,bottle grip
1624,bottle grip
1729,bottle grip
1814,bottle grip
1883,bottle grip
1908,bottle grip
1609,bottle grip
1747,bottle grip
1967,bottle grip
2152,bottle grip
2216,bottle grip
2109,bottle grip
1972,bottle grip
1863,bottle grip
1777,bottle grip
1787,bottle grip
2050,bottle grip
1933,bottle grip
1753,bottle grip
1593,bottle grip
1591,bottle grip
1627,bottle grip
1702,bottle grip
1809,bottle grip
1910,bottle grip
1913,bottle grip
1615,bottle grip
1780,bottle grip
1969,bottle grip
2092,bottle grip
2117,bottle grip
2035,bottle grip
1943,bottle grip
1903,bottle grip
1866,bottle grip
1843,bottle grip
2110,bottle grip
1976,bottle grip
1762,bottle grip
1581,bottle grip
1560,bottle grip
1600,bottle grip
1718,bottle grip
1821,bottle grip
1892,bottle grip
1902,bottle grip
1613,bottle grip
1741,bottle grip
1916,bottle grip
2128,bottle grip
2212,bottle grip
2111,bottle grip
2012,bottle grip
1924,bottle grip
1821,bottle grip
1786,bottle grip
2048,bottle grip
1873,bottle grip
1717,bottle grip
1592,bottle grip
1573,bottle grip
1630,bottle grip
1743,bottle grip
1838,bottle grip
1894,bottle grip
1920,bottle grip
1646,bottle grip
1770,bottle grip
1941,bottle grip
2096,bottle grip
2110,bottle grip
2063,bottle grip
1987,bottle grip
1901,bottle grip
1832,bottle grip
1811,bottle grip
2065,bottle grip
1940,bottle grip
1745,bottle grip
1569,bottle grip
1565,bottle grip
1627,bottle grip
1740,bottle grip
1835,bottle grip
1907,bottle grip
1880,bottle grip
1603,bottle grip
1785,bottle grip
2020,bottle grip
2194,bottle grip
2229,bottle grip
2120,bottle grip
1950,bottle grip
1815,bottle grip
1714,bottle grip
1700,bottle grip
2087,bottle grip
1986,bottle grip
1789,bottle grip
1623,bottle grip
1604,bottle grip
1616,bottle grip
1721,bottle grip
1816,bottle grip
1881,bottle grip
1901,bottle grip
1620,bottle grip
1754,bottle grip
1947,bottle grip
2054,bottle grip
2011,bottle grip
2077,bottle grip
2056,bottle grip
2020,bottle grip
1923,bottle grip
1871,bottle grip
2038,bottle grip
1846,bottle grip
1654,bottle grip
1546,bottle grip
1573,bottle grip
1644,bottle grip
1754,bottle grip
1850,bottle grip
1907,bottle grip
1875,bottle grip
1554,bottle grip
1720,bottle grip
1994,bottle grip
2162,bottle grip
2220,bottle grip
2109,bottle grip
1973,bottle grip
1897,bottle grip
1872,bottle grip
1869,bottle grip
2141,bottle grip
1971,bottle grip
1742,bottle grip
1562,bottle grip
1508,bottle grip
1559,bottle grip
1706,bottle grip
1822,bottle grip
1896,bottle grip
1876,bottle grip
1635,bottle grip
1787,bottle grip
1984,bottle grip
2144,bottle grip
2160,bottle grip
2007,bottle grip
1912,bottle grip
1874,bottle grip
1844,bottle grip
1871,bottle grip
2121,bottle grip
1950,bottle grip
1686,bottle grip
1585,bottle grip
1603,bottle grip
1638,bottle grip
1677,bottle grip
1734,bottle grip
1862,bottle grip
1863,bottle grip
1622,bottle grip
1819,bottle grip
2017,bottle grip
2152,bottle grip
2166,bottle grip
2034,bottle grip
1875,bottle grip
1848,bottle grip
1829,bottle grip
1874,bottle grip
2123,bottle grip
1926,bottle grip
1747,bottle grip
1586,bottle grip
1563,bottle grip
1602,bottle grip
1734,bottle grip
1832,bottle grip
1902,bottle grip
1871,bottle grip
1603,bottle grip
1759,bottle grip
1970,bottle grip
2142,bottle grip
2192,bottle grip
2082,bottle grip
1955,bottle grip
1885,bottle grip
1832,bottle grip
1857,bottle grip
2130,bottle grip
1962,bottle grip
1731,bottle grip
1556,bottle grip
1558,bottle grip
1620,bottle grip
1754,bottle grip
1847,bottle grip
1891,bottle grip
1837,bottle grip
1545,bottle grip
1712,bottle grip
1924,bottle grip
2126,bottle grip
2199,bottle grip
2127,bottle grip
1997,bottle grip
1926,bottle grip
1833,bottle grip
1847,bottle grip
2073,bottle grip
1907,bottle grip
1697,bottle grip
1526,bottle grip
1579,bottle grip
1622,bottle grip
1721,bottle grip
1812,bottle grip
1888,bottle grip
1867,bottle grip
1607,bottle grip
1745,bottle grip
1974,bottle grip
2153,bottle grip
2214,bottle grip
2102,bottle grip
1962,bottle grip
1882,bottle grip
1804,bottle grip
1840,bottle grip
2115,bottle grip
1956,bottle grip
1743,bottle grip
1587,bottle grip
1576,bottle grip
1611,bottle grip
1710,bottle grip
1786,bottle grip
1880,bottle grip
1866,bottle grip
1609,bottle grip
1750,bottle grip
1941,bottle grip
2127,bottle grip
2196,bottle grip
2097,bottle grip
1970,bottle grip
1892,bottle grip
1830,bottle grip
1872,bottle grip
2119,bottle grip
1950,bottle grip
1732,bottle grip
1576,bottle grip
1584,bottle grip
1633,bottle grip
1741,bottle grip
1824,bottle grip
1891,bottle grip
1838,bottle grip
1596,bottle grip
1751,bottle grip
1960,bottle grip
2119,bottle grip
2170,bottle grip
2089,bottle grip
1968,bottle grip
1882,bottle grip
1811,bottle grip
1841,bottle grip
2101,bottle grip
1944,bottle grip
1732,bottle grip
1583,bottle grip
1580,bottle grip
1624,bottle grip
1729,bottle grip
1819,bottle grip
1889,bottle grip
1843,bottle grip
1591,bottle grip
1760,bottle grip
1977,bottle grip
2140,bottle grip
2188,bottle grip
2090,bottle grip
1956,bottle grip
1880,bottle grip
1821,bottle grip
1872,bottle grip
2122,bottle grip
1941,bottle grip
1724,bottle grip
1571,bottle grip
1571,bottle grip
1615,bottle grip
1727,bottle grip
1822,bottle grip
1887,bottle grip
1839,bottle grip
1590,bottle grip
1750,bottle grip
1972,bottle grip
2143,bottle grip
2191,bottle grip
2088,bottle grip
1957,bottle grip
1880,bottle grip
1817,bottle grip
1869,bottle grip
2108,bottle grip
1944,bottle grip
1725,bottle grip
1573,bottle grip
1579,bottle grip
1622,bottle grip
1732,bottle grip
1813,bottle grip
1890,bottle grip
1829,bottle grip
1588,bottle grip
1756,bottle grip
1979,bottle grip
2139,bottle grip
2185,bottle grip
2080,bottle grip
1955,bottle grip
1878,bottle grip
1818,bottle grip
1881,bottle grip
2118,bottle grip
1942,bottle grip
1724,bottle grip
1574,bottle grip
1572,bottle grip
1624,bottle grip
1738,bottle grip
1820,bottle grip
1884,bottle grip
1828,bottle grip
1588,bottle grip
1752,bottle grip
1977,bottle grip
2147,bottle grip
2183,bottle grip
2079,bottle grip
1951,bottle grip
1879,bottle grip
1819,bottle grip
1887,bottle grip
2118,bottle grip
1941,bottle grip
1721,bottle grip
1570,bottle grip
1571,bottle grip
1619,bottle grip
1729,bottle grip
1818,bottle grip
1882,bottle grip
1828,bottle grip
1591,bottle grip
1757,bottle grip
1980,bottle grip
2144,bottle grip
2181,bottle grip
2083,bottle grip
1946,bottle grip
1882,bottle grip
1821,bottle grip
1891,bottle grip
2119,bottle grip
1950,bottle grip
1718,bottle grip
1579,bottle grip
1580,bottle grip
1625,bottle grip
1733,bottle grip
1819,bottle grip
1887,bottle grip
1812,bottle grip
1592,bottle grip
1758,bottle grip
1985,bottle grip
2146,bottle grip
2180,bottle grip
2080,bottle grip
1948,bottle grip
1878,bottle grip
1820,bottle grip
1898,bottle grip
2120,bottle grip
1942,bottle grip
1710,bottle grip
1575,bottle grip
1574,bottle grip
1627,bottle grip
1728,bottle grip
1816,bottle grip
1887,bottle grip
1814,bottle grip
1593,bottle grip
1764,bottle grip
1989,bottle grip
2156,bottle grip
2184,bottle grip
2078,bottle grip
1950,bottle grip
1871,bottle grip
1809,bottle grip
1889,bottle grip
2101,bottle grip
1925,bottle grip
1712,bottle grip
1576,bottle grip
1584,bottle grip
1631,bottle grip
1741,bottle grip
1829,bottle grip
1883,bottle grip
1811,bottle grip
1593,bottle grip
1764,bottle grip
1986,bottle grip
2149,bottle grip
2182,bottle grip
2074,bottle grip
1946,bottle grip
1876,bottle grip
1815,bottle grip
1907,bottle grip
2116,bottle grip
1932,bottle grip
1701,bottle grip
1571,bottle grip
1575,bottle grip
1624,bottle grip
1735,bottle grip
1824,bottle grip
1892,bottle grip
1803,bottle grip
1596,bottle grip
1775,bottle grip
1999,bottle grip
2145,bottle grip
2175,bottle grip
2077,bottle grip
1947,bottle grip
1872,bottle grip
1812,bottle grip
1903,bottle grip
2116,bottle grip
1930,bottle grip
1699,bottle grip
1573,bottle grip
1578,bottle grip
1628,bottle grip
1744,bottle grip
1827,bottle grip
1884,bottle grip
1801,bottle grip
1593,bottle grip
1769,bottle grip
1997,bottle grip
2151,bottle grip
2179,bottle grip
2077,bottle grip
1948,bottle grip
1879,bottle grip
1816,bottle grip
1909,bottle grip
2108,bottle grip
1925,bottle grip
1701,bottle grip
1578,bottle grip
1589,bottle grip
1627,bottle grip
1739,bottle grip
1824,bottle grip
1881,bottle grip
1790,bottle grip
1592,bottle grip
1766,bottle grip
2000,bottle grip
2161,bottle grip
2182,bottle grip
2071,bottle grip
1942,bottle grip
1878,bottle grip
1818,bottle grip
1919,bottle grip
2116,bottle grip
1932,bottle grip
1700,bottle grip
1576,bottle grip
1570,bottle grip
1624,bottle grip
1744,bottle grip
1830,bottle grip
1895,bottle grip
1792,bottle grip
1596,bottle grip
1767,bottle grip
1999,bottle grip
2149,bottle grip
2171,bottle grip
2071,bottle grip
1942,bottle grip
1869,bottle grip
1812,bottle grip
1922,bottle grip
2113,bottle grip
1931,bottle grip
1696,bottle grip
1565,bottle grip
1574,bottle grip
1633,bottle grip
1744,bottle grip
1827,bottle grip
1890,bottle grip
1786,bottle grip
1596,bottle grip
1770,bottle grip
1998,bottle grip
2158,bottle grip
2168,bottle grip
2072,bottle grip
1940,bottle grip
1871,bottle grip
1814,bottle grip
1922,bottle grip
2111,bottle grip
1930,bottle grip
1697,bottle grip
1572,bottle grip
1581,bottle grip
1631,bottle grip
1748,bottle grip
1827,bottle grip
1890,bottle grip
1777,bottle grip
1589,bottle grip
1768,bottle grip
2007,bottle grip
2166,bottle grip
2181,bottle grip
2079,bottle grip
1943,bottle grip
1868,bottle grip
1812,bottle grip
1922,bottle grip
2112,bottle grip
1917,bottle grip
1689,bottle grip
1569,bottle grip
1586,bottle grip
1633,bottle grip
1756,bottle grip
1832,bottle grip
1893,bottle grip
1781,bottle grip
1595,bottle grip
1775,bottle grip
2007,bottle grip
2158,bottle grip
2179,bottle grip
2070,bottle grip
1935,bottle grip
1868,bottle grip
1811,bottle grip
1928,bottle grip
2108,bottle grip
1932,bottle grip
1684,bottle grip
1568,bottle grip
1571,bottle grip
1626,bottle grip
1749,bottle grip
1831,bottle grip
1890,bottle grip
1766,bottle grip
1596,bottle grip
1768,bottle grip
2013,bottle grip
2168,bottle grip
2179,bottle grip
2074,bottle grip
1937,bottle grip
1869,bottle grip
1815,bottle grip
1944,bottle grip
2114,bottle grip
1941,bottle grip
1699,bottle grip
1572,bottle grip
1576,bottle grip
1619,bottle grip
1740,bottle grip
1824,bottle grip
1892,bottle grip
1769,bottle grip
1600,bottle grip
1773,bottle grip
2014,bottle grip
2168,bottle grip
2172,bottle grip
2062,bottle grip
1933,bottle grip
1872,bottle grip
1807,bottle grip
1939,bottle grip
2113,bottle grip
1936,bottle grip
1687,bottle grip
1570,bottle grip
1580,bottle grip
1632,bottle grip
1755,bottle grip
1830,bottle grip
1896,bottle grip
1772,bottle grip
1603,bottle grip
1774,bottle grip
2015,bottle grip
2164,bottle grip
2168,bottle grip
2060,bottle grip
1928,bottle grip
1867,bottle grip
1805,bottle grip
1943,bottle grip
2113,bottle grip
1934,bottle grip
1693,bottle grip
1576,bottle grip
1581,bottle grip
1630,bottle grip
1748,bottle grip
1826,bottle grip
1890,bottle grip
1764,bottle grip
1595,bottle grip
1774,bottle grip
2017,bottle grip
2165,bottle grip
2175,bottle grip
2067,bottle grip
1934,bottle grip
1867,bottle grip
1811,bottle grip
1943,bottle grip
2099,bottle grip
1923,bottle grip
1681,bottle grip
1575,bottle grip
1588,bottle grip
1638,bottle grip
1755,bottle grip
1831,bottle grip
1896,bottle grip
1760,bottle grip
1597,bottle grip
1776,bottle grip
2021,bottle grip
2169,bottle grip
2172,bottle grip
2063,bottle grip
1932,bottle grip
1866,bottle grip
1803,bottle grip
1948,bottle grip
2101,bottle grip
1921,bottle grip
1682,bottle grip
1567,bottle grip
1582,bottle grip
1630,bottle grip
1751,bottle grip
1831,bottle grip
1890,bottle grip
1754,bottle grip
1596,bottle grip
1779,bottle grip
2023,bottle grip
2168,bottle grip
2171,bottle grip
2064,bottle grip
1931,bottle grip
1868,bottle grip
1814,bottle grip
1953,bottle grip
2093,bottle grip
1917,bottle grip
1675,bottle grip
1574,bottle grip
1586,bottle grip
1637,bottle grip
1758,bottle grip
1836,bottle grip
1894,bottle grip
1754,bottle grip
1601,bottle grip
1782,bottle grip
2022,bottle grip
2172,bottle grip
2170,bottle grip
2061,bottle grip
1929,bottle grip
1869,bottle grip
1810,bottle grip
1958,bottle grip
2100,bottle grip
1917,bottle grip
1667,bottle grip
1570,bottle grip
1586,bottle grip
1640,bottle grip
1760,bottle grip
1828,bottle grip
1888,bottle grip
1750,bottle grip
1606,bottle grip
1783,bottle grip
2033,bottle grip
2173,bottle grip
2167,bottle grip
2059,bottle grip
1926,bottle grip
1867,bottle grip
1810,bottle grip
1962,bottle grip
2098,bottle grip
1920,bottle grip
1670,bottle grip
1571,bottle grip
1587,bottle grip
1635,bottle grip
1754,bottle grip
1829,bottle grip
1895,bottle grip
1747,bottle grip
1608,bottle grip
1782,bottle grip
2031,bottle grip
2173,bottle grip
2165,bottle grip
2057,bottle grip
1929,bottle grip
1866,bottle grip
1804,bottle grip
1962,bottle grip
2098,bottle grip
1917,bottle grip
1669,bottle grip
1570,bottle grip
1581,bottle grip
1634,bottle grip
1756,bottle grip
1831,bottle grip
1895,bottle grip
1745,bottle grip
1612,bottle grip
1784,bottle grip
2031,bottle grip
2174,bottle grip
2165,bottle grip
2057,bottle grip
1925,bottle grip
1865,bottle grip
1811,bottle grip
1964,bottle grip
2098,bottle grip
1920,bottle grip
1664,bottle grip
1574,bottle grip
1583,bottle grip
1639,bottle grip
1762,bottle grip
1834,bottle grip
1892,bottle grip
1740,bottle grip
1613,bottle grip
1790,bottle grip
2039,bottle grip
2176,bottle grip
2162,bottle grip
2056,bottle grip
1924,bottle grip
1866,bottle grip
1816,bottle grip
1985,bottle grip
2105,bottle grip
1923,bottle grip
1677,bottle grip
1585,bottle grip
1594,bottle grip
1644,bottle grip
1764,bottle grip
1830,bottle grip
1891,bottle grip
1733,bottle grip
1604,bottle grip
1783,bottle grip
2032,bottle grip
2169,bottle grip
2162,bottle grip
2052,bottle grip
1923,bottle grip
1859,bottle grip
1803,bottle grip
1964,bottle grip
2086,bottle grip
1909,bottle grip
1659,bottle grip
1567,bottle grip
1578,bottle grip
1634,bottle grip
1758,bottle grip
1833,bottle grip
1893,bottle grip
1734,bottle grip
1613,bottle grip
1795,bottle grip
2038,bottle grip
2180,bottle grip
2166,bottle grip
2047,bottle grip
1927,bottle grip
1862,bottle grip
1810,bottle grip
1980,bottle grip
2090,bottle grip
1909,bottle grip
1658,bottle grip
1570,bottle grip
1585,bottle grip
1637,bottle grip
1762,bottle grip
1835,bottle grip
1899,bottle grip
1731,bottle grip
1617,bottle grip
1792,bottle grip
2039,bottle grip
2181,bottle grip
2165,bottle grip
2054,bottle grip
1926,bottle grip
1862,bottle grip
1800,bottle grip
1968,bottle grip
2082,bottle grip
1909,bottle grip
1655,bottle grip
1573,bottle grip
1591,bottle grip
1645,bottle grip
1763,bottle grip
1833,bottle grip
1891,bottle grip
1721,bottle grip
1620,bottle grip
1790,bottle grip
2046,bottle grip
2178,bottle grip
2160,bottle grip
2052,bottle grip
1925,bottle grip
1862,bottle grip
1810,bottle grip
1987,bottle grip
2084,bottle grip
1909,bottle grip
1659,bottle grip
1574,bottle grip
1588,bottle grip
1639,bottle grip
1761,bottle grip
1835,bottle grip
1893,bottle grip
1727,bottle grip
1622,bottle grip
1793,bottle grip
2039,bottle grip
2175,bottle grip
2160,bottle grip
2051,bottle grip
1923,bottle grip
1861,bottle grip
1811,bottle grip
1991,bottle grip
2087,bottle grip
1905,bottle grip
1657,bottle grip
1570,bottle grip
1585,bottle grip
1649,bottle grip
1771,bottle grip
1843,bottle grip
1907,bottle grip
1718,bottle grip
1618,bottle grip
1786,bottle grip
2038,bottle grip
2169,bottle grip
2152,bottle grip
2049,bottle grip
1926,bottle grip
1862,bottle grip
1813,bottle grip
1994,bottle grip
2084,bottle grip
1903,bottle grip
1641,bottle grip
1565,bottle grip
1595,bottle grip
1646,bottle grip
1766,bottle grip
1841,bottle grip
1899,bottle grip
1715,bottle grip
1624,bottle grip
1796,bottle grip
2056,bottle grip
2181,bottle grip
2164,bottle grip
2047,bottle grip
1917,bottle grip
1848,bottle grip
1807,bottle grip
1994,bottle grip
2081,bottle grip
1907,bottle grip
1654,bottle grip
1574,bottle grip
1594,bottle grip
1645,bottle grip
1767,bottle grip
1846,bottle grip
1902,bottle grip
1710,bottle grip
1618,bottle grip
1798,bottle grip
2049,bottle grip
2179,bottle grip
2159,bottle grip
2053,bottle grip
1925,bottle grip
1859,bottle grip
1805,bottle grip
1995,bottle grip
2078,bottle grip
1902,bottle grip
1643,bottle grip
1561,bottle grip
1579,bottle grip
1633,bottle grip
1768,bottle grip
1848,bottle grip
1905,bottle grip
1719,bottle grip
1636,bottle grip
1808,bottle grip
2051,bottle grip
2181,bottle grip
2157,bottle grip
2053,bottle grip
1922,bottle grip
1857,bottle grip
1808,bottle grip
1997,bottle grip
2086,bottle grip
1905,bottle grip
1649,bottle grip
1571,bottle grip
1595,bottle grip
1645,bottle grip
1759,bottle grip
1846,bottle grip
1899,bottle grip
1705,bottle grip
1610,bottle grip
1778,bottle grip
2050,bottle grip
2186,bottle grip
2157,bottle grip
2057,bottle grip
1934,bottle grip
1861,bottle grip
1805,bottle grip
2000,bottle grip
2073,bottle grip
1894,bottle grip
1642,bottle grip
1575,bottle grip
1592,bottle grip
1653,bottle grip
1774,bottle grip
1840,bottle grip
1890,bottle grip
1703,bottle grip
1634,bottle grip
1806,bottle grip
2067,bottle grip
2185,bottle grip
2145,bottle grip
2035,bottle grip
1915,bottle grip
1852,bottle grip
1808,bottle grip
2011,bottle grip
2085,bottle grip
1913,bottle grip
1663,bottle grip
1593,bottle grip
1593,bottle grip
1626,bottle grip
1750,bottle grip
1833,bottle grip
1872,bottle grip
1674,bottle grip
1633,bottle grip
1816,bottle grip
2076,bottle grip
2193,bottle grip
2154,bottle grip
2046,bottle grip
1915,bottle grip
1839,bottle grip
1794,bottle grip
2024,bottle grip
2090,bottle grip
1908,bottle grip
1648,bottle grip
1564,bottle grip
1557,bottle grip
1630,bottle grip
1761,bottle grip
1841,bottle grip
1894,bottle grip
1694,bottle grip
1635,bottle grip
1808,bottle grip
2070,bottle grip
2192,bottle grip
2151,bottle grip
2045,bottle grip
1920,bottle grip
1857,bottle grip
1809,bottle grip
2012,bottle grip
2073,bottle grip
1897,bottle grip
1641,bottle grip
1574,bottle grip
1598,bottle grip
1650,bottle grip
1756,bottle grip
1830,bottle grip
1902,bottle grip
1702,bottle grip
1639,bottle grip
1810,bottle grip
2072,bottle grip
2184,bottle grip
2142,bottle grip
2041,bottle grip
1923,bottle grip
1867,bottle grip
1806,bottle grip
2006,bottle grip
2039,bottle grip
1878,bottle grip
1632,bottle grip
1574,bottle grip
1600,bottle grip
1657,bottle grip
1770,bottle grip
1857,bottle grip
1925,bottle grip
1713,bottle grip
1649,bottle grip
1815,bottle grip
2054,bottle grip
2160,bottle grip
2105,bottle grip
2014,bottle grip
1915,bottle grip
1857,bottle grip
1812,bottle grip
2024,bottle grip
2073,bottle grip
1895,bottle grip
1647,bottle grip
1589,bottle grip
1607,bottle grip
1659,bottle grip
1775,bottle grip
1839,bottle grip
1864,bottle grip
1672,bottle grip
1640,bottle grip
1825,bottle grip
2087,bottle grip
2207,bottle grip
2159,bottle grip
2041,bottle grip
1913,bottle grip
1832,bottle grip
1785,bottle grip
2020,bottle grip
2072,bottle grip
1881,bottle grip
1623,bottle grip
1566,bottle grip
1595,bottle grip
1656,bottle grip
1782,bottle grip
1867,bottle grip
1916,bottle grip
1699,bottle grip
1649,bottle grip
1823,bottle grip
2072,bottle grip
2195,bottle grip
2155,bottle grip
2032,bottle grip
1899,bottle grip
1837,bottle grip
1797,bottle grip
2013,bottle grip
2062,bottle grip
1899,bottle grip
1648,bottle grip
1587,bottle grip
1602,bottle grip
1650,bottle grip
1732,bottle grip
1804,bottle grip
1878,bottle grip
1691,bottle grip
1673,bottle grip
1844,bottle grip
2092,bottle grip
2199,bottle grip
2126,bottle grip
2008,bottle grip
1885,bottle grip
1844,bottle grip
1777,bottle grip
2024,bottle grip
2074,bottle grip
1917,bottle grip
1666,bottle grip
1594,bottle grip
1591,bottle grip
1640,bottle grip
1749,bottle grip
1820,bottle grip
1895,bottle grip
1680,bottle grip
1659,bottle grip
1837,bottle grip
2088,bottle grip
2199,bottle grip
2134,bottle grip
2004,bottle grip
1873,bottle grip
1838,bottle grip
1809,bottle grip
2035,bottle grip
2063,bottle grip
1885,bottle grip
1622,bottle grip
1588,bottle grip
1646,bottle grip
1709,bottle grip
1818,bottle grip
1894,bottle grip
1926,bottle grip
1627,bottle grip
1542,bottle grip
1783,bottle grip
2077,bottle grip
2166,bottle grip
2132,bottle grip
2043,bottle grip
1913,bottle grip
1842,bottle grip
1800,bottle grip
2028,bottle grip
2055,bottle grip
1892,bottle grip
1654,bottle grip
1596,bottle grip
1607,bottle grip
1657,bottle grip
1774,bottle grip
1831,bottle grip
1903,bottle grip
1689,bottle grip
1666,bottle grip
1842,bottle grip
2062,bottle grip
2171,bottle grip
2144,bottle grip
2027,bottle grip
1911,bottle grip
1835,bottle grip
1795,bottle grip
2024,bottle grip
2033,bottle grip
1874,bottle grip
1623,bottle grip
1569,bottle grip
1604,bottle grip
1678,bottle grip
1813,bottle grip
1879,bottle grip
1904,bottle grip
1673,bottle grip
1661,bottle grip
1896,bottle grip
2120,bottle grip
2221,bottle grip
2169,bottle grip
2010,bottle grip
1811,bottle grip
1733,bottle grip
1786,bottle grip
2041,bottle grip
2092,bottle grip
1885,bottle grip
1548,bottle grip
1465,bottle grip
1564,bottle grip
1658,bottle grip
1786,bottle grip
1867,bottle grip
1929,bottle grip
1705,bottle grip
1706,bottle grip
1938,bottle grip
2204,bottle grip
2327,bottle grip
2285,bottle grip
2139,bottle grip
1849,bottle grip
1651,bottle grip
1649,bottle grip
1913,bottle grip
1883,bottle grip
1750,bottle grip
1585,bottle grip
1581,bottle grip
1645,bottle grip
1732,bottle grip
1836,bottle grip
1852,bottle grip
1837,bottle grip
1627,bottle grip
1747,bottle grip
1914,bottle grip
2166,bottle grip
2262,bottle grip
2164,bottle grip
1984,bottle grip
1780,bottle grip
1773,bottle grip
1781,bottle grip
2053,bottle grip
2065,bottle grip
1869,bottle grip
1601,bottle grip
1563,bottle grip
1622,bottle grip
1676,bottle grip
1794,bottle grip
1858,bottle grip
1908,bottle grip
1680,bottle grip
1671,bottle grip
1844,bottle grip
2090,bottle grip
2211,bottle grip
2151,bottle grip
2034,bottle grip
1924,bottle grip
1853,bottle grip
1825,bottle grip
2070,bottle grip
2045,bottle grip
1825,bottle grip
1610,bottle grip
1607,bottle grip
1631,bottle grip
1668,bottle grip
1766,bottle grip
1811,bottle grip
1837,bottle grip
1643,bottle grip
1654,bottle grip
1791,bottle grip
2038,bottle grip
2176,bottle grip
2159,bottle grip
2053,bottle grip
1902,bottle grip
1835,bottle grip
1817,bottle grip
2077,bottle grip
2070,bottle grip
1888,bottle grip
1624,bottle grip
1566,bottle grip
1616,bottle grip
1691,bottle grip
1769,bottle grip
1898,bottle grip
1929,bottle grip
1623,bottle grip
1564,bottle grip
1773,bottle grip
2062,bottle grip
2173,bottle grip
2140,bottle grip
2059,bottle grip
1951,bottle grip
1887,bottle grip
1826,bottle grip
2070,bottle grip
2048,bottle grip
1849,bottle grip
1615,bottle grip
1594,bottle grip
1633,bottle grip
1689,bottle grip
1798,bottle grip
1832,bottle grip
1829,bottle grip
1589,bottle grip
1660,bottle grip
1871,bottle grip
2085,bottle grip
2209,bottle grip
2167,bottle grip
2011,bottle grip
1889,bottle grip
1839,bottle grip
1784,bottle grip
2067,bottle grip
2066,bottle grip
1895,bottle grip
1662,bottle grip
1627,bottle grip
1634,bottle grip
1697,bottle grip
1795,bottle grip
1801,bottle grip
1816,bottle grip
1543,bottle grip
1550,bottle grip
1763,bottle grip
2097,bottle grip
2238,bottle grip
2186,bottle grip
2050,bottle grip
1937,bottle grip
1882,bottle grip
1783,bottle grip
2037,bottle grip
2037,bottle grip
1863,bottle grip
1626,bottle grip
1584,bottle grip
1624,bottle grip
1689,bottle grip
1800,bottle grip
1888,bottle grip
1939,bottle grip
1609,bottle grip
1578,bottle grip
1815,bottle grip
2091,bottle grip
2205,bottle grip
2136,bottle grip
2035,bottle grip
1949,bottle grip
1895,bottle grip
1860,bottle grip
2091,bottle grip
2024,bottle grip
1789,bottle grip
1504,bottle grip
1519,bottle grip
1579,bottle grip
1652,bottle grip
1792,bottle grip
1863,bottle grip
1906,bottle grip
1657,bottle grip
1701,bottle grip
1882,bottle grip
2117,bottle grip
2221,bottle grip
2149,bottle grip
2004,bottle grip
1875,bottle grip
1824,bottle grip
1803,bottle grip
2084,bottle grip
2076,bottle grip
1868,bottle grip
1621,bottle grip
1557,bottle grip
1578,bottle grip
1655,bottle grip
1777,bottle grip
1863,bottle grip
1925,bottle grip
1663,bottle grip
1649,bottle grip
1850,bottle grip
2068,bottle grip
2144,bottle grip
2115,bottle grip
2042,bottle grip
1936,bottle grip
1891,bottle grip
1824,bottle grip
2039,bottle grip
2001,bottle grip
1792,bottle grip
1567,bottle grip
1550,bottle grip
1612,bottle grip
1686,bottle grip
1805,bottle grip
1877,bottle grip
1916,bottle grip
1663,bottle grip
1705,bottle grip
1883,bottle grip
2104,bottle grip
2193,bottle grip
2094,bottle grip
1971,bottle grip
1860,bottle grip
1839,bottle grip
1819,bottle grip
2085,bottle grip
2042,bottle grip
1866,bottle grip
1625,bottle grip
1586,bottle grip
1624,bottle grip
1666,bottle grip
1751,bottle grip
1811,bottle grip
1890,bottle grip
1644,bottle grip
1678,bottle grip
1866,bottle grip
2122,bottle grip
2216,bottle grip
2133,bottle grip
2016,bottle grip
1885,bottle grip
1818,bottle grip
1787,bottle grip
2076,bottle grip
2045,bottle grip
1899,bottle grip
1659,bottle grip
1608,bottle grip
1629,bottle grip
1649,bottle grip
1650,bottle grip
1800,bottle grip
1891,bottle grip
1633,bottle grip
1674,bottle grip
1862,bottle grip
2100,bottle grip
2206,bottle grip
2147,bottle grip
2039,bottle grip
1920,bottle grip
1865,bottle grip
1825,bottle grip
2039,bottle grip
1999,bottle grip
1833,bottle grip
1610,bottle grip
1569,bottle grip
1603,bottle grip
1671,bottle grip
1785,bottle grip
1861,bottle grip
1905,bottle grip
1637,bottle grip
1685,bottle grip
1865,bottle grip
2099,bottle grip
2199,bottle grip
2128,bottle grip
2017,bottle grip
1906,bottle grip
1848,bottle grip
1804,bottle grip
2073,bottle grip
2029,bottle grip
1841,bottle grip
1605,bottle grip
1569,bottle grip
1600,bottle grip
1668,bottle grip
1783,bottle grip
1851,bottle grip
1895,bottle grip
1622,bottle grip
1677,bottle grip
1864,bottle grip
2101,bottle grip
2199,bottle grip
2131,bottle grip
2020,bottle grip
1905,bottle grip
1840,bottle grip
1806,bottle grip
2081,bottle grip
2024,bottle grip
1841,bottle grip
1606,bottle grip
1573,bottle grip
1607,bottle grip
1670,bottle grip
1781,bottle grip
1860,bottle grip
1901,bottle grip
1630,bottle grip
1678,bottle grip
1861,bottle grip
2096,bottle grip
2197,bottle grip
2130,bottle grip
2011,bottle grip
1908,bottle grip
1844,bottle grip
1807,bottle grip
2086,bottle grip
2022,bottle grip
1834,bottle grip
1604,bottle grip
1564,bottle grip
1604,bottle grip
1669,bottle grip
1782,bottle grip
1855,bottle grip
1897,bottle grip
1626,bottle grip
1685,bottle grip
1866,bottle grip
2095,bottle grip
2200,bottle grip
2121,bottle grip
2013,bottle grip
1910,bottle grip
1840,bottle grip
1799,bottle grip
2080,bottle grip
2027,bottle grip
1837,bottle grip
1607,bottle grip
1570,bottle grip
1605,bottle grip
1656,bottle grip
1782,bottle grip
1860,bottle grip
1903,bottle grip
1626,bottle grip
1685,bottle grip
1872,bottle grip
2107,bottle grip
2202,bottle grip
2124,bottle grip
2008,bottle grip
1896,bottle grip
1841,bottle grip
1800,bottle grip
2081,bottle grip
2022,bottle grip
1837,bottle grip
1609,bottle grip
1567,bottle grip
1608,bottle grip
1680,bottle grip
1789,bottle grip
1854,bottle grip
1894,bottle grip
1621,bottle grip
1688,bottle grip
1873,bottle grip
2095,bottle grip
2206,bottle grip
2127,bottle grip
2013,bottle grip
1910,bottle grip
1845,bottle grip
1805,bottle grip
2088,bottle grip
2014,bottle grip
1828,bottle grip
1602,bottle grip
1563,bottle grip
1600,bottle grip
1673,bottle grip
1784,bottle grip
1861,bottle grip
1898,bottle grip
1612,bottle grip
1687,bottle grip
1879,bottle grip
2103,bottle grip
2198,bottle grip
2120,bottle grip
2007,bottle grip
1903,bottle grip
1842,bottle grip
1809,bottle grip
2097,bottle grip
2017,bottle grip
1827,bottle grip
1609,bottle grip
1571,bottle grip
1607,bottle grip
1676,bottle grip
1781,bottle grip
1858,bottle grip
1892,bottle grip
1611,bottle grip
1691,bottle grip
1873,bottle grip
2100,bottle grip
2202,bottle grip
2117,bottle grip
2003,bottle grip
1903,bottle grip
1846,bottle grip
1809,bottle grip
2094,bottle grip
2022,bottle grip
1828,bottle grip
1599,bottle grip
1567,bottle grip
1603,bottle grip
1680,bottle grip
1793,bottle grip
1867,bottle grip
1905,bottle grip
1617,bottle grip
1694,bottle grip
1885,bottle grip
2105,bottle grip
2187,bottle grip
2112,bottle grip
2004,bottle grip
1899,bottle grip
1824,bottle grip
1799,bottle grip
2094,bottle grip
2011,bottle grip
1823,bottle grip
1593,bottle grip
1567,bottle grip
1609,bottle grip
1682,bottle grip
1799,bottle grip
1872,bottle grip
1900,bottle grip
1609,bottle grip
1690,bottle grip
1878,bottle grip
2100,bottle grip
2202,bottle grip
2116,bottle grip
2007,bottle grip
1900,bottle grip
1833,bottle grip
1800,bottle grip
2095,bottle grip
2011,bottle grip
1811,bottle grip
1602,bottle grip
1572,bottle grip
1609,bottle grip
1685,bottle grip
1793,bottle grip
1866,bottle grip
1900,bottle grip
1607,bottle grip
1694,bottle grip
1886,bottle grip
2102,bottle grip
2199,bottle grip
2120,bottle grip
2001,bottle grip
1900,bottle grip
1840,bottle grip
1802,bottle grip
2103,bottle grip
2019,bottle grip
1827,bottle grip
1611,bottle grip
1581,bottle grip
1617,bottle grip
1690,bottle grip
1799,bottle grip
1867,bottle grip
1904,bottle grip
1612,bottle grip
1705,bottle grip
1899,bottle grip
2116,bottle grip
2204,bottle grip
2122,bottle grip
2006,bottle grip
1901,bottle grip
1838,bottle grip
1800,bottle grip
2102,bottle grip
2006,bottle grip
1810,bottle grip
1589,bottle grip
1563,bottle grip
1595,bottle grip
1674,bottle grip
1787,bottle grip
1850,bottle grip
1895,bottle grip
1606,bottle grip
1695,bottle grip
1893,bottle grip
2098,bottle grip
2186,bottle grip
2111,bottle grip
1997,bottle grip
1893,bottle grip
1832,bottle grip
1798,bottle grip
2100,bottle grip
2004,bottle grip
1807,bottle grip
1595,bottle grip
1572,bottle grip
1609,bottle grip
1679,bottle grip
1787,bottle grip
1858,bottle grip
1894,bottle grip
1597,bottle grip
1698,bottle grip
1898,bottle grip
2104,bottle grip
2202,bottle grip
2120,bottle grip
2008,bottle grip
1895,bottle grip
1835,bottle grip
1802,bottle grip
2108,bottle grip
2002,bottle grip
1801,bottle grip
1596,bottle grip
1564,bottle grip
1610,bottle grip
1687,bottle grip
1793,bottle grip
1868,bottle grip
1904,bottle grip
1601,bottle grip
1705,bottle grip
1900,bottle grip
2096,bottle grip
2181,bottle grip
2111,bottle grip
1994,bottle grip
1900,bottle grip
1840,bottle grip
1807,bottle grip
2110,bottle grip
1999,bottle grip
1803,bottle grip
1598,bottle grip
1572,bottle grip
1605,bottle grip
1686,bottle grip
1790,bottle grip
1864,bottle grip
1896,bottle grip
1595,bottle grip
1697,bottle grip
1895,bottle grip
2111,bottle grip
2201,bottle grip
2111,bottle grip
1986,bottle grip
1888,bottle grip
1825,bottle grip
1790,bottle grip
2109,bottle grip
1998,bottle grip
1802,bottle grip
1597,bottle grip
1573,bottle grip
1606,bottle grip
1692,bottle grip
1801,bottle grip
1869,bottle grip
1906,bottle grip
1600,bottle grip
1707,bottle grip
1899,bottle grip
2112,bottle grip
2202,bottle grip
2110,bottle grip
1992,bottle grip
1899,bottle grip
1831,bottle grip
1799,bottle grip
2116,bottle grip
2000,bottle grip
1793,bottle grip
1593,bottle grip
1569,bottle grip
1612,bottle grip
1692,bottle grip
1799,bottle grip
1873,bottle grip
1906,bottle grip
1597,bottle grip
1709,bottle grip
1906,bottle grip
2107,bottle grip
2202,bottle grip
2109,bottle grip
1997,bottle grip
1899,bottle grip
1836,bottle grip
1798,bottle grip
2110,bottle grip
1997,bottle grip
1798,bottle grip
1588,bottle grip
1566,bottle grip
1611,bottle grip
1690,bottle grip
1794,bottle grip
1867,bottle grip
1903,bottle grip
1594,bottle grip
1712,bottle grip
1910,bottle grip
2115,bottle grip
2187,bottle grip
2105,bottle grip
1989,bottle grip
1897,bottle grip
1833,bottle grip
1807,bottle grip
2119,bottle grip
1998,bottle grip
1795,bottle grip
1595,bottle grip
1575,bottle grip
1612,bottle grip
1695,bottle grip
1801,bottle grip
1865,bottle grip
1893,bottle grip
1593,bottle grip
1712,bottle grip
1909,bottle grip
2106,bottle grip
2191,bottle grip
2103,bottle grip
1984,bottle grip
1892,bottle grip
1835,bottle grip
1809,bottle grip
2118,bottle grip
1991,bottle grip
1794,bottle grip
1596,bottle grip
1562,bottle grip
1603,bottle grip
1695,bottle grip
1801,bottle grip
1874,bottle grip
1900,bottle grip
1591,bottle grip
1716,bottle grip
1916,bottle grip
2111,bottle grip
2201,bottle grip
2115,bottle grip
1988,bottle grip
1898,bottle grip
1834,bottle grip
1816,bottle grip
2117,bottle grip
1983,bottle grip
1776,bottle grip
1591,bottle grip
1572,bottle grip
1609,bottle grip
1698,bottle grip
1796,bottle grip
1871,bottle grip
1905,bottle grip
1596,bottle grip
1714,bottle grip
1919,bottle grip
2112,bottle grip
2195,bottle grip
2106,bottle grip
1990,bottle grip
1893,bottle grip
1834,bottle grip
1801,bottle grip
2117,bottle grip
1983,bottle grip
1784,bottle grip
1594,bottle grip
1575,bottle grip
1610,bottle grip
1701,bottle grip
1802,bottle grip
1870,bottle grip
1902,bottle grip
1592,bottle grip
1715,bottle grip
1919,bottle grip
2110,bottle grip
2196,bottle grip
2111,bottle grip
1980,bottle grip
1889,bottle grip
1834,bottle grip
1808,bottle grip
2115,bottle grip
1983,bottle grip
1776,bottle grip
1586,bottle grip
1572,bottle grip
1612,bottle grip
1701,bottle grip
1809,bottle grip
1874,bottle grip
1904,bottle grip
1598,bottle grip
1717,bottle grip
1917,bottle grip
2113,bottle grip
2196,bottle grip
2104,bottle grip
1976,bottle grip
1891,bottle grip
1830,bottle grip
1806,bottle grip
2116,bottle grip
1978,bottle grip
1773,bottle grip
1586,bottle grip
1576,bottle grip
1620,bottle grip
1709,bottle grip
1807,bottle grip
1872,bottle grip
1898,bottle grip
1595,bottle grip
1720,bottle grip
1920,bottle grip
2112,bottle grip
2193,bottle grip
2106,bottle grip
1984,bottle grip
1892,bottle grip
1832,bottle grip
1805,bottle grip
2113,bottle grip
1980,bottle grip
1777,bottle grip
1587,bottle grip
1575,bottle grip
1613,bottle grip
1701,bottle grip
1802,bottle grip
1869,bottle grip
1900,bottle grip
1593,bottle grip
1725,bottle grip
1931,bottle grip
2118,bottle grip
2192,bottle grip
2101,bottle grip
1983,bottle grip
1883,bottle grip
1829,bottle grip
1811,bottle grip
2116,bottle grip
1976,bottle grip
1771,bottle grip
1583,bottle grip
1570,bottle grip
1614,bottle grip
1712,bottle grip
1800,bottle grip
1872,bottle grip
1898,bottle grip
1591,bottle grip
1725,bottle grip
1933,bottle grip
2118,bottle grip
2198,bottle grip
2100,bottle grip
1970,bottle grip
1887,bottle grip
1829,bottle grip
1816,bottle grip
2115,bottle grip
1963,bottle grip
1760,bottle grip
1586,bottle grip
1575,bottle grip
1613,bottle grip
1709,bottle grip
1809,bottle grip
1881,bottle grip
1896,bottle grip
1593,bottle grip
1732,bottle grip
1936,bottle grip
2118,bottle grip
2195,bottle grip
2099,bottle grip
1972,bottle grip
1886,bottle grip
1827,bottle grip
1818,bottle grip
2116,bottle grip
1968,bottle grip
1759,bottle grip
1581,bottle grip
1573,bottle grip
1619,bottle grip
1715,bottle grip
1809,bottle grip
1876,bottle grip
1895,bottle grip
1595,bottle grip
1729,bottle grip
1934,bottle grip
2118,bottle grip
2195,bottle grip
2098,bottle grip
1973,bottle grip
1887,bottle grip
1825,bottle grip
1810,bottle grip
2110,bottle grip
1963,bottle grip
1761,bottle grip
1581,bottle grip
1572,bottle grip
1620,bottle grip
1714,bottle grip
1813,bottle grip
1878,bottle grip
1889,bottle grip
1596,bottle grip
1734,bottle grip
1940,bottle grip
2123,bottle grip
2193,bottle grip
2093,bottle grip
1970,bottle grip
1889,bottle grip
1826,bottle grip
1817,bottle grip
2119,bottle grip
1971,bottle grip
1761,bottle grip
1587,bottle grip
1574,bottle grip
1616,bottle grip
1712,bottle grip
1816,bottle grip
1879,bottle grip
1886,bottle grip
1585,bottle grip
1726,bottle grip
1942,bottle grip
2123,bottle grip
2192,bottle grip
2099,bottle grip
1971,bottle grip
1885,bottle grip
1827,bottle grip
1825,bottle grip
2118,bottle grip
1964,bottle grip
1753,bottle grip
1579,bottle grip
1579,bottle grip
1618,bottle grip
1716,bottle grip
1804,bottle grip
1881,bottle grip
1881,bottle grip
1589,bottle grip
1735,bottle grip
1939,bottle grip
2123,bottle grip
2194,bottle grip
2094,bottle grip
1968,bottle grip
1888,bottle grip
1827,bottle grip
1824,bottle grip
2117,bottle grip
1961,bottle grip
1750,bottle grip
1583,bottle grip
1576,bottle grip
1619,bottle grip
1725,bottle grip
1813,bottle grip
1881,bottle grip
1885,bottle grip
1593,bottle grip
1737,bottle grip
1947,bottle grip
2125,bottle grip
2193,bottle grip
2091,bottle grip
1973,bottle grip
1889,bottle grip
1823,bottle grip
1819,bottle grip
2118,bottle grip
1960,bottle grip
1745,bottle grip
1578,bottle grip
1574,bottle grip
1618,bottle grip
1718,bottle grip
1819,bottle grip
1882,bottle grip
1885,bottle grip
1590,bottle grip
1739,bottle grip
1955,bottle grip
2123,bottle grip
2191,bottle grip
2092,bottle grip
1964,bottle grip
1883,bottle grip
1826,bottle grip
1832,bottle grip
2113,bottle grip
1958,bottle grip
1747,bottle grip
1583,bottle grip
1571,bottle grip
1617,bottle grip
1719,bottle grip
1811,bottle grip
1880,bottle grip
1872,bottle grip
1593,bottle grip
1747,bottle grip
1950,bottle grip
2119,bottle grip
2183,bottle grip
2090,bottle grip
1969,bottle grip
1892,bottle grip
1836,bottle grip
1840,bottle grip
2118,bottle grip
1959,bottle grip
1747,bottle grip
1577,bottle grip
1570,bottle grip
1614,bottle grip
1719,bottle grip
1815,bottle grip
1879,bottle grip
1875,bottle grip
1601,bottle grip
1748,bottle grip
1963,bottle grip
2140,bottle grip
2198,bottle grip
2105,bottle grip
1967,bottle grip
1884,bottle grip
1822,bottle grip
1817,bottle grip
2081,bottle grip
1932,bottle grip
1731,bottle grip
1582,bottle grip
1585,bottle grip
1620,bottle grip
1722,bottle grip
1823,bottle grip
1886,bottle grip
1877,bottle grip
1593,bottle grip
1750,bottle grip
1964,bottle grip
2128,bottle grip
2183,bottle grip
2087,bottle grip
1957,bottle grip
1889,bottle grip
1825,bottle grip
1835,bottle grip
2100,bottle grip
1949,bottle grip
1747,bottle grip
1591,bottle grip
1597,bottle grip
1642,bottle grip
1742,bottle grip
1825,bottle grip
1856,bottle grip
1818,bottle grip
1535,bottle grip
1721,bottle grip
1974,bottle grip
2156,bottle grip
2212,bottle grip
2100,bottle grip
1969,bottle grip
1881,bottle grip
1804,bottle grip
1822,bottle grip
2115,bottle grip
1964,bottle grip
1734,bottle grip
1580,bottle grip
1579,bottle grip
1629,bottle grip
1734,bottle grip
1820,bottle grip
1886,bottle grip
1864,bottle grip
1591,bottle grip
1751,bottle grip
1968,bottle grip
2130,bottle grip
2184,bottle grip
2088,bottle grip
1945,bottle grip
1872,bottle grip
1816,bottle grip
1843,bottle grip
2117,bottle grip
1952,bottle grip
1741,bottle grip
1574,bottle grip
1575,bottle grip
1619,bottle grip
1732,bottle grip
1819,bottle grip
1887,bottle grip
1867,bottle grip
1593,bottle grip
1760,bottle grip
1975,bottle grip
2146,bottle grip
2193,bottle grip
2089,bottle grip
1963,bottle grip
1869,bottle grip
1792,bottle grip
1839,bottle grip
2110,bottle grip
1958,bottle grip
1749,bottle grip
1584,bottle grip
1587,bottle grip
1629,bottle grip
1732,bottle grip
1819,bottle grip
1883,bottle grip
1869,bottle grip
1599,bottle grip
1740,bottle grip
1938,bottle grip
2116,bottle grip
2165,bottle grip
2064,bottle grip
1949,bottle grip
1885,bottle grip
1832,bottle grip
1865,bottle grip
2122,bottle grip
1956,bottle grip
1733,bottle grip
1567,bottle grip
1570,bottle grip
1625,bottle grip
1734,bottle grip
1828,bottle grip
1897,bottle grip
1847,bottle grip
1583,bottle grip
1751,bottle grip
1948,bottle grip
2119,bottle grip
2208,bottle grip
2127,bottle grip
2016,bottle grip
1926,bottle grip
1837,bottle grip
1847,bottle grip
2052,bottle grip
1867,bottle grip
1675,bottle grip
1541,bottle grip
1575,bottle grip
1625,bottle grip
1726,bottle grip
1823,bottle grip
1909,bottle grip
1884,bottle grip
1635,bottle grip
1793,bottle grip
1991,bottle grip
2132,bottle grip
2155,bottle grip
2034,bottle grip
1912,bottle grip
1881,bottle grip
1825,bottle grip
1865,bottle grip
2124,bottle grip
1963,bottle grip
1746,bottle grip
1586,bottle grip
1588,bottle grip
1634,bottle grip
1732,bottle grip
1828,bottle grip
1887,bottle grip
1843,bottle grip
1571,bottle grip
1771,bottle grip
1983,bottle grip
2143,bottle grip
2179,bottle grip
2079,bottle grip
1949,bottle grip
1854,bottle grip
1816,bottle grip
1888,bottle grip
2143,bottle grip
1969,bottle grip
1724,bottle grip
1499,bottle grip
1511,bottle grip
1574,bottle grip
1719,bottle grip
1840,bottle grip
1908,bottle grip
1863,bottle grip
1619,bottle grip
1793,bottle grip
2010,bottle grip
2162,bottle grip
2197,bottle grip
2066,bottle grip
1905,bottle grip
1824,bottle grip
1816,bottle grip
1885,bottle grip
2133,bottle grip
1958,bottle grip
1727,bottle grip
1553,bottle grip
1558,bottle grip
1617,bottle grip
1746,bottle grip
1841,bottle grip
1905,bottle grip
1860,bottle grip
1603,bottle grip
1771,bottle grip
1998,bottle grip
2169,bottle grip
2189,bottle grip
2089,bottle grip
1975,bottle grip
1867,bottle grip
1769,bottle grip
1824,bottle grip
2092,bottle grip
1916,bottle grip
1689,bottle grip
1541,bottle grip
1571,bottle grip
1637,bottle grip
1737,bottle grip
1829,bottle grip
1889,bottle grip
1830,bottle grip
1608,bottle grip
1767,bottle grip
1962,bottle grip
2154,bottle grip
2214,bottle grip
2092,bottle grip
1959,bottle grip
1892,bottle grip
1810,bottle grip
1886,bottle grip
2136,bottle grip
1964,bottle grip
1730,bottle grip
1505,bottle grip
1486,bottle grip
1573,bottle grip
1747,bottle grip
1852,bottle grip
1916,bottle grip
1853,bottle grip
1586,bottle grip
1768,bottle grip
1998,bottle grip
2164,bottle grip
2206,bottle grip
2102,bottle grip
1958,bottle grip
1831,bottle grip
1765,bottle grip
1849,bottle grip
2114,bottle grip
1957,bottle grip
1749,bottle grip
1603,bottle grip
1599,bottle grip
1643,bottle grip
1728,bottle grip
1788,bottle grip
1890,bottle grip
1855,bottle grip
1597,bottle grip
1754,bottle grip
1976,bottle grip
2110,bottle grip
2145,bottle grip
2077,bottle grip
1973,bottle grip
1955,bottle grip
1914,bottle grip
1920,bottle grip
2083,bottle grip
1878,bottle grip
1608,bottle grip
1421,bottle grip
1554,bottle grip
1648,bottle grip
1790,bottle grip
1872,bottle grip
1927,bottle grip
1860,bottle grip
1602,bottle grip
1724,bottle grip
1940,bottle grip
2136,bottle grip
2183,bottle grip
2067,bottle grip
1927,bottle grip
1880,bottle grip
1826,bottle grip
1895,bottle grip
2145,bottle grip
1988,bottle grip
1746,bottle grip
1613,bottle grip
1610,bottle grip
1640,bottle grip
1700,bottle grip
1747,bottle grip
1858,bottle grip
1820,bottle grip
1599,bottle grip
1754,bottle grip
1982,bottle grip
2156,bottle grip
2184,bottle grip
2088,bottle grip
1955,bottle grip
1870,bottle grip
1761,bottle grip
1869,bottle grip
2144,bottle grip
1968,bottle grip
1737,bottle grip
1578,bottle grip
1555,bottle grip
1607,bottle grip
1734,bottle grip
1824,bottle grip
1905,bottle grip
1848,bottle grip
1612,bottle grip
1781,bottle grip
1970,bottle grip
2107,bottle grip
2151,bottle grip
2066,bottle grip
1918,bottle grip
1866,bottle grip
1833,bottle grip
1901,bottle grip
2135,bottle grip
1957,bottle grip
1735,bottle grip
1597,bottle grip
1597,bottle grip
1640,bottle grip
1731,bottle grip
1779,bottle grip
1855,bottle grip
1796,bottle grip
1592,bottle grip
1776,bottle grip
1991,bottle grip
2134,bottle grip
2162,bottle grip
2064,bottle grip
1944,bottle grip
1880,bottle grip
1821,bottle grip
1900,bottle grip
2116,bottle grip
1924,bottle grip
1713,bottle grip
1594,bottle grip
1596,bottle grip
1665,bottle grip
1789,bottle grip
1846,bottle grip
1866,bottle grip
1800,bottle grip
1583,bottle grip
1713,bottle grip
1976,bottle grip
2133,bottle grip
2165,bottle grip
2079,bottle grip
1947,bottle grip
1870,bottle grip
1820,bottle grip
1915,bottle grip
2131,bottle grip
1942,bottle grip
1721,bottle grip
1593,bottle grip
1615,bottle grip
1674,bottle grip
1770,bottle grip
1819,bottle grip
1871,bottle grip
1778,bottle grip
1556,bottle grip
1754,bottle grip
2003,bottle grip
2132,bottle grip
2181,bottle grip
2059,bottle grip
1953,bottle grip
1893,bottle grip
1817,bottle grip
1862,bottle grip
2052,bottle grip
1905,bottle grip
1691,bottle grip
1594,bottle grip
1604,bottle grip
1643,bottle grip
1737,bottle grip
1813,bottle grip
1898,bottle grip
1814,bottle grip
1585,bottle grip
1761,bottle grip
1997,bottle grip
2176,bottle grip
2202,bottle grip
2068,bottle grip
1931,bottle grip
1830,bottle grip
1794,bottle grip
1917,bottle grip
2112,bottle grip
1945,bottle grip
1714,bottle grip
1580,bottle grip
1584,bottle grip
1611,bottle grip
1736,bottle grip
1832,bottle grip
1918,bottle grip
1836,bottle grip
1615,bottle grip
1778,bottle grip
1993,bottle grip
2128,bottle grip
2169,bottle grip
2110,bottle grip
1993,bottle grip
1875,bottle grip
1807,bottle grip
1907,bottle grip
2082,bottle grip
1857,bottle grip
1604,bottle grip
1560,bottle grip
1588,bottle grip
1660,bottle grip
1771,bottle grip
1832,bottle grip
1874,bottle grip
1782,bottle grip
1614,bottle grip
1784,bottle grip
2006,bottle grip
2160,bottle grip
2179,bottle grip
2072,bottle grip
1943,bottle grip
1879,bottle grip
1829,bottle grip
1915,bottle grip
2107,bottle grip
1917,bottle grip
1698,bottle grip
1582,bottle grip
1596,bottle grip
1645,bottle grip
1767,bottle grip
1834,bottle grip
1869,bottle grip
1733,bottle grip
1575,bottle grip
1755,bottle grip
1994,bottle grip
2157,bottle grip
2183,bottle grip
2086,bottle grip
1955,bottle grip
1881,bottle grip
1821,bottle grip
1927,bottle grip
2111,bottle grip
1929,bottle grip
1696,bottle grip
1559,bottle grip
1581,bottle grip
1634,bottle grip
1741,bottle grip
1835,bottle grip
1901,bottle grip
1821,bottle grip
1633,bottle grip
1782,bottle grip
1958,bottle grip
2112,bottle grip
2144,bottle grip
2037,bottle grip
1934,bottle grip
1881,bottle grip
1826,bottle grip
1927,bottle grip
2117,bottle grip
1933,bottle grip
1697,bottle grip
1582,bottle grip
1589,bottle grip
1638,bottle grip
1753,bottle grip
1835,bottle grip
1901,bottle grip
1799,bottle grip
1612,bottle grip
1781,bottle grip
2007,bottle grip
2159,bottle grip
2181,bottle grip
2067,bottle grip
1926,bottle grip
1867,bottle grip
1810,bottle grip
1926,bottle grip
2115,bottle grip
1934,bottle grip
1689,bottle grip
1557,bottle grip
1555,bottle grip
1613,bottle grip
1747,bottle grip
1837,bottle grip
1899,bottle grip
1789,bottle grip
1602,bottle grip
1772,bottle grip
2010,bottle grip
2156,bottle grip
2175,bottle grip
2066,bottle grip
1941,bottle grip
1873,bottle grip
1814,bottle grip
1924,bottle grip
2104,bottle grip
1923,bottle grip
1690,bottle grip
1572,bottle grip
1579,bottle grip
1630,bottle grip
1742,bottle grip
1828,bottle grip
1894,bottle grip
1784,bottle grip
1606,bottle grip
1777,bottle grip
2008,bottle grip
2153,bottle grip
2167,bottle grip
2063,bottle grip
1936,bottle grip
1868,bottle grip
1815,bottle grip
1928,bottle grip
2103,bottle grip
1924,bottle grip
1694,bottle grip
1575,bottle grip
1585,bottle grip
1630,bottle grip
1753,bottle grip
1826,bottle grip
1889,bottle grip
1774,bottle grip
1605,bottle grip
1778,bottle grip
2011,bottle grip
2164,bottle grip
2175,bottle grip
2060,bottle grip
1936,bottle grip
1871,bottle grip
1817,bottle grip
1933,bottle grip
2098,bottle grip
1922,bottle grip
1691,bottle grip
1577,bottle grip
1590,bottle grip
1641,bottle grip
1753,bottle grip
1828,bottle grip
1895,bottle grip
1776,bottle grip
1607,bottle grip
1777,bottle grip
2011,bottle grip
2165,bottle grip
2172,bottle grip
2063,bottle grip
1937,bottle grip
1873,bottle grip
1808,bottle grip
1935,bottle grip
2102,bottle grip
1921,bottle grip
1684,bottle grip
1573,bottle grip
1589,bottle grip
1631,bottle grip
1750,bottle grip
1829,bottle grip
1895,bottle grip
1767,bottle grip
1598,bottle grip
1769,bottle grip
2012,bottle grip
2159,bottle grip
2171,bottle grip
2061,bottle grip
1936,bottle grip
1869,bottle grip
1811,bottle grip
1939,bottle grip
2109,bottle grip
1930,bottle grip
1686,bottle grip
1571,bottle grip
1578,bottle grip
1630,bottle grip
1743,bottle grip
1826,bottle grip
1891,bottle grip
1766,bottle grip
1604,bottle grip
1784,bottle grip
2018,bottle grip
2171,bottle grip
2168,bottle grip
2066,bottle grip
1930,bottle grip
1872,bottle grip
1810,bottle grip
1937,bottle grip
2088,bottle grip
1912,bottle grip
1679,bottle grip
1572,bottle grip
1585,bottle grip
1641,bottle grip
1759,bottle grip
1835,bottle grip
1893,bottle grip
1768,bottle grip
1607,bottle grip
1776,bottle grip
2024,bottle grip
2167,bottle grip
2163,bottle grip
2058,bottle grip
1923,bottle grip
1864,bottle grip
1807,bottle grip
1944,bottle grip
2096,bottle grip
1918,bottle grip
1679,bottle grip
1574,bottle grip
1585,bottle grip
1646,bottle grip
1762,bottle grip
1836,bottle grip
1896,bottle grip
1764,bottle grip
1607,bottle grip
1783,bottle grip
2025,bottle grip
2167,bottle grip
2171,bottle grip
2060,bottle grip
1930,bottle grip
1867,bottle grip
1806,bottle grip
1942,bottle grip
2091,bottle grip
1916,bottle grip
1670,bottle grip
1574,bottle grip
1591,bottle grip
1629,bottle grip
1756,bottle grip
1836,bottle grip
1896,bottle grip
1758,bottle grip
1607,bottle grip
1779,bottle grip
2022,bottle grip
2167,bottle grip
2168,bottle grip
2057,bottle grip
1931,bottle grip
1866,bottle grip
1809,bottle grip
1958,bottle grip
2100,bottle grip
1922,bottle grip
1674,bottle grip
1570,bottle grip
1587,bottle grip
1641,bottle grip
1756,bottle grip
1835,bottle grip
1896,bottle grip
1756,bottle grip
1610,bottle grip
1787,bottle grip
2033,bottle grip
2168,bottle grip
2159,bottle grip
2053,bottle grip
1920,bottle grip
1857,bottle grip
1808,bottle grip
1959,bottle grip
2101,bottle grip
1915,bottle grip
1676,bottle grip
1573,bottle grip
1581,bottle grip
1638,bottle grip
1762,bottle grip
1835,bottle grip
1894,bottle grip
1755,bottle grip
1613,bottle grip
1788,bottle grip
2040,bottle grip
2175,bottle grip
2170,bottle grip
2052,bottle grip
1918,bottle grip
1860,bottle grip
1811,bottle grip
1964,bottle grip
2096,bottle grip
1916,bottle grip
1670,bottle grip
1568,bottle grip
1580,bottle grip
1639,bottle grip
1760,bottle grip
1841,bottle grip
1895,bottle grip
1743,bottle grip
1611,bottle grip
1789,bottle grip
2035,bottle grip
2169,bottle grip
2164,bottle grip
2048,bottle grip
1919,bottle grip
1861,bottle grip
1805,bottle grip
1960,bottle grip
2094,bottle grip
1915,bottle grip
1669,bottle grip
1578,bottle grip
1591,bottle grip
1643,bottle grip
1762,bottle grip
1837,bottle grip
1898,bottle grip
1749,bottle grip
1615,bottle grip
1793,bottle grip
2038,bottle grip
2175,bottle grip
2159,bottle grip
2040,bottle grip
1914,bottle grip
1859,bottle grip
1811,bottle grip
1969,bottle grip
2098,bottle grip
1910,bottle grip
1664,bottle grip
1573,bottle grip
1583,bottle grip
1641,bottle grip
1762,bottle grip
1835,bottle grip
1896,bottle grip
1740,bottle grip
1609,bottle grip
1785,bottle grip
2036,bottle grip
2171,bottle grip
2165,bottle grip
2055,bottle grip
1923,bottle grip
1859,bottle grip
1808,bottle grip
1968,bottle grip
2092,bottle grip
1918,bottle grip
1667,bottle grip
1572,bottle grip
1589,bottle grip
1646,bottle grip
1766,bottle grip
1841,bottle grip
1897,bottle grip
1729,bottle grip
1604,bottle grip
1783,bottle grip
2028,bottle grip
2172,bottle grip
2167,bottle grip
2057,bottle grip
1923,bottle grip
1863,bottle grip
1809,bottle grip
1973,bottle grip
2087,bottle grip
1908,bottle grip
1652,bottle grip
1568,bottle grip
1584,bottle grip
1642,bottle grip
1764,bottle grip
1839,bottle grip
1897,bottle grip
1734,bottle grip
1614,bottle grip
1790,bottle grip
2038,bottle grip
2174,bottle grip
2169,bottle grip
2061,bottle grip
1927,bottle grip
1862,bottle grip
1811,bottle grip
1976,bottle grip
2086,bottle grip
1906,bottle grip
1653,bottle grip
1566,bottle grip
1587,bottle grip
1643,bottle grip
1765,bottle grip
1832,bottle grip
1894,bottle grip
1726,bottle grip
1614,bottle grip
1798,bottle grip
2045,bottle grip
2178,bottle grip
2161,bottle grip
2052,bottle grip
1920,bottle grip
1860,bottle grip
1801,bottle grip
1974,bottle grip
2084,bottle grip
1905,bottle grip
1657,bottle grip
1570,bottle grip
1589,bottle grip
1638,bottle grip
1763,bottle grip
1843,bottle grip
1898,bottle grip
1732,bottle grip
1621,bottle grip
1802,bottle grip
2041,bottle grip
2171,bottle grip
2159,bottle grip
2046,bottle grip
1914,bottle grip
1855,bottle grip
1806,bottle grip
1983,bottle grip
2089,bottle grip
1908,bottle grip
1653,bottle grip
1570,bottle grip
1587,bottle grip
1640,bottle grip
1765,bottle grip
1838,bottle grip
1900,bottle grip
1735,bottle grip
1625,bottle grip
1797,bottle grip
2052,bottle grip
2179,bottle grip
2158,bottle grip
2046,bottle grip
1917,bottle grip
1859,bottle grip
1809,bottle grip
1985,bottle grip
2081,bottle grip
1906,bottle grip
1648,bottle grip
1571,bottle grip
1591,bottle grip
1642,bottle grip
1767,bottle grip
1845,bottle grip
1899,bottle grip
1726,bottle grip
1624,bottle grip
1804,bottle grip
2051,bottle grip
2178,bottle grip
2155,bottle grip
2042,bottle grip
1920,bottle grip
1852,bottle grip
1802,bottle grip
1983,bottle grip
2083,bottle grip
1905,bottle grip
1654,bottle grip
1570,bottle grip
1590,bottle grip
1647,bottle grip
1771,bottle grip
1845,bottle grip
1900,bottle grip
1725,bottle grip
1624,bottle grip
1794,bottle grip
2047,bottle grip
2181,bottle grip
2156,bottle grip
2037,bottle grip
1912,bottle grip
1859,bottle grip
1804,bottle grip
1992,bottle grip
2085,bottle grip
1907,bottle grip
1651,bottle grip
1573,bottle grip
1591,bottle grip
1650,bottle grip
1775,bottle grip
1841,bottle grip
1894,bottle grip
1715,bottle grip
1621,bottle grip
1793,bottle grip
2048,bottle grip
2176,bottle grip
2155,bottle grip
2048,bottle grip
1915,bottle grip
1856,bottle grip
1805,bottle grip
1991,bottle grip
2083,bottle grip
1905,bottle grip
1645,bottle grip
1573,bottle grip
1592,bottle grip
1646,bottle grip
1765,bottle grip
1842,bottle grip
1899,bottle grip
1712,bottle grip
1621,bottle grip
1802,bottle grip
2056,bottle grip
2178,bottle grip
2151,bottle grip
2040,bottle grip
1916,bottle grip
1857,bottle grip
1807,bottle grip
1997,bottle grip
2081,bottle grip
1899,bottle grip
1646,bottle grip
1576,bottle grip
1594,bottle grip
1644,bottle grip
1768,bottle grip
1842,bottle grip
1897,bottle grip
1713,bottle grip
1628,bottle grip
1802,bottle grip
2053,bottle grip
2181,bottle grip
2151,bottle grip
2041,bottle grip
1914,bottle grip
1854,bottle grip
1808,bottle grip
1995,bottle grip
2076,bottle grip
1899,bottle grip
1644,bottle grip
1570,bottle grip
1592,bottle grip
1646,bottle grip
1771,bottle grip
1843,bottle grip
1899,bottle grip
1708,bottle grip
1625,bottle grip
1802,bottle grip
2060,bottle grip
2185,bottle grip
2151,bottle grip
2038,bottle grip
1910,bottle grip
1854,bottle grip
1808,bottle grip
2006,bottle grip
2076,bottle grip
1896,bottle grip
1639,bottle grip
1571,bottle grip
1594,bottle grip
1646,bottle grip
1770,bottle grip
1848,bottle grip
1901,bottle grip
1704,bottle grip
1633,bottle grip
1811,bottle grip
2062,bottle grip
2183,bottle grip
2146,bottle grip
2036,bottle grip
1910,bottle grip
1853,bottle grip
1807,bottle grip
2004,bottle grip
2078,bottle grip
1895,bottle grip
1635,bottle grip
1570,bottle grip
1593,bottle grip
1649,bottle grip
1773,bottle grip
1842,bottle grip
1893,bottle grip
1700,bottle grip
1633,bottle grip
1809,bottle grip
2063,bottle grip
2186,bottle grip
2152,bottle grip
2039,bottle grip
1911,bottle grip
1850,bottle grip
1802,bottle grip
2004,bottle grip
2075,bottle grip
1893,bottle grip
1637,bottle grip
1575,bottle grip
1595,bottle grip
1652,bottle grip
1775,bottle grip
1845,bottle grip
1903,bottle grip
1722,bottle grip
1654,bottle grip
1833,bottle grip
2088,bottle grip
2202,bottle grip
2158,bottle grip
2051,bottle grip
1916,bottle grip
1856,bottle grip
1802,bottle grip
2009,bottle grip
2066,bottle grip
1881,bottle grip
1627,bottle grip
1566,bottle grip
1589,bottle grip
1642,bottle grip
1765,bottle grip
1840,bottle grip
1887,bottle grip
1683,bottle grip
1623,bottle grip
1803,bottle grip
2060,bottle grip
2179,bottle grip
2142,bottle grip
2033,bottle grip
1910,bottle grip
1850,bottle grip
1801,bottle grip
2008,bottle grip
2065,bottle grip
1889,bottle grip
1632,bottle grip
1572,bottle grip
1603,bottle grip
1698,bottle grip
1814,bottle grip
1876,bottle grip
1914,bottle grip
1702,bottle grip
1659,bottle grip
1832,bottle grip
2066,bottle grip
2180,bottle grip
2127,bottle grip
2011,bottle grip
1886,bottle grip
1831,bottle grip
1787,bottle grip
2000,bottle grip
2040,bottle grip
1865,bottle grip
1619,bottle grip
1574,bottle grip
1609,bottle grip
1668,bottle grip
1795,bottle grip
1855,bottle grip
1902,bottle grip
1697,bottle grip
1654,bottle grip
1828,bottle grip
2076,bottle grip
2176,bottle grip
2128,bottle grip
2013,bottle grip
1894,bottle grip
1838,bottle grip
1791,bottle grip
2006,bottle grip
2046,bottle grip
1864,bottle grip
1619,bottle grip
1575,bottle grip
1605,bottle grip
1666,bottle grip
1796,bottle grip
1861,bottle grip
1910,bottle grip
1699,bottle grip
1659,bottle grip
1834,bottle grip
2082,bottle grip
2183,bottle grip
2128,bottle grip
2012,bottle grip
1893,bottle grip
1846,bottle grip
1812,bottle grip
2027,bottle grip
2052,bottle grip
1871,bottle grip
1626,bottle grip
1580,bottle grip
1616,bottle grip
1674,bottle grip
1795,bottle grip
1865,bottle grip
1910,bottle grip
1695,bottle grip
1661,bottle grip
1834,bottle grip
2069,bottle grip
2174,bottle grip
2124,bottle grip
2010,bottle grip
1893,bottle grip
1839,bottle grip
1797,bottle grip
2015,bottle grip
2041,bottle grip
1860,bottle grip
1609,bottle grip
1561,bottle grip
1602,bottle grip
1667,bottle grip
1794,bottle grip
1869,bottle grip
1911,bottle grip
1699,bottle grip
1666,bottle grip
1843,bottle grip
2087,bottle grip
2187,bottle grip
2133,bottle grip
2012,bottle grip
1886,bottle grip
1833,bottle grip
1786,bottle grip
2005,bottle grip
2029,bottle grip
1850,bottle grip
1613,bottle grip
1582,bottle grip
1612,bottle grip
1678,bottle grip
1802,bottle grip
1877,bottle grip
1917,bottle grip
1697,bottle grip
1671,bottle grip
1842,bottle grip
2084,bottle grip
2180,bottle grip
2122,bottle grip
2007,bottle grip
1889,bottle grip
1829,bottle grip
1788,bottle grip
2011,bottle grip
2028,bottle grip
1856,bottle grip
1615,rest
1652,rest
1709,rest
1803,rest
1866,rest
1907,rest
1859,rest
1697,rest
1847,rest
2006,rest
2102,rest
2091,rest
1991,rest
1883,rest
1835,rest
1793,rest
1855,rest
2007,rest
1856,rest
1690,rest
1612,rest
1650,rest
1706,rest
1805,rest
1867,rest
1909,rest
1860,rest
1700,rest
1846,rest
2017,rest
2104,rest
2094,rest
1990,rest
1885,rest
1835,rest
1791,rest
1854,rest
2010,rest
1855,rest
1682,rest
1613,rest
1647,rest
1705,rest
1801,rest
1871,rest
1916,rest
1863,rest
1706,rest
1853,rest
2018,rest
2107,rest
2090,rest
1990,rest
1883,rest
1833,rest
1792,rest
1860,rest
2006,rest
1851,rest
1686,rest
1616,rest
1650,rest
1709,rest
1809,rest
1866,rest
1913,rest
1860,rest
1701,rest
1850,rest
2015,rest
2103,rest
2089,rest
1985,rest
1884,rest
1834,rest
1794,rest
1859,rest
2005,rest
1852,rest
1686,rest
1618,rest
1653,rest
1707,rest
1803,rest
1861,rest
1915,rest
1859,rest
1698,rest
1843,rest
2014,rest
2094,rest
2087,rest
1988,rest
1882,rest
1839,rest
1797,rest
1865,rest
2007,rest
1855,rest
1688,rest
1614,rest
1653,rest
1711,rest
1807,rest
1864,rest
1911,rest
1857,rest
1703,rest
1848,rest
2016,rest
2099,rest
2088,rest
1982,rest
1883,rest
1831,rest
1793,rest
1865,rest
2007,rest
1853,rest
1687,rest
1623,rest
1654,rest
1706,rest
1804,rest
1866,rest
1912,rest
1852,rest
1704,rest
1851,rest
2020,rest
2105,rest
2088,rest
1983,rest
1875,rest
1834,rest
1796,rest
1862,rest
2007,rest
1858,rest
1688,rest
1624,rest
1652,rest
1715,rest
1812,rest
1869,rest
1913,rest
1852,rest
1705,rest
1848,rest
2016,rest
2100,rest
2084,rest
1978,rest
1878,rest
1837,rest
1794,rest
1863,rest
2003,rest
1852,rest
1687,rest
1624,rest
1659,rest
1714,rest
1810,rest
1867,rest
1912,rest
1849,rest
1705,rest
1853,rest
2015,rest
2093,rest
2077,rest
1982,rest
1884,rest
1835,rest
1796,rest
1867,rest
1997,rest
1849,rest
1686,rest
1631,rest
1664,rest
1719,rest
1811,rest
1868,rest
1913,rest
1849,rest
1702,rest
1854,rest
2012,rest
2090,rest
2068,rest
1970,rest
1876,rest
1835,rest
1791,rest
1868,rest
1996,rest
1851,rest
1685,rest
1630,rest
1669,rest
1717,rest
1813,rest
1869,rest
1909,rest
1840,rest
1712,rest
1856,rest
2009,rest
2089,rest
2072,rest
1974,rest
1878,rest
1836,rest
1802,rest
1875,rest
1999,rest
1849,rest
1687,rest
1633,rest
1669,rest
1723,rest
1811,rest
1862,rest
1905,rest
1843,rest
1714,rest
1858,rest
2008,rest
2085,rest
2066,rest
1975,rest
1878,rest
1839,rest
1800,rest
1876,rest
1990,rest
1851,rest
1690,rest
1641,rest
1678,rest
1730,rest
1818,rest
1866,rest
1910,rest
1844,rest
1716,rest
1852,rest
2008,rest
2081,rest
2062,rest
1963,rest
1874,rest
1830,rest
1799,rest
1876,rest
1990,rest
1848,rest
1695,rest
1643,rest
1681,rest
1735,rest
1820,rest
1869,rest
1908,rest
1835,rest
1716,rest
1857,rest
2006,rest
2080,rest
2055,rest
1966,rest
1872,rest
1836,rest
1804,rest
1887,rest
1994,rest
1850,rest
1696,rest
1650,rest
1684,rest
1735,rest
1817,rest
1865,rest
1908,rest
1835,rest
1719,rest
1863,rest
2006,rest
2077,rest
2054,rest
1957,rest
1866,rest
1832,rest
1799,rest
1886,rest
1985,rest
1847,rest
1696,rest
1648,rest
1680,rest
1730,rest
1815,rest
1864,rest
1904,rest
1829,rest
1719,rest
1858,rest
2003,rest
2076,rest
2054,rest
1962,rest
1871,rest
1838,rest
1806,rest
1885,rest
1988,rest
1848,rest
1695,rest
1652,rest
1688,rest
1741,rest
1828,rest
1872,rest
1906,rest
1827,rest
1720,rest
1862,rest
2009,rest
2073,rest
2050,rest
1957,rest
1870,rest
1833,rest
1802,rest
1887,rest
1990,rest
1847,rest
1699,rest
1645,rest
1683,rest
1735,rest
1819,rest
1872,rest
1907,rest
1832,rest
1719,rest
1853,rest
2010,rest
2073,rest
2051,rest
1955,rest
1866,rest
1831,rest
1801,rest
1889,rest
1988,rest
1850,rest
1694,rest
1651,rest
1685,rest
1735,rest
1821,rest
1871,rest
1913,rest
1834,rest
1722,rest
1859,rest
2012,rest
2082,rest
2056,rest
1961,rest
1873,rest
1834,rest
1798,rest
1884,rest
1987,rest
1846,rest
1687,rest
1648,rest
1680,rest
1729,rest
1820,rest
1871,rest
1909,rest
1824,rest
1719,rest
1860,rest
2014,rest
2082,rest
2058,rest
1962,rest
1871,rest
1832,rest
1799,rest
1888,rest
1993,rest
1849,rest
1691,rest
1643,rest
1680,rest
1729,rest
1821,rest
1869,rest
1909,rest
1831,rest
1718,rest
1860,rest
2013,rest
2088,rest
2059,rest
1967,rest
1872,rest
1827,rest
1795,rest
1881,rest
1986,rest
1843,rest
1681,rest
1637,rest
1668,rest
1729,rest
1817,rest
1872,rest
1909,rest
1827,rest
1718,rest
1859,rest
2022,rest
2093,rest
2066,rest
1964,rest
1870,rest
1829,rest
1795,rest
1891,rest
1988,rest
1849,rest
1684,rest
1639,rest
1672,rest
1725,rest
1817,rest
1868,rest
1910,rest
1830,rest
1720,rest
1859,rest
2015,rest
2093,rest
2069,rest
1970,rest
1877,rest
1832,rest
1797,rest
1892,rest
1992,rest
1852,rest
1683,rest
1632,rest
1668,rest
1725,rest
1817,rest
1868,rest
1906,rest
1826,rest
1712,rest
1856,rest
2020,rest
2091,rest
2066,rest
1977,rest
1874,rest
1834,rest
1801,rest
1897,rest
1993,rest
1846,rest
1680,rest
1633,rest
1665,rest
1726,rest
1819,rest
1873,rest
1914,rest
1829,rest
1714,rest
1857,rest
2018,rest
2099,rest
2073,rest
1970,rest
1873,rest
1827,rest
1792,rest
1888,rest
1990,rest
1843,rest
1674,rest
1624,rest
1663,rest
1721,rest
1819,rest
1875,rest
1912,rest
1823,rest
1714,rest
1856,rest
2025,rest
2101,rest
2075,rest
1973,rest
1872,rest
1827,rest
1789,rest
1894,rest
1994,rest
1850,rest
1673,rest
1624,rest
1666,rest
1721,rest
1816,rest
1871,rest
1913,rest
1824,rest
1714,rest
1861,rest
2029,rest
2104,rest
2071,rest
1976,rest
1873,rest
1830,rest
1795,rest
1890,rest
1989,rest
1843,rest
1672,rest
1622,rest
1660,rest
1716,rest
1816,rest
1869,rest
1917,rest
1823,rest
1715,rest
1859,rest
2027,rest
2105,rest
2075,rest
1970,rest
1872,rest
1829,rest
1793,rest
1897,rest
1998,rest
1845,rest
1670,rest
1625,rest
1660,rest
1721,rest
1820,rest
1872,rest
1913,rest
1818,rest
1710,rest
1861,rest
2028,rest
2103,rest
2074,rest
1972,rest
1872,rest
1834,rest
1794,rest
1895,rest
1987,rest
1842,rest
1670,rest
1629,rest
1665,rest
1720,rest
1816,rest
1873,rest
1919,rest
1825,rest
1722,rest
1860,rest
2030,rest
2100,rest
2070,rest
1971,rest
1871,rest
1826,rest
1791,rest
1896,rest
1994,rest
1847,rest
1673,rest
1626,rest
1668,rest
1722,rest
1818,rest
1870,rest
1912,rest
1814,rest
1719,rest
1860,rest
2029,rest
2101,rest
2071,rest
1968,rest
1872,rest
1832,rest
1795,rest
1901,rest
1989,rest
1843,rest
1674,rest
1631,rest
1668,rest
1720,rest
1819,rest
1873,rest
1910,rest
1819,rest
1720,rest
1861,rest
2027,rest
2099,rest
2068,rest
1966,rest
1872,rest
1827,rest
1795,rest
1897,rest
1984,rest
1841,rest
1679,rest
1636,rest
1669,rest
1724,rest
1823,rest
1869,rest
1909,rest
1813,rest
1718,rest
1859,rest
2025,rest
2101,rest
2065,rest
1963,rest
1869,rest
1829,rest
1798,rest
1900,rest
1986,rest
1845,rest
1677,rest
1635,rest
1672,rest
1732,rest
1818,rest
1873,rest
1909,rest
1812,rest
1723,rest
1863,rest
2021,rest
2095,rest
2059,rest
1962,rest
1871,rest
1828,rest
1798,rest
1908,rest
1981,rest
1840,rest
1676,rest
1638,rest
1681,rest
1733,rest
1828,rest
1875,rest
1911,rest
1808,rest
1724,rest
1864,rest
2022,rest
2087,rest
2055,rest
1962,rest
1870,rest
1832,rest
1794,rest
1901,rest
1979,rest
1841,rest
1677,rest
1639,rest
1676,rest
1730,rest
1823,rest
1876,rest
1913,rest
1808,rest
1727,rest
1862,rest
2022,rest
2088,rest
2058,rest
1960,rest
1869,rest
1834,rest
1798,rest
1905,rest
1977,rest
1842,rest
1676,rest
1643,rest
1684,rest
1740,rest
1824,rest
1873,rest
1910,rest
1809,rest
1728,rest
1865,rest
2023,rest
2084,rest
2050,rest
1952,rest
1863,rest
1830,rest
1799,rest
1906,rest
1976,rest
1842,rest
1676,rest
1644,rest
1685,rest
1736,rest
1828,rest
1874,rest
1911,rest
1810,rest
1729,rest
1863,rest
2021,rest
2084,rest
2049,rest
1958,rest
1867,rest
1832,rest
1799,rest
1910,rest
1978,rest
1841,rest
1683,rest
1647,rest
1683,rest
1733,rest
1826,rest
1873,rest
1908,rest
1808,rest
1731,rest
1861,rest
2021,rest
2086,rest
2049,rest
1955,rest
1865,rest
1829,rest
1802,rest
1910,rest
1976,rest
1840,rest
1673,rest
1648,rest
1682,rest
1736,rest
1826,rest
1876,rest
1907,rest
1800,rest
1731,rest
1861,rest
2026,rest
2085,rest
2050,rest
1958,rest
1864,rest
1829,rest
1797,rest
1912,rest
1980,rest
1837,rest
1680,rest
1643,rest
1683,rest
1740,rest
1826,rest
1878,rest
1914,rest
1808,rest
1735,rest
1867,rest
2025,rest
2090,rest
2052,rest
1955,rest
1868,rest
1828,rest
1792,rest
1909,rest
1977,rest
1836,rest
1673,rest
1641,rest
1675,rest
1734,rest
1824,rest
1873,rest
1911,rest
1805,rest
1730,rest
1864,rest
2022,rest
2089,rest
2050,rest
1959,rest
1867,rest
1835,rest
1800,rest
1915,rest
1979,rest
1844,rest
1676,rest
1643,rest
1680,rest
1732,rest
1825,rest
1874,rest
1909,rest
1801,rest
1726,rest
1861,rest
2028,rest
2095,rest
2053,rest
1960,rest
1866,rest
1830,rest
1798,rest
1913,rest
1980,rest
1839,rest
1670,rest
1639,rest
1675,rest
1733,rest
1827,rest
1872,rest
1911,rest
1801,rest
1730,rest
1864,rest
2030,rest
2089,rest
2054,rest
1960,rest
1867,rest
1830,rest
1791,rest
1921,rest
1980,rest
1842,rest
1671,rest
1639,rest
1675,rest
1735,rest
1823,rest
1878,rest
1911,rest
1799,rest
1728,rest
1864,rest
2032,rest
2096,rest
2054,rest
1960,rest
1866,rest
1827,rest
1791,rest
1920,rest
1981,rest
1837,rest
1670,rest
1641,rest
1677,rest
1730,rest
1822,rest
1876,rest
1913,rest
1798,rest
1724,rest
1868,rest
2033,rest
2101,rest
2058,rest
1960,rest
1865,rest
1827,rest
1794,rest
1918,rest
1977,rest
1837,rest
1662,rest
1636,rest
1673,rest
1729,rest
1827,rest
1875,rest
1916,rest
1801,rest
1732,rest
1867,rest
2032,rest
2098,rest
2052,rest
1957,rest
1865,rest
1829,rest
1799,rest
1920,rest
1974,rest
1838,rest
1664,rest
1637,rest
1677,rest
1734,rest
1824,rest
1874,rest
1912,rest
1795,rest
1729,rest
1869,rest
2032,rest
2099,rest
2059,rest
1963,rest
1867,rest
1832,rest
1797,rest
1922,rest
1976,rest
1840,rest
1661,rest
1635,rest
1674,rest
1732,rest
1826,rest
1873,rest
1912,rest
1793,rest
1733,rest
1867,rest
2033,rest
2097,rest
2054,rest
1956,rest
1867,rest
1830,rest
1797,rest
1917,rest
1978,rest
1838,rest
1661,rest
1637,rest
1672,rest
1732,rest
1826,rest
1875,rest
1906,rest
1794,rest
1731,rest
1867,rest
2036,rest
2100,rest
2057,rest
1966,rest
1872,rest
1833,rest
1797,rest
1925,rest
1974,rest
1838,rest
1661,rest
1634,rest
1670,rest
1725,rest
1817,rest
1875,rest
1913,rest
1798,rest
1735,rest
1871,rest
2037,rest
2104,rest
2055,rest
1959,rest
1865,rest
1823,rest
1790,rest
1925,rest
1975,rest
1831,rest
1663,rest
1640,rest
1672,rest
1730,rest
1829,rest
1875,rest
1912,rest
1792,rest
1732,rest
1868,rest
2044,rest
2099,rest
2050,rest
1955,rest
1857,rest
1824,rest
1793,rest
1925,rest
1978,rest
1837,rest
1660,rest
1638,rest
1675,rest
1730,rest
1829,rest
1878,rest
1911,rest
1789,rest
1734,rest
1865,rest
2033,rest
2097,rest
2050,rest
1957,rest
1862,rest
1825,rest
1789,rest
1927,rest
1975,rest
1836,rest
1664,rest
1638,rest
1680,rest
1731,rest
1820,rest
1875,rest
1915,rest
1784,rest
1735,rest
1868,rest
2039,rest
2099,rest
2055,rest
1959,rest
1864,rest
1825,rest
1794,rest
1927,rest
1973,rest
1832,rest
1660,rest
1641,rest
1678,rest
1733,rest
1828,rest
1881,rest
1912,rest
1788,rest
1733,rest
1872,rest
2037,rest
2102,rest
2056,rest
1957,rest
1867,rest
1829,rest
1791,rest
1928,rest
1974,rest
1837,rest
1663,rest
1639,rest
1674,rest
1727,rest
1827,rest
1876,rest
1914,rest
1790,rest
1735,rest
1867,rest
2038,rest
2098,rest
2052,rest
1960,rest
1865,rest
1829,rest
1799,rest
1932,rest
1973,rest
1835,rest
1671,rest
1643,rest
1676,rest
1732,rest
1831,rest
1877,rest
1914,rest
1783,rest
1732,rest
1865,rest
2040,rest
2098,rest
2053,rest
1956,rest
1865,rest
1826,rest
1798,rest
1933,rest
1971,rest
1835,rest
1663,rest
1639,rest
1679,rest
1736,rest
1829,rest
1878,rest
1914,rest
1782,rest
1738,rest
1869,rest
2040,rest
2102,rest
2050,rest
1962,rest
1862,rest
1826,rest
1803,rest
1929,rest
1971,rest
1831,rest
1662,rest
1643,rest
1681,rest
1739,rest
1831,rest
1877,rest
1905,rest
1780,rest
1739,rest
1870,rest
2039,rest
2101,rest
2054,rest
1957,rest
1865,rest
1821,rest
1795,rest
1930,rest
1970,rest
1832,rest
1658,rest
1635,rest
1673,rest
1734,rest
1828,rest
1881,rest
1914,rest
1783,rest
1738,rest
1873,rest
2043,rest
2100,rest
2050,rest
1960,rest
1865,rest
1828,rest
1793,rest
1937,rest
1971,rest
1834,rest
1662,rest
1636,rest
1675,rest
1731,rest
1830,rest
1875,rest
1911,rest
1781,rest
1736,rest
1872,rest
2040,rest
2102,rest
2050,rest
1956,rest
1862,rest
1829,rest
1792,rest
1937,rest
1969,rest
1828,rest
1658,rest
1638,rest
1678,rest
1733,rest
1827,rest
1878,rest
1913,rest
1777,rest
1741,rest
1879,rest
2043,rest
2100,rest
2054,rest
1960,rest
1862,rest
1829,rest
1792,rest
1939,rest
1973,rest
1832,rest
1662,rest
1640,rest
1676,rest
1735,rest
1828,rest
1880,rest
1912,rest
1776,rest
1736,rest
1866,rest
2037,rest
2097,rest
2049,rest
1952,rest
1865,rest
1829,rest
1792,rest
1933,rest
1970,rest
1835,rest
1656,rest
1634,rest
1679,rest
1734,rest
1829,rest
1879,rest
1914,rest
1775,rest
1738,rest
1870,rest
2047,rest
2102,rest
2045,rest
1956,rest
1863,rest
1825,rest
1795,rest
1942,rest
1967,rest
1828,rest
1655,rest
1639,rest
1680,rest
1735,rest
1827,rest
1878,rest
1913,rest
1776,rest
1740,rest
1878,rest
2050,rest
2109,rest
2053,rest
1956,rest
1865,rest
1827,rest
1795,rest
1936,rest
1972,rest
1828,rest
1653,rest
1637,rest
1675,rest
1733,rest
1828,rest
1878,rest
1913,rest
1774,rest
1741,rest
1875,rest
2047,rest
2104,rest
2050,rest
1956,rest
1868,rest
1827,rest
1794,rest
1939,rest
1964,rest
1829,rest
1657,rest
1638,rest
1677,rest
1734,rest
1830,rest
1883,rest
1918,rest
1774,rest
1740,rest
1880,rest
2050,rest
2104,rest
2052,rest
1959,rest
1860,rest
1823,rest
1795,rest
1944,rest
1966,rest
1826,rest
1657,rest
1632,rest
1675,rest
1739,rest
1829,rest
1880,rest
1914,rest
1771,rest
1735,rest
1872,rest
2044,rest
2103,rest
2049,rest
1954,rest
1860,rest
1826,rest
1793,rest
1942,rest
1969,rest
1824,rest
1655,rest
1644,rest
1677,rest
1738,rest
1829,rest
1875,rest
1915,rest
1770,rest
1742,rest
1876,rest
2043,rest
2102,rest
2051,rest
1957,rest
1868,rest
1831,rest
1800,rest
1949,rest
1970,rest
1825,rest
1655,rest
1640,rest
1678,rest
1735,rest
1830,rest
1878,rest
1909,rest
1765,rest
1740,rest
1878,rest
2044,rest
2102,rest
2048,rest
1949,rest
1860,rest
1827,rest
1795,rest
1946,rest
1962,rest
1826,rest
1652,rest
1640,rest
1682,rest
1732,rest
1833,rest
1877,rest
1912,rest
1770,rest
1743,rest
1876,rest
2050,rest
2105,rest
2050,rest
1954,rest
1866,rest
1823,rest
1795,rest
1945,rest
1969,rest
1828,rest
1654,rest
1640,rest
1680,rest
1739,rest
1833,rest
1881,rest
1910,rest
1769,rest
1740,rest
1876,rest
2041,rest
2103,rest
2050,rest
1954,rest
1864,rest
1826,rest
1793,rest
1946,rest
1960,rest
1825,rest
1650,rest
1639,rest
1681,rest
1739,rest
1832,rest
1883,rest
1913,rest
1768,rest
1743,rest
1878,rest
2049,rest
2101,rest
2043,rest
1951,rest
1863,rest
1822,rest
1794,rest
1946,rest
1966,rest
1822,rest
1652,rest
1643,rest
1684,rest
1741,rest
1831,rest
1882,rest
1910,rest
1764,rest
1749,rest
1879,rest
2052,rest
2106,rest
2050,rest
1956,rest
1862,rest
1827,rest
1792,rest
1945,rest
1959,rest
1820,rest
1651,rest
1640,rest
1679,rest
1736,rest
1834,rest
1883,rest
1908,rest
1764,rest
1742,rest
1880,rest
2045,rest
2107,rest
2047,rest
1950,rest
1859,rest
1827,rest
1790,rest
1953,rest
1958,rest
1821,rest
1657,rest
1642,rest
1687,rest
1737,rest
1837,rest
1889,rest
1926,rest
1781,rest
1766,rest
1896,rest
2059,rest
2111,rest
2055,rest
1957,rest
1866,rest
1830,rest
1795,rest
1947,rest
1959,rest
1818,rest
1642,rest
1630,rest
1679,rest
1736,rest
1825,rest
1878,rest
1908,rest
1763,rest
1747,rest
1877,rest
2045,rest
2101,rest
2038,rest
1948,rest
1855,rest
1819,rest
1788,rest
1951,rest
1953,rest
1820,rest
1649,rest
1637,rest
1680,rest
1735,rest
1837,rest
1878,rest
1909,rest
1761,rest
1752,rest
1877,rest
2049,rest
2109,rest
2041,rest
1953,rest
1863,rest
1822,rest
1793,rest
1949,rest
1958,rest
1822,rest
1651,rest
1639,rest
1679,rest
1738,rest
1833,rest
1879,rest
1913,rest
1754,rest
1752,rest
1875,rest
2047,rest
2105,rest
2043,rest
1945,rest
1864,rest
1822,rest
1793,rest
1952,rest
1956,rest
1817,rest
1655,rest
1639,rest
1678,rest
1737,rest
1833,rest
1881,rest
1913,rest
1755,rest
1749,rest
1877,rest
2055,rest
2106,rest
2049,rest
1948,rest
1856,rest
1820,rest
1795,rest
1958,rest
1962,rest
1824,rest
1647,rest
1636,rest
1680,rest
1739,rest
1832,rest
1882,rest
1913,rest
1756,rest
1748,rest
1884,rest
2054,rest
2105,rest
2043,rest
1954,rest
1863,rest
1825,rest
1794,rest
1958,rest
1955,rest
1823,rest
1650,rest
1638,rest
1681,rest
1737,rest
1832,rest
1881,rest
1913,rest
1755,rest
1753,rest
1882,rest
2051,rest
2108,rest
2043,rest
1950,rest
1860,rest
1825,rest
1793,rest
1961,rest
1953,rest
1815,rest
1649,rest
1642,rest
1681,rest
1738,rest
1832,rest
1881,rest
1915,rest
1757,rest
1752,rest
1888,rest
2058,rest
2106,rest
2046,rest
1949,rest
1863,rest
1821,rest
1789,rest
1956,rest
1954,rest
1819,rest
1648,rest
1640,rest
1681,rest
1739,rest
1832,rest
1879,rest
1911,rest
1746,rest
1753,rest
1890,rest
2057,rest
2104,rest
2041,rest
1952,rest
1860,rest
1822,rest
1793,rest
1964,rest
1955,rest
1816,rest
1648,rest
1642,rest
1686,rest
1741,rest
1836,rest
1882,rest
1910,rest
1750,rest
1759,rest
1894,rest
2055,rest
2110,rest
2038,rest
1950,rest
1863,rest
1825,rest
1795,rest
1960,rest
1951,rest
1816,rest
1644,rest
1640,rest
1683,rest
1737,rest
1833,rest
1883,rest
1916,rest
1755,rest
1756,rest
1885,rest
2056,rest
2103,rest
2031,rest
1951,rest
1866,rest
1822,rest
1796,rest
1963,rest
1951,rest
1817,rest
1647,rest
1643,rest
1684,rest
1736,rest
1828,rest
1885,rest
1913,rest
1751,rest
1760,rest
1887,rest
2056,rest
2109,rest
2044,rest
1949,rest
1861,rest
1819,rest
1795,rest
1965,rest
1954,rest
1813,rest
1641,rest
1639,rest
1685,rest
1736,rest
1835,rest
1880,rest
1911,rest
1744,rest
1760,rest
1892,rest
2061,rest
2109,rest
2039,rest
1949,rest
1862,rest
1820,rest
1794,rest
1964,rest
1952,rest
1820,rest
1644,rest
1641,rest
1685,rest
1743,rest
1832,rest
1881,rest
1911,rest
1747,rest
1755,rest
1890,rest
2058,rest
2112,rest
2040,rest
1950,rest
1857,rest
1822,rest
1797,rest
1970,rest
1951,rest
1815,rest
1641,rest
1644,rest
1682,rest
1739,rest
1840,rest
1883,rest
1917,rest
1747,rest
1759,rest
1891,rest
2056,rest
2104,rest
2037,rest
1943,rest
1855,rest
1820,rest
1793,rest
1968,rest
1948,rest
1815,rest
1640,rest
1638,rest
1684,rest
1742,rest
1834,rest
1880,rest
1912,rest
1744,rest
1756,rest
1892,rest
2060,rest
2109,rest
2039,rest
1951,rest
1863,rest
1823,rest
1793,rest
1971,rest
1953,rest
1814,rest
1643,rest
1644,rest
1685,rest
1741,rest
1836,rest
1883,rest
1914,rest
1746,rest
1759,rest
1893,rest
2057,rest
2109,rest
2038,rest
1948,rest
1866,rest
1823,rest
1798,rest
1971,rest
1948,rest
1813,rest
1639,rest
1635,rest
1681,rest
1741,rest
1836,rest
1885,rest
1916,rest
1746,rest
1761,rest
1889,rest
2057,rest
2107,rest
2038,rest
1948,rest
1863,rest
1822,rest
1797,rest
1967,rest
1946,rest
1812,rest
1644,rest
1636,rest
1684,rest
1743,rest
1834,rest
1881,rest
1912,rest
1745,rest
1766,rest
1894,rest
2057,rest
2108,rest
2036,rest
1943,rest
1856,rest
1819,rest
1791,rest
1975,rest
1948,rest
1816,rest
1645,rest
1643,rest
1683,rest
1744,rest
1834,rest
1881,rest
1908,rest
1737,rest
1760,rest
1893,rest
2059,rest
2108,rest
2037,rest
1943,rest
1863,rest
1820,rest
1799,rest
1970,rest
1949,rest
1809,rest
1642,rest
1640,rest
1684,rest
1744,rest
1834,rest
1882,rest
1913,rest
1744,rest
1758,rest
1894,rest
2057,rest
2109,rest
2036,rest
1945,rest
1859,rest
1820,rest
1796,rest
1974,rest
1945,rest
1808,rest
1643,rest
1634,rest
1686,rest
1741,rest
1835,rest
1880,rest
1916,rest
1739,rest
1764,rest
1893,rest
2061,rest
2109,rest
2038,rest
1948,rest
1864,rest
1820,rest
1797,rest
1978,rest
1946,rest
1811,rest
1639,rest
1638,rest
1684,rest
1742,rest
1832,rest
1881,rest
1915,rest
1738,rest
1760,rest
1894,rest
2055,rest
2106,rest
2035,rest
1943,rest
1861,rest
1817,rest
1796,rest
1977,rest
1950,rest
1807,rest
1637,rest
1638,rest
1685,rest
1744,rest
1835,rest
1886,rest
1913,rest
1739,rest
1766,rest
1900,rest
2062,rest
2111,rest
2032,rest
1943,rest
1856,rest
1820,rest
1794,rest
1979,rest
1944,rest
1806,rest
1643,rest
1642,rest
1689,rest
1744,rest
1833,rest
1885,rest
1914,rest
1735,rest
1769,rest
1899,rest
2062,rest
2110,rest
2032,rest
1948,rest
1860,rest
1822,rest
1798,rest
1981,rest
1944,rest
1807,rest
1636,rest
1639,rest
1685,rest
1744,rest
1835,rest
1884,rest
1911,rest
1733,rest
1765,rest
1901,rest
2063,rest
2111,rest
2032,rest
1943,rest
1855,rest
1816,rest
1797,rest
1975,rest
1941,rest
1810,rest
1639,rest
1643,rest
1688,rest
1744,rest
1830,rest
1884,rest
1909,rest
1735,rest
1764,rest
1899,rest
2059,rest
2107,rest
2034,rest
1944,rest
1855,rest
1819,rest
1796,rest
1981,rest
1944,rest
1805,rest
1641,rest
1636,rest
1690,rest
1742,rest
1834,rest
1883,rest
1914,rest
1732,rest
1766,rest
1901,rest
2061,rest
2107,rest
2034,rest
1945,rest
1861,rest
1820,rest
1793,rest
1980,rest
1942,rest
1810,rest
1639,rest
1640,rest
1686,rest
1744,rest
1839,rest
1884,rest
1911,rest
1734,rest
1770,rest
1899,rest
2062,rest
2110,rest
2032,rest
1940,rest
1859,rest
1817,rest
1797,rest
1982,rest
1944,rest
1806,rest
1640,rest
1638,rest
1686,rest
1744,rest
1836,rest
1883,rest
1912,rest
1728,rest
1769,rest
1900,rest
2058,rest
2112,rest
2034,rest
1942,rest
1861,rest
1821,rest
1798,rest
1990,rest
1944,rest
1807,rest
1640,rest
1644,rest
1690,rest
1750,rest
1838,rest
1887,rest
1909,rest
1726,rest
1768,rest
1900,rest
2064,rest
2110,rest
2033,rest
1943,rest
1860,rest
1818,rest
1791,rest
1987,rest
1942,rest
1805,rest
1632,rest
1638,rest
1686,rest
1741,rest
1834,rest
1883,rest
1913,rest
1726,rest
1769,rest
1903,rest
2066,rest
2111,rest
2030,rest
1943,rest
1858,rest
1817,rest
1796,rest
1987,rest
1936,rest
1801,rest
1637,rest
1641,rest
1691,rest
1747,rest
1841,rest
1885,rest
1913,rest
1726,rest
1768,rest
1901,rest
2063,rest
2110,rest
2033,rest
1938,rest
1859,rest
1820,rest
1796,rest
1984,rest
1937,rest
1801,rest
1639,rest
1643,rest
1688,rest
1746,rest
1836,rest
1882,rest
1909,rest
1725,rest
1767,rest
1905,rest
2064,rest
2110,rest
2031,rest
1941,rest
1860,rest
1815,rest
1799,rest
1991,rest
1936,rest
1801,rest
1639,rest
1642,rest
1689,rest
1746,rest
1836,rest
1884,rest
1910,rest
1725,rest
1769,rest
1902,rest
2065,rest
2111,rest
2032,rest
1943,rest
1857,rest
1821,rest
1795,rest
1987,rest
1934,rest
1798,rest
1635,rest
1638,rest
1687,rest
1750,rest
1836,rest
1888,rest
1912,rest
1722,rest
1773,rest
1907,rest
2065,rest
2108,rest
2031,rest
1943,rest
1860,rest
1820,rest
1796,rest
1988,rest
1935,rest
1798,rest
1636,rest
1643,rest
1687,rest
1751,rest
1834,rest
1883,rest
1910,rest
1722,rest
1774,rest
1909,rest
2067,rest
2111,rest
2033,rest
1941,rest
1859,rest
1816,rest
1796,rest
1992,rest
1936,rest
1800,rest
1636,rest
1637,rest
1686,rest
1746,rest
1835,rest
1881,rest
1909,rest
1718,rest
1773,rest
1907,rest
2070,rest
2112,rest
2029,rest
1938,rest
1859,rest
1816,rest
1797,rest
1992,rest
1936,rest
1796,rest
1639,rest
1640,rest
1688,rest
1748,rest
1836,rest
1890,rest
1913,rest
1722,rest
1773,rest
1906,rest
2067,rest
2106,rest
2025,rest
1937,rest
1854,rest
1817,rest
1797,rest
1996,rest
1937,rest
1802,rest
1640,rest
1644,rest
1691,rest
1753,rest
1838,rest
1883,rest
1911,rest
1720,rest
1773,rest
1909,rest
2068,rest
2110,rest
2026,rest
1936,rest
1858,rest
1817,rest
1795,rest
1990,rest
1929,rest
1793,rest
1634,rest
1643,rest
1685,rest
1750,rest
1838,rest
1889,rest
1914,rest
1717,rest
1775,rest
1911,rest
2064,rest
2108,rest
2027,rest
1937,rest
1860,rest
1816,rest
1799,rest
1995,rest
1932,rest
1793,rest
1637,rest
1645,rest
1690,rest
1752,rest
1838,rest
1885,rest
1909,rest
1715,rest
1771,rest
1910,rest
2068,rest
2109,rest
2028,rest
1937,rest
1859,rest
1824,rest
1797,rest
1992,rest
1929,rest
1796,rest
1630,rest
1640,rest
1688,rest
1752,rest
1840,rest
1886,rest
1911,rest
1717,rest
1770,rest
1907,rest
2066,rest
2109,rest
2024,rest
1937,rest
1854,rest
1820,rest
1801,rest
1998,rest
1930,rest
1791,rest
1636,rest
1639,rest
1688,rest
1751,rest
1839,rest
1886,rest
1914,rest
1717,rest
1778,rest
1909,rest
2068,rest
2113,rest
2029,rest
1939,rest
1861,rest
1816,rest
1796,rest
1995,rest
1927,rest
1786,rest
1632,rest
1639,rest
1693,rest
1752,rest
1841,rest
1888,rest
1914,rest
1717,rest
1777,rest
1916,rest
2066,rest
2111,rest
2030,rest
1940,rest
1854,rest
1814,rest
1792,rest
1996,rest
1925,rest
1792,rest
1635,rest
1639,rest
1691,rest
1754,rest
1839,rest
1888,rest
1914,rest
1716,rest
1777,rest
1918,rest
2070,rest
2110,rest
2026,rest
1933,rest
1854,rest
1815,rest
1795,rest
1996,rest
1926,rest
1787,rest
1634,rest
1635,rest
1687,rest
1754,rest
1842,rest
1890,rest
1917,rest
1717,rest
1786,rest
1915,rest
2067,rest
2110,rest
2025,rest
1939,rest
1863,rest
1812,rest
1792,rest
2000,rest
1925,rest
1788,rest
1635,rest
1643,rest
1689,rest
1757,rest
1839,rest
1885,rest
1915,rest
1715,rest
1783,rest
1914,rest
2067,rest
2107,rest
2028,rest
1930,rest
1856,rest
1813,rest
1795,rest
2000,rest
1925,rest
1783,rest
1629,rest
1638,rest
1686,rest
1749,rest
1841,rest
1891,rest
1913,rest
1714,rest
1786,rest
1917,rest
2073,rest
2110,rest
2027,rest
1934,rest
1857,rest
1817,rest
1794,rest
2000,rest
1926,rest
1786,rest
1630,rest
1644,rest
1694,rest
1751,rest
1838,rest
1891,rest
1911,rest
1712,rest
1783,rest
1917,rest
2070,rest
2110,rest
2028,rest
1934,rest
1858,rest
1818,rest
1793,rest
1997,rest
1924,rest
1783,rest
1631,rest
1643,rest
1690,rest
1752,rest
1834,rest
1888,rest
1912,rest
1714,rest
1780,rest
1916,rest
2068,rest
2108,rest
2026,rest
1935,rest
1858,rest
1816,rest
1799,rest
2001,rest
1928,rest
1784,rest
1631,rest
1642,rest
1689,rest
1752,rest
1838,rest
1891,rest
1914,rest
1712,rest
1787,rest
1924,rest
2069,rest
2106,rest
2021,rest
1937,rest
1856,rest
1817,rest
1799,rest
2004,rest
1927,rest
1783,rest
1629,rest
1640,rest
1692,rest
1753,rest
1840,rest
1887,rest
1914,rest
1714,rest
1786,rest
1921,rest
2071,rest
2108,rest
2022,rest
1933,rest
1854,rest
1815,rest
1795,rest
2000,rest
1923,rest
1781,rest
1631,rest
1643,rest
1691,rest
1756,rest
1840,rest
1889,rest
1913,rest
1711,rest
1783,rest
1921,rest
2064,rest
2106,rest
2024,rest
1932,rest
1860,rest
1819,rest
1799,rest
2000,rest
1922,rest
1777,rest
1631,rest
1642,rest
1688,rest
1758,rest
1841,rest
1891,rest
1915,rest
1714,rest
1786,rest
1927,rest
2069,rest
2110,rest
2026,rest
1934,rest
1859,rest
1817,rest
1798,rest
2001,rest
1922,rest
1781,rest
1633,rest
1639,rest
1690,rest
1756,rest
1839,rest
1888,rest
1916,rest
1706,rest
1786,rest
1925,rest
2067,rest
2109,rest
2025,rest
1935,rest
1856,rest
1815,rest
1797,rest
2003,rest
1917,rest
1779,rest
1637,rest
1644,rest
1689,rest
1756,rest
1838,rest
1893,rest
1910,rest
1706,rest
1790,rest
1927,rest
2069,rest
2108,rest
2023,rest
1925,rest
1854,rest
1815,rest
1797,rest
2003,rest
1916,rest
1778,rest
1631,rest
1641,rest
1697,rest
1758,rest
1842,rest
1891,rest
1914,rest
1712,rest
1785,rest
1931,rest
2072,rest
2105,rest
2022,rest
1930,rest
1857,rest
1815,rest
1797,rest
2004,rest
1920,rest
1772,rest
1632,rest
1641,rest
1691,rest
1758,rest
1843,rest
1894,rest
1911,rest
1708,rest
1785,rest
1926,rest
2073,rest
2108,rest
2023,rest
1930,rest
1853,rest
1815,rest
1796,rest
2008,rest
1917,rest
1781,rest
1634,rest
1643,rest
1691,rest
1760,rest
1840,rest
1888,rest
1916,rest
1706,rest
1785,rest
1922,rest
2067,rest
2105,rest
2021,rest
1929,rest
1860,rest
1819,rest
1796,rest
2008,rest
1919,rest
1774,rest
1632,rest
1638,rest
1694,rest
1760,rest
1841,rest
1889,rest
1911,rest
1700,rest
1789,rest
1930,rest
2070,rest
2108,rest
2022,rest
1930,rest
1856,rest
1816,rest
1793,rest
2003,rest
1911,rest
1766,rest
1627,rest
1644,rest
1692,rest
1756,rest
1844,rest
1890,rest
1907,rest
1706,rest
1792,rest
1929,rest
2071,rest
2107,rest
2021,rest
1929,rest
1857,rest
1813,rest
1793,rest
2009,rest
1922,rest
1772,rest
1631,rest
1641,rest
1694,rest
1763,rest
1841,rest
1895,rest
1914,rest
1712,rest
1797,rest
1932,rest
2071,rest
2111,rest
2023,rest
1929,rest
1854,rest
1813,rest
1793,rest
2005,rest
1912,rest
1772,rest
1629,rest
1642,rest
1694,rest
1756,rest
1838,rest
1888,rest
1909,rest
1706,rest
1792,rest
1927,rest
2071,rest
2104,rest
2021,rest
1925,rest
1856,rest
1813,rest
1797,rest
2009,rest
1918,rest
1772,rest
1638,rest
1642,rest
1695,rest
1759,rest
1847,rest
1892,rest
1916,rest
1703,rest
1799,rest
1933,rest
2071,rest
2104,rest
2017,rest
1923,rest
1853,rest
1811,rest
1791,rest
2004,rest
1910,rest
1765,rest
1627,rest
1640,rest
1691,rest
1762,rest
1843,rest
1891,rest
1915,rest
1705,rest
1792,rest
1935,rest
2073,rest
2108,rest
2019,rest
1928,rest
1855,rest
1814,rest
1796,rest
2009,rest
1914,rest
1768,rest
1632,rest
1646,rest
1697,rest
1761,rest
1847,rest
1890,rest
1909,rest
1700,rest
1796,rest
1937,rest
2068,rest
2106,rest
2018,rest
1922,rest
1852,rest
1813,rest
1793,rest
2011,rest
1912,rest
1766,rest
1632,rest
1643,rest
1695,rest
1767,rest
1843,rest
1893,rest
1912,rest
1701,rest
1797,rest
1930,rest
2067,rest
2103,rest
2018,rest
1926,rest
1851,rest
1813,rest
1792,rest
2006,rest
1914,rest
1768,rest
1631,rest
1642,rest
1696,rest
1765,rest
1848,rest
1896,rest
1914,rest
1706,rest
1798,rest
1937,rest
2072,rest
2110,rest
2017,rest
1924,rest
1849,rest
1815,rest
1795,rest
2006,rest
1908,rest
1771,rest
1633,rest
1644,rest
1692,rest
1761,rest
1842,rest
1893,rest
1910,rest
1702,rest
1795,rest
1937,rest
2072,rest
2105,rest
2020,rest
1921,rest
1853,rest
1811,rest
1793,rest
2006,rest
1907,rest
1764,rest
1629,rest
1643,rest
1695,rest
1763,rest
1847,rest
1895,rest
1916,rest
1703,rest
1799,rest
1941,rest
2072,rest
2108,rest
2019,rest
1922,rest
1852,rest
1814,rest
1800,rest
2011,rest
1916,rest
1763,rest
1632,rest
1646,rest
1694,rest
1765,rest
1846,rest
1894,rest
1913,rest
1699,rest
1794,rest
1939,rest
2070,rest
2107,rest
2014,rest
1922,rest
1854,rest
1810,rest
1797,rest
2008,rest
1907,rest
1760,rest
1624,rest
1644,rest
1694,rest
1766,rest
1845,rest
1895,rest
1910,rest
1699,rest
1798,rest
1939,rest
2073,rest
2107,rest
2017,rest
1920,rest
1853,rest
1815,rest
1796,rest
2010,rest
1905,rest
1760,rest
1630,rest
1647,rest
1699,rest
1770,rest
1848,rest
1894,rest
1909,rest
1693,rest
1805,rest
1942,rest
2070,rest
2102,rest
2016,rest
1922,rest
1856,rest
1815,rest
1799,rest
2011,rest
1903,rest
1759,rest
1629,rest
1642,rest
1696,rest
1767,rest
1844,rest
1890,rest
1904,rest
1697,rest
1801,rest
1943,rest
2065,rest
2106,rest
2016,rest
1923,rest
1852,rest
1816,rest
1794,rest
2017,rest
1906,rest
1761,rest
1630,rest
1646,rest
1694,rest
1765,rest
1846,rest
1893,rest
1909,rest
1694,rest
1801,rest
1943,rest
2076,rest
2107,rest
2019,rest
1919,rest
1850,rest
1815,rest
1790,rest
2012,rest
1907,rest
1761,rest
1635,rest
1643,rest
1697,rest
1769,rest
1844,rest
1892,rest
1917,rest
1700,rest
1803,rest
1942,rest
2072,rest
2104,rest
2013,rest
1920,rest
1852,rest
1811,rest
1799,rest
2009,rest
1901,rest
1756,rest
1633,rest
1644,rest
1698,rest
1766,rest
1845,rest
1893,rest
1916,rest
1698,rest
1800,rest
1947,rest
2079,rest
2109,rest
2017,rest
1922,rest
1853,rest
1812,rest
1792,rest
2010,rest
1900,rest
1756,rest
1630,rest
1647,rest
1694,rest
1767,rest
1848,rest
1895,rest
1910,rest
1697,rest
1800,rest
1946,rest
2071,rest
2104,rest
2016,rest
1919,rest
1850,rest
1811,rest
1793,rest
2012,rest
1899,rest
1752,rest
1629,rest
1643,rest
1701,rest
1770,rest
1845,rest
1894,rest
1914,rest
1700,rest
1807,rest
1945,rest
2064,rest
2102,rest
2013,rest
1917,rest
1857,rest
1812,rest
1792,rest
2010,rest
1898,rest
1754,rest
1629,rest
1642,rest
1698,rest
1771,rest
1847,rest
1901,rest
1916,rest
1699,rest
1803,rest
1946,rest
2068,rest
2103,rest
2015,rest
1920,rest
1850,rest
1811,rest
1793,rest
2007,rest
1900,rest
1754,rest
1628,rest
1643,rest
1691,rest
1768,rest
1842,rest
1889,rest
1909,rest
1695,rest
1800,rest
1942,rest
2067,rest
2101,rest
2009,rest
1919,rest
1855,rest
1816,rest
1797,rest
2017,rest
1900,rest
1755,rest
1628,rest
1648,rest
1695,rest
1767,rest
1846,rest
1897,rest
1912,rest
1700,rest
1806,rest
1950,rest
2077,rest
2107,rest
2016,rest
1915,rest
1852,rest
1811,rest
1797,rest
2017,rest
1897,rest
1751,rest
1625,rest
1649,rest
1701,rest
1770,rest
1846,rest
1895,rest
1916,rest
1702,rest
1811,rest
1954,rest
2073,rest
2102,rest
2020,rest
1919,rest
1850,rest
1812,rest
1797,rest
2014,rest
1896,rest
1751,rest
1630,rest
1647,rest
1694,rest
1770,rest
1847,rest
1895,rest
1914,rest
1690,rest
1808,rest
1950,rest
2070,rest
2102,rest
2005,rest
1916,rest
1847,rest
1806,rest
1794,rest
2015,rest
1892,rest
1748,rest
1631,rest
1644,rest
1697,rest
1775,rest
1847,rest
1896,rest
1916,rest
1699,rest
1809,rest
1947,rest
2071,rest
2103,rest
2009,rest
1916,rest
1848,rest
1812,rest
1793,rest
2011,rest
1895,rest
1752,rest
1633,rest
1651,rest
1700,rest
1771,rest
1848,rest
1891,rest
1910,rest
1701,rest
1812,rest
1952,rest
2074,rest
2101,rest
2010,rest
1913,rest
1853,rest
1808,rest
1797,rest
2011,rest
1892,rest
1747,rest
1627,rest
1646,rest
1691,rest
1769,rest
1850,rest
1893,rest
1910,rest
1693,rest
1817,rest
1951,rest
2073,rest
2099,rest
2007,rest
1909,rest
1849,rest
1810,rest
1801,rest
2013,rest
1894,rest
1742,rest
1633,rest
1651,rest
1700,rest
1777,rest
1849,rest
1895,rest
1913,rest
1696,rest
1815,rest
1954,rest
2072,rest
2102,rest
2010,rest
1916,rest
1845,rest
1804,rest
1796,rest
2011,rest
1896,rest
1747,rest
1628,rest
1650,rest
1700,rest
1776,rest
1851,rest
1892,rest
1909,rest
1698,rest
1815,rest
1957,rest
2075,rest
2103,rest
2009,rest
1914,rest
1851,rest
1811,rest
1798,rest
2014,rest
1893,rest
1745,rest
1628,rest
1653,rest
1703,rest
1773,rest
1849,rest
1896,rest
1909,rest
1699,rest
1815,rest
1961,rest
2072,rest
2103,rest
2007,rest
1913,rest
1853,rest
1810,rest
1800,rest
2017,rest
1892,rest
1742,rest
1629,rest
1645,rest
1699,rest
1775,rest
1848,rest
1891,rest
1908,rest
1691,rest
1816,rest
1959,rest
2074,rest
2102,rest
2014,rest
1913,rest
1850,rest
1811,rest
1795,rest
2019,rest
1887,rest
1739,rest
1631,rest
1649,rest
1701,rest
1776,rest
1852,rest
1895,rest
1912,rest
1696,rest
1812,rest
1956,rest
2072,rest
2099,rest
2007,rest
1911,rest
1848,rest
1812,rest
1802,rest
2016,rest
1892,rest
1745,rest
1631,rest
1649,rest
1699,rest
1780,rest
1853,rest
1896,rest
1910,rest
1697,rest
1814,rest
1958,rest
2070,rest
2098,rest
2007,rest
1913,rest
1847,rest
1813,rest
1803,rest
2017,rest
1887,rest
1739,rest
1630,rest
1648,rest
1705,rest
1778,rest
1851,rest
1896,rest
1912,rest
1695,rest
1816,rest
1961,rest
2071,rest
2095,rest
2005,rest
1911,rest
1850,rest
1812,rest
1798,rest
2018,rest
1896,rest
1741,rest
1628,rest
1653,rest
1698,rest
1782,rest
1846,rest
1898,rest
1916,rest
1699,rest
1821,rest
1957,rest
2072,rest
2099,rest
2006,rest
1911,rest
1850,rest
1813,rest
1801,rest
2016,rest
1886,rest
1740,rest
1626,rest
1651,rest
1697,rest
1779,rest
1849,rest
1897,rest
1910,rest
1698,rest
1814,rest
1961,rest
2070,rest
2099,rest
2007,rest
1918,rest
1849,rest
1814,rest
1800,rest
2012,rest
1885,rest
1738,rest
1624,rest
1643,rest
1694,rest
1778,rest
1847,rest
1897,rest
1908,rest
1698,rest
1815,rest
1964,rest
2076,rest
2099,rest
2009,rest
1910,rest
1844,rest
1805,rest
1797,rest
2013,rest
1889,rest
1733,rest
1630,rest
1650,rest
1699,rest
1780,rest
1859,rest
1894,rest
1915,rest
1698,rest
1822,rest
1968,rest
2077,rest
2102,rest
2009,rest
1906,rest
1849,rest
1811,rest
1806,rest
2021,rest
1888,rest
1735,rest
1630,rest
1650,rest
1699,rest
1774,rest
1852,rest
1905,rest
1906,rest
1696,rest
1819,rest
1960,rest
2073,rest
2098,rest
2004,rest
1904,rest
1846,rest
1811,rest
1804,rest
2013,rest
1886,rest
1738,rest
1628,rest
1650,rest
1700,rest
1779,rest
1851,rest
1893,rest
1906,rest
1696,rest
1819,rest
1968,rest
2074,rest
2100,rest
2007,rest
1908,rest
1847,rest
1807,rest
1805,rest
2017,rest
1886,rest
1736,rest
1625,rest
1655,rest
1703,rest
1782,rest
1851,rest
1896,rest
1907,rest
1693,rest
1816,rest
1965,rest
2071,rest
2096,rest
2006,rest
1905,rest
1848,rest
1808,rest
1808,rest
2016,rest
1881,rest
1734,rest
1624,rest
1650,rest
1702,rest
1778,rest
1848,rest
1893,rest
1904,rest
1696,rest
1824,rest
1965,rest
2074,rest
2098,rest
2002,rest
1903,rest
1851,rest
1812,rest
1809,rest
2021,rest
1887,rest
1733,rest
1629,rest
1649,rest
1701,rest
1782,rest
1847,rest
1897,rest
1903,rest
1694,rest
1822,rest
1969,rest
2069,rest
2095,rest
2007,rest
1908,rest
1850,rest
1807,rest
1811,rest
2018,rest
1883,rest
1731,rest
1630,rest
1651,rest
1707,rest
1787,rest
1853,rest
1899,rest
1901,rest
1694,rest
1819,rest
1971,rest
2074,rest
2096,rest
2005,rest
1906,rest
1849,rest
1809,rest
1809,rest
2010,rest
1879,rest
1730,rest
1630,rest
1649,rest
1701,rest
1783,rest
1856,rest
1896,rest
1903,rest
1693,rest
1826,rest
1968,rest
2074,rest
2091,rest
1999,rest
1905,rest
1845,rest
1807,rest
1813,rest
2016,rest
1884,rest
1731,rest
1627,rest
1651,rest
1700,rest
1784,rest
1855,rest
1903,rest
1904,rest
1695,rest
1822,rest
1967,rest
2073,rest
2096,rest
2004,rest
1911,rest
1848,rest
1810,rest
1805,rest
2011,rest
1877,rest
1729,rest
1627,rest
1649,rest
1701,rest
1789,rest
1856,rest
1899,rest
1904,rest
1692,rest
1824,rest
1975,rest
2074,rest
2092,rest
2005,rest
1905,rest
1846,rest
1809,rest
1813,rest
2016,rest
1876,rest
1725,rest
1628,rest
1652,rest
1702,rest
1779,rest
1856,rest
1900,rest
1900,rest
1692,rest
1831,rest
1973,rest
2076,rest
2099,rest
2003,rest
1903,rest
1850,rest
1808,rest
1810,rest
2015,rest
1881,rest
1729,rest
1624,rest
1649,rest
1700,rest
1782,rest
1852,rest
1898,rest
1896,rest
1698,rest
1825,rest
1968,rest
2075,rest
2094,rest
2005,rest
1903,rest
1842,rest
1805,rest
1810,rest
2016,rest
1877,rest
1731,rest
1626,rest
1653,rest
1703,rest
1789,rest
1855,rest
1899,rest
1898,rest
1691,rest
1822,rest
1974,rest
2069,rest
2095,rest
2002,rest
1899,rest
1846,rest
1810,rest
1813,rest
2018,rest
1880,rest
1726,rest
1628,rest
1652,rest
1700,rest
1786,rest
1851,rest
1907,rest
1897,rest
1694,rest
1824,rest
1979,rest
2077,rest
2096,rest
1999,rest
1900,rest
1849,rest
1810,rest
1816,rest
2017,rest
1877,rest
1723,rest
1631,rest
1653,rest
1705,rest
1786,rest
1849,rest
1895,rest
1895,rest
1696,rest
1830,rest
1978,rest
2075,rest
2091,rest
2001,rest
1898,rest
1847,rest
1806,rest
1822,rest
2017,rest
1878,rest
1724,rest
1631,rest
1651,rest
1700,rest
1787,rest
1853,rest
1897,rest
1895,rest
1690,rest
1829,rest
1975,rest
2077,rest
2094,rest
2000,rest
1903,rest
1844,rest
1803,rest
1818,rest
2017,rest
1879,rest
1725,rest
1626,rest
1657,rest
1704,rest
1786,rest
1855,rest
1898,rest
1896,rest
1695,rest
1828,rest
1981,rest
2074,rest
2090,rest
1995,rest
1900,rest
1847,rest
1810,rest
1820,rest
2008,rest
1876,rest
1717,rest
1625,rest
1651,rest
1703,rest
1786,rest
1858,rest
1904,rest
1896,rest
1694,rest
1829,rest
1981,rest
2080,rest
2091,rest
1999,rest
1900,rest
1845,rest
1803,rest
1820,rest
2014,rest
1870,rest
1720,rest
1630,rest
1653,rest
1705,rest
1795,rest
1850,rest
1898,rest
1892,rest
1694,rest
1831,rest
1978,rest
2076,rest
2091,rest
1996,rest
1899,rest
1841,rest
1804,rest
1827,rest
2018,rest
1878,rest
1719,rest
1637,rest
1653,rest
1705,rest
1792,rest
1864,rest
1906,rest
1894,rest
1692,rest
1833,rest
1981,rest
2081,rest
2093,rest
1995,rest
1897,rest
1842,rest
1800,rest
1820,rest
2017,rest
1870,rest
1718,rest
1630,rest
1654,rest
1705,rest
1790,rest
1860,rest
1906,rest
1896,rest
1700,rest
1834,rest
1983,rest
2074,rest
2092,rest
1998,rest
1891,rest
1845,rest
1807,rest
1830,rest
2013,rest
1872,rest
1721,rest
1629,rest
1653,rest
1703,rest
1791,rest
1857,rest
1899,rest
1887,rest
1693,rest
1831,rest
1983,rest
2077,rest
2089,rest
1994,rest
1898,rest
1842,rest
1804,rest
1828,rest
2013,rest
1872,rest
1720,rest
1633,rest
1658,rest
1706,rest
1794,rest
1856,rest
1895,rest
1893,rest
1697,rest
1834,rest
1982,rest
2078,rest
2086,rest
1997,rest
1900,rest
1847,rest
1808,rest
1830,rest
2013,rest
1866,rest
1716,rest
1626,rest
1651,rest
1709,rest
1792,rest
1852,rest
1899,rest
1889,rest
1703,rest
1833,rest
1982,rest
2083,rest
2094,rest
1998,rest
1900,rest
1848,rest
1806,rest
1835,rest
2013,rest
1868,rest
1718,rest
1625,rest
1657,rest
1708,rest
1794,rest
1858,rest
1901,rest
1882,rest
1693,rest
1831,rest
1982,rest
2079,rest
2088,rest
1993,rest
1895,rest
1843,rest
1802,rest
1828,rest
2011,rest
1874,rest
1718,rest
1628,rest
1653,rest
1705,rest
1797,rest
1859,rest
1898,rest
1886,rest
1695,rest
1833,rest
1986,rest
2077,rest
2090,rest
1994,rest
1896,rest
1843,rest
1797,rest
1829,rest
2012,rest
1866,rest
1713,rest
1630,rest
1657,rest
1704,rest
1795,rest
1856,rest
1903,rest
1883,rest
1696,rest
1838,rest
1982,rest
2084,rest
2088,rest
1994,rest
1892,rest
1841,rest
1805,rest
1834,rest
2005,rest
1872,rest
1713,rest
1628,rest
1655,rest
1706,rest
1795,rest
1858,rest
1906,rest
1880,rest
1696,rest
1835,rest
1986,rest
2079,rest
2087,rest
1987,rest
1888,rest
1843,rest
1804,rest
1834,rest
2011,rest
1866,rest
1708,rest
1624,rest
1657,rest
1709,rest
1797,rest
1857,rest
1906,rest
1878,rest
1697,rest
1838,rest
1987,rest
2080,rest
2089,rest
1996,rest
1894,rest
1841,rest
1809,rest
1841,rest
2011,rest
1871,rest
1713,rest
1629,rest
1657,rest
1707,rest
1794,rest
1857,rest
1903,rest
1878,rest
1698,rest
1838,rest
1987,rest
2085,rest
2086,rest
1990,rest
1893,rest
1841,rest
1800,rest
1835,rest
2009,rest
1866,rest
1712,rest
1627,rest
1656,rest
1710,rest
1796,rest
1859,rest
1905,rest
1878,rest
1697,rest
1839,rest
1990,rest
2086,rest
2093,rest
1997,rest
1893,rest
1842,rest
1806,rest
1842,rest
2010,rest
1867,rest
1709,rest
1624,rest
1652,rest
1705,rest
1792,rest
1852,rest
1900,rest
1874,rest
1697,rest
1842,rest
1992,rest
2086,rest
2085,rest
1993,rest
1891,rest
1839,rest
1802,rest
1842,rest
2014,rest
1868,rest
1710,rest
1626,rest
1655,rest
1710,rest
1798,rest
1854,rest
1903,rest
1876,rest
1694,rest
1843,rest
1993,rest
2084,rest
2089,rest
1994,rest
1888,rest
1841,rest
1803,rest
1842,rest
2012,rest
1865,rest
1706,rest
1624,rest
1653,rest
1711,rest
1799,rest
1858,rest
1906,rest
1873,rest
1696,rest
1837,rest
1991,rest
2083,rest
2087,rest
1993,rest
1890,rest
1844,rest
1805,rest
1848,rest
2011,rest
1863,rest
1705,rest
1625,rest
1654,rest
1703,rest
1797,rest
1857,rest
1904,rest
1872,rest
1702,rest
1838,rest
1995,rest
2087,rest
2088,rest
1990,rest
1895,rest
1837,rest
1803,rest
1843,rest
2013,rest
1869,rest
1712,rest
1632,rest
1653,rest
1708,rest
1796,rest
1863,rest
1904,rest
1871,rest
1697,rest
1845,rest
1994,rest
2087,rest
2089,rest
1991,rest
1887,rest
1838,rest
1805,rest
1845,rest
2009,rest
1866,rest
1707,rest
1628,rest
1654,rest
1711,rest
1797,rest
1859,rest
1904,rest
1870,rest
1701,rest
1841,rest
1995,rest
2081,rest
2081,rest
1985,rest
1886,rest
1838,rest
1800,rest
1847,rest
2010,rest
1864,rest
1707,rest
1632,rest
1658,rest
1710,rest
1798,rest
1862,rest
1907,rest
1873,rest
1700,rest
1840,rest
1996,rest
2089,rest
2086,rest
1990,rest
1892,rest
1839,rest
1798,rest
1846,rest
2010,rest
1862,rest
1706,rest
1629,rest
1658,rest
1710,rest
1802,rest
1859,rest
1903,rest
1868,rest
1699,rest
1840,rest
1995,rest
2085,rest
2080,rest
1989,rest
1888,rest
1839,rest
1800,rest
1851,rest
2009,rest
1858,rest
1705,rest
1625,rest
1659,rest
1712,rest
1799,rest
1858,rest
1906,rest
1870,rest
1701,rest
1844,rest
2002,rest
2087,rest
2084,rest
1991,rest
1887,rest
1837,rest
1802,rest
1851,rest
2004,rest
1861,rest
1702,rest
1626,rest
1657,rest
1711,rest
1802,rest
1859,rest
1905,rest
1863,rest
1696,rest
1842,rest
1994,rest
2089,rest
2086,rest
1989,rest
1888,rest
1842,rest
1795,rest
1853,rest
2008,rest
1867,rest
1702,rest
1625,rest
1657,rest
1708,rest
1799,rest
1857,rest
1900,rest
1861,rest
1701,rest
1842,rest
1995,rest
2087,rest
2083,rest
1992,rest
1895,rest
1844,rest
1799,rest
1853,rest
2006,rest
1860,rest
1700,rest
1623,rest
1658,rest
1712,rest
1802,rest
1862,rest
1905,rest
1861,rest
1700,rest
1847,rest
1997,rest
2092,rest
2085,rest
1989,rest
1893,rest
1841,rest
1804,rest
1860,rest
2008,rest
1859,rest
1702,rest
1627,rest
1657,rest
1710,rest
1798,rest
1858,rest
1905,rest
1856,rest
1699,rest
1846,rest
2000,rest
2091,rest
2086,rest
1988,rest
1889,rest
1843,rest
1798,rest
1862,rest
2005,rest
1856,rest
1695,rest
1624,rest
1661,rest
1717,rest
1804,rest
1863,rest
1903,rest
1854,rest
1704,rest
1845,rest
2002,rest
2090,rest
2081,rest
1983,rest
1882,rest
1838,rest
1799,rest
1858,rest
2007,rest
1861,rest
1701,rest
1623,rest
1662,rest
1708,rest
1797,rest
1858,rest
1910,rest
1852,rest
1701,rest
1844,rest
2006,rest
2093,rest
2080,rest
1985,rest
1891,rest
1841,rest
1800,rest
1863,rest
2009,rest
1861,rest
1703,rest
1627,rest
1660,rest
1711,rest
1801,rest
1862,rest
1906,rest
1854,rest
1702,rest
1845,rest
1999,rest
2088,rest
2080,rest
1986,rest
1889,rest
1844,rest
1801,rest
1864,rest
2005,rest
1859,rest
1694,rest
1627,rest
1659,rest
1707,rest
1800,rest
1858,rest
1905,rest
1851,rest
1702,rest
1841,rest
2005,rest
2089,rest
2081,rest
1986,rest
1883,rest
1840,rest
1799,rest
1865,rest
2004,rest
1863,rest
1694,rest
1625,rest
1654,rest
1711,rest
1804,rest
1862,rest
1904,rest
1850,rest
1702,rest
1848,rest
2011,rest
2091,rest
2080,rest
1986,rest
1889,rest
1841,rest
1800,rest
1863,rest
2003,rest
1856,rest
1694,rest
1625,rest
1657,rest
1712,rest
1804,rest
1863,rest
1909,rest
1851,rest
1702,rest
1850,rest
2005,rest
2091,rest
2083,rest
1983,rest
1885,rest
1841,rest
1799,rest
1867,rest
2005,rest
1853,rest
1691,rest
1629,rest
1657,rest
1714,rest
1801,rest
1861,rest
1907,rest
1847,rest
1701,rest
1842,rest
2008,rest
2086,rest
2080,rest
1990,rest
1884,rest
1839,rest
1800,rest
1865,rest
2000,rest
1858,rest
1699,rest
1632,rest
1661,rest
1714,rest
1807,rest
1861,rest
1905,rest
1848,rest
1703,rest
1847,rest
2002,rest
2085,rest
2078,rest
1984,rest
1885,rest
1841,rest
1797,rest
1873,rest
2005,rest
1859,rest
1697,rest
1627,rest
1663,rest
1711,rest
1806,rest
1863,rest
1902,rest
1844,rest
1705,rest
1848,rest
2009,rest
2092,rest
2081,rest
1985,rest
1887,rest
1837,rest
1800,rest
1875,rest
2007,rest
1857,rest
1693,rest
1629,rest
1659,rest
1716,rest
1804,rest
1861,rest
1907,rest
1843,rest
1705,rest
1847,rest
2004,rest
2087,rest
2075,rest
1984,rest
1882,rest
1829,rest
1796,rest
1876,rest
2002,rest
1859,rest
1693,rest
1627,rest
1660,rest
1714,rest
1805,rest
1862,rest
1908,rest
1845,rest
1704,rest
1845,rest
2012,rest
2092,rest
2080,rest
1981,rest
1882,rest
1838,rest
1798,rest
1874,rest
2003,rest
1855,rest
1690,rest
1630,rest
1665,rest
1716,rest
1811,rest
1865,rest
1909,rest
1841,rest
1709,rest
1846,rest
2006,rest
2094,rest
2077,rest
1979,rest
1879,rest
1833,rest
1802,rest
1875,rest
2003,rest
1855,rest
1689,rest
1628,rest
1658,rest
1718,rest
1805,rest
1862,rest
1904,rest
1837,rest
1703,rest
1850,rest
2006,rest
2094,rest
2076,rest
1981,rest
1880,rest
1837,rest
1797,rest
1877,rest
2001,rest
1853,rest
1690,rest
1627,rest
1664,rest
1717,rest
1814,rest
1871,rest
1912,rest
1842,rest
1709,rest
1850,rest
2013,rest
2091,rest
2076,rest
1980,rest
1879,rest
1837,rest
1798,rest
1875,rest
1997,rest
1859,rest
1692,rest
1629,rest
1659,rest
1718,rest
1809,rest
1866,rest
1908,rest
1839,rest
1708,rest
1845,rest
2006,rest
2093,rest
2075,rest
1979,rest
1880,rest
1836,rest
1798,rest
1882,rest
2002,rest
1859,rest
1691,rest
1628,rest
1659,rest
1717,rest
1806,rest
1865,rest
1901,rest
1831,rest
1708,rest
1849,rest
2010,rest
2091,rest
2074,rest
1979,rest
1881,rest
1836,rest
1800,rest
1884,rest
2001,rest
1852,rest
1685,rest
1627,rest
1658,rest
1712,rest
1808,rest
1862,rest
1907,rest
1832,rest
1709,rest
1848,rest
2015,rest
2096,rest
2075,rest
1983,rest
1880,rest
1837,rest
1798,rest
1883,rest
2001,rest
1855,rest
1693,rest
1630,rest
1665,rest
1716,rest
1808,rest
1867,rest
1909,rest
1831,rest
1709,rest
1849,rest
2018,rest
2091,rest
2069,rest
1977,rest
1879,rest
1835,rest
1797,rest
1884,rest
1997,rest
1856,rest
1684,rest
1626,rest
1665,rest
1718,rest
1811,rest
1867,rest
1910,rest
1833,rest
1708,rest
1852,rest
2014,rest
2088,rest
2075,rest
1981,rest
1879,rest
1834,rest
1798,rest
1885,rest
1999,rest
1858,rest
1689,rest
1630,rest
1663,rest
1719,rest
1812,rest
1864,rest
1911,rest
1832,rest
1707,rest
1848,rest
2015,rest
2094,rest
2076,rest
1974,rest
1879,rest
1834,rest
1800,rest
1890,rest
1998,rest
1852,rest
1691,rest
1630,rest
1662,rest
1716,rest
1812,rest
1867,rest
1909,rest
1829,rest
1704,rest
1851,rest
2012,rest
2093,rest
2075,rest
1974,rest
1878,rest
1836,rest
1797,rest
1890,rest
1995,rest
1857,rest
1681,rest
1633,rest
1667,rest
1719,rest
1812,rest
1869,rest
1907,rest
1827,rest
1706,rest
1850,rest
2012,rest
2097,rest
2077,rest
1979,rest
1878,rest
1835,rest
1796,rest
1891,rest
2001,rest
1852,rest
1685,rest
1629,rest
1666,rest
1719,rest
1815,rest
1866,rest
1911,rest
1824,rest
1711,rest
1850,rest
2021,rest
2101,rest
2076,rest
1976,rest
1879,rest
1833,rest
1796,rest
1890,rest
1997,rest
1855,rest
1684,rest
1635,rest
1666,rest
1720,rest
1810,rest
1866,rest
1911,rest
1822,rest
1714,rest
1849,rest
2017,rest
2098,rest
2075,rest
1976,rest
1877,rest
1833,rest
1793,rest
1890,rest
1998,rest
1855,rest
1679,rest
1631,rest
1663,rest
1720,rest
1814,rest
1865,rest
1909,rest
1823,rest
1713,rest
1851,rest
2015,rest
2098,rest
2073,rest
1976,rest
1878,rest
1831,rest
1797,rest
1892,rest
1993,rest
1853,rest
1675,rest
1628,rest
1661,rest
1717,rest
1808,rest
1866,rest
1907,rest
1821,rest
1713,rest
1858,rest
2023,rest
2103,rest
2074,rest
1976,rest
1879,rest
1837,rest
1800,rest
1896,rest
1995,rest
1852,rest
1684,rest
1629,rest
1659,rest
1717,rest
1812,rest
1866,rest
1908,rest
1820,rest
1707,rest
1852,rest
2019,rest
2096,rest
2073,rest
1974,rest
1876,rest
1832,rest
1795,rest
1898,rest
1990,rest
1849,rest
1678,rest
1625,rest
1668,rest
1718,rest
1813,rest
1870,rest
1911,rest
1818,rest
1716,rest
1860,rest
2025,rest
2098,rest
2078,rest
1975,rest
1878,rest
1828,rest
1802,rest
1904,rest
1998,rest
1855,rest
1680,rest
1632,rest
1667,rest
1718,rest
1813,rest
1871,rest
1910,rest
1815,rest
1710,rest
1857,rest
2021,rest
2101,rest
2069,rest
1972,rest
1872,rest
1829,rest
1795,rest
1896,rest
1991,rest
1847,rest
1678,rest
1636,rest
1668,rest
1721,rest
1816,rest
1874,rest
1910,rest
1814,rest
1711,rest
1856,rest
2022,rest
2100,rest
2072,rest
1966,rest
1873,rest
1833,rest
1796,rest
1899,rest
1991,rest
1847,rest
1672,rest
1631,rest
1666,rest
1719,rest
1820,rest
1871,rest
1915,rest
1814,rest
1716,rest
1857,rest
2023,rest
2097,rest
2071,rest
1973,rest
1877,rest
1832,rest
1798,rest
1902,rest
1993,rest
1849,rest
1676,rest
1627,rest
1660,rest
1722,rest
1815,rest
1866,rest
1913,rest
1814,rest
1718,rest
1857,rest
2024,rest
2097,rest
2068,rest
1974,rest
1877,rest
1837,rest
1794,rest
1901,rest
1995,rest
1851,rest
1676,rest
1627,rest
1665,rest
1727,rest
1815,rest
1867,rest
1913,rest
1812,rest
1714,rest
1860,rest
2022,rest
2102,rest
2074,rest
1976,rest
1872,rest
1825,rest
1801,rest
1908,rest
1989,rest
1849,rest
1678,rest
1627,rest
1663,rest
1720,rest
1819,rest
1872,rest
1912,rest
1810,rest
1716,rest
1855,rest
2022,rest
2099,rest
2067,rest
1972,rest
1876,rest
1832,rest
1797,rest
1907,rest
1991,rest
1844,rest
1672,rest
1632,rest
1665,rest
1721,rest
1815,rest
1873,rest
1910,rest
1810,rest
1716,rest
1858,rest
2028,rest
2106,rest
2068,rest
1972,rest
1878,rest
1835,rest
1795,rest
1913,rest
1989,rest
1849,rest
1674,rest
1633,rest
1666,rest
1721,rest
1815,rest
1874,rest
1908,rest
1806,rest
1720,rest
1858,rest
2024,rest
2103,rest
2067,rest
1968,rest
1870,rest
1831,rest
1799,rest
1910,rest
1993,rest
1844,rest
1673,rest
1630,rest
1662,rest
1719,rest
1816,rest
1873,rest
1911,rest
1806,rest
1720,rest
1860,rest
2031,rest
2107,rest
2072,rest
1971,rest
1871,rest
1834,rest
1797,rest
1911,rest
1985,rest
1845,rest
1672,rest
1632,rest
1660,rest
1721,rest
1818,rest
1871,rest
1905,rest
1803,rest
1718,rest
1856,rest
2027,rest
2100,rest
2068,rest
1974,rest
1871,rest
1832,rest
1792,rest
1910,rest
1986,rest
1850,rest
1664,rest
1632,rest
1667,rest
1723,rest
1820,rest
1875,rest
1916,rest
1815,rest
1726,rest
1865,rest
2033,rest
2106,rest
2071,rest
1972,rest
1875,rest
1831,rest
1795,rest
1909,rest
1981,rest
1841,rest
1667,rest
1629,rest
1666,rest
1722,rest
1817,rest
1873,rest
1911,rest
1804,rest
1721,rest
1856,rest
2024,rest
2101,rest
2065,rest
1972,rest
1872,rest
1832,rest
1797,rest
1919,rest
1985,rest
1844,rest
1667,rest
1634,rest
1667,rest
1723,rest
1821,rest
1874,rest
1910,rest
1799,rest
1725,rest
1859,rest
2033,rest
2102,rest
2070,rest
1972,rest
1874,rest
1831,rest
1798,rest
1919,rest
1983,rest
1836,rest
1668,rest
1629,rest
1668,rest
1723,rest
1818,rest
1869,rest
1913,rest
1795,rest
1722,rest
1860,rest
2033,rest
2106,rest
2066,rest
1972,rest
1874,rest
1831,rest
1793,rest
1917,rest
1986,rest
1848,rest
1679,rest
1636,rest
1669,rest
1725,rest
1824,rest
1875,rest
1909,rest
1797,rest
1722,rest
1860,rest
2031,rest
2099,rest
2063,rest
1969,rest
1873,rest
1826,rest
1792,rest
1917,rest
1986,rest
1842,rest
1667,rest
1634,rest
1668,rest
1722,rest
1816,rest
1872,rest
1912,rest
1797,rest
1726,rest
1861,rest
2035,rest
2102,rest
2069,rest
1971,rest
1878,rest
1831,rest
1800,rest
1916,rest
1981,rest
1841,rest
1663,rest
1627,rest
1667,rest
1724,rest
1823,rest
1872,rest
1913,rest
1794,rest
1721,rest
1864,rest
2034,rest
2105,rest
2060,rest
1964,rest
1866,rest
1831,rest
1794,rest
1920,rest
1987,rest
1843,rest
1660,rest
1631,rest
1668,rest
1720,rest
1824,rest
1871,rest
1909,rest
1790,rest
1723,rest
1862,rest
2037,rest
2103,rest
2062,rest
1964,rest
1870,rest
1830,rest
1798,rest
1924,rest
1981,rest
1838,rest
1666,rest
1632,rest
1664,rest
1725,rest
1820,rest
1877,rest
1913,rest
1794,rest
1722,rest
1860,rest
2032,rest
2103,rest
2065,rest
1963,rest
1869,rest
1826,rest
1795,rest
1924,rest
1987,rest
1844,rest
1670,rest
1631,rest
1668,rest
1724,rest
1824,rest
1877,rest
1912,rest
1793,rest
1720,rest
1859,rest
2036,rest
2104,rest
2068,rest
1965,rest
1869,rest
1831,rest
1794,rest
1925,rest
1978,rest
1835,rest
1661,rest
1628,rest
1669,rest
1726,rest
1822,rest
1875,rest
1909,rest
1791,rest
1725,rest
1872,rest
2042,rest
2107,rest
2062,rest
1966,rest
1870,rest
1829,rest
1794,rest
1928,rest
1979,rest
1839,rest
1664,rest
1633,rest
1666,rest
1729,rest
1823,rest
1876,rest
1912,rest
1792,rest
1728,rest
1866,rest
2035,rest
2107,rest
2066,rest
1967,rest
1876,rest
1831,rest
1797,rest
1928,rest
1981,rest
1841,rest
1660,rest
1631,rest
1664,rest
1727,rest
1825,rest
1874,rest
1908,rest
1781,rest
1722,rest
1861,rest
2037,rest
2106,rest
2060,rest
1964,rest
1872,rest
1831,rest
1796,rest
1926,rest
1978,rest
1838,rest
1664,rest
1632,rest
1668,rest
1721,rest
1822,rest
1876,rest
1908,rest
1790,rest
1728,rest
1866,rest
2035,rest
2102,rest
2063,rest
1967,rest
1872,rest
1833,rest
1794,rest
1929,rest
1978,rest
1838,rest
1658,rest
1632,rest
1664,rest
1725,rest
1820,rest
1878,rest
1913,rest
1786,rest
1725,rest
1867,rest
2035,rest
2103,rest
2058,rest
1960,rest
1864,rest
1826,rest
1791,rest
1930,rest
1978,rest
1831,rest
1658,rest
1635,rest
1669,rest
1729,rest
1826,rest
1876,rest
1916,rest
1784,rest
1732,rest
1864,rest
2039,rest
2104,rest
2059,rest
1965,rest
1870,rest
1830,rest
1796,rest
1931,rest
1977,rest
1837,rest
1659,rest
1635,rest
1676,rest
1730,rest
1829,rest
1879,rest
1911,rest
1780,rest
1728,rest
1862,rest
2040,rest
2106,rest
2061,rest
1968,rest
1869,rest
1827,rest
1795,rest
1932,rest
1977,rest
1834,rest
1659,rest
1635,rest
1669,rest
1725,rest
1820,rest
1875,rest
1913,rest
1779,rest
1725,rest
1871,rest
2044,rest
2102,rest
2060,rest
1963,rest
1866,rest
1830,rest
1799,rest
1939,rest
1972,rest
1834,rest
1663,rest
1641,rest
1673,rest
1729,rest
1823,rest
1876,rest
1909,rest
1777,rest
1730,rest
1865,rest
2039,rest
2106,rest
2061,rest
1962,rest
1866,rest
1830,rest
1796,rest
1939,rest
1980,rest
1838,rest
1656,rest
1633,rest
1671,rest
1722,rest
1819,rest
1876,rest
1912,rest
1778,rest
1735,rest
1866,rest
2047,rest
2109,rest
2061,rest
1963,rest
1866,rest
1828,rest
1795,rest
1936,rest
1973,rest
1835,rest
1654,rest
1636,rest
1672,rest
1727,rest
1821,rest
1878,rest
1913,rest
1775,rest
1734,rest
1869,rest
2040,rest
2108,rest
2056,rest
1962,rest
1868,rest
1825,rest
1791,rest
1937,rest
1972,rest
1835,rest
1656,rest
1635,rest
1673,rest
1728,rest
1826,rest
1878,rest
1914,rest
1774,rest
1731,rest
1869,rest
2038,rest
2106,rest
2058,rest
1962,rest
1865,rest
1827,rest
1791,rest
1941,rest
1977,rest
1835,rest
1655,rest
1632,rest
1664,rest
1730,rest
1827,rest
1875,rest
1913,rest
1776,rest
1733,rest
1874,rest
2043,rest
2105,rest
2059,rest
1966,rest
1870,rest
1828,rest
1795,rest
1941,rest
1971,rest
1835,rest
1656,rest
1631,rest
1668,rest
1730,rest
1829,rest
1880,rest
1914,rest
1775,rest
1736,rest
1870,rest
2042,rest
2108,rest
2058,rest
1965,rest
1868,rest
1825,rest
1794,rest
1943,rest
1972,rest
1832,rest
1654,rest
1635,rest
1676,rest
1726,rest
1824,rest
1878,rest
1912,rest
1769,rest
1738,rest
1872,rest
2041,rest
2109,rest
2056,rest
1964,rest
1870,rest
1829,rest
1798,rest
1946,rest
1969,rest
1832,rest
1656,rest
1634,rest
1672,rest
1731,rest
1830,rest
1878,rest
1914,rest
1771,rest
1736,rest
1874,rest
2045,rest
2107,rest
2052,rest
1962,rest
1867,rest
1829,rest
1789,rest
1940,rest
1969,rest
1833,rest
1653,rest
1638,rest
1673,rest
1732,rest
1834,rest
1881,rest
1912,rest
1769,rest
1740,rest
1868,rest
2046,rest
2108,rest
2056,rest
1965,rest
1870,rest
1823,rest
1796,rest
1946,rest
1964,rest
1834,rest
1646,rest
1632,rest
1673,rest
1724,rest
1828,rest
1878,rest
1910,rest
1770,rest
1738,rest
1873,rest
2050,rest
2115,rest
2053,rest
1959,rest
1867,rest
1827,rest
1800,rest
1951,rest
1970,rest
1831,rest
1653,rest
1634,rest
1675,rest
1731,rest
1827,rest
1875,rest
1915,rest
1766,rest
1736,rest
1871,rest
2051,rest
2109,rest
2054,rest
1962,rest
1868,rest
1825,rest
1794,rest
1948,rest
1967,rest
1829,rest
1650,rest
1632,rest
1671,rest
1730,rest
1823,rest
1879,rest
1913,rest
1766,rest
1738,rest
1871,rest
2051,rest
2113,rest
2059,rest
1961,rest
1874,rest
1828,rest
1796,rest
1951,rest
1965,rest
1830,rest
1648,rest
1633,rest
1671,rest
1721,rest
1823,rest
1880,rest
1915,rest
1762,rest
1740,rest
1874,rest
2053,rest
2113,rest
2055,rest
1959,rest
1867,rest
1827,rest
1796,rest
1952,rest
1970,rest
1830,rest
1652,rest
1636,rest
1674,rest
1733,rest
1831,rest
1880,rest
1910,rest
1765,rest
1738,rest
1874,rest
2050,rest
2109,rest
2049,rest
1961,rest
1867,rest
1823,rest
1796,rest
1951,rest
1965,rest
1830,rest
1647,rest
1636,rest
1676,rest
1729,rest
1828,rest
1880,rest
1912,rest
1761,rest
1741,rest
1878,rest
2051,rest
2106,rest
2050,rest
1962,rest
1866,rest
1822,rest
1795,rest
1955,rest
1963,rest
1831,rest
1649,rest
1637,rest
1676,rest
1731,rest
1826,rest
1878,rest
1909,rest
1759,rest
1742,rest
1877,rest
2052,rest
2110,rest
2054,rest
1959,rest
1866,rest
1827,rest
1798,rest
1958,rest
1965,rest
1830,rest
1648,rest
1638,rest
1676,rest
1732,rest
1829,rest
1876,rest
1913,rest
1760,rest
1745,rest
1884,rest
2053,rest
2108,rest
2051,rest
1959,rest
1864,rest
1831,rest
1792,rest
1956,rest
1959,rest
1821,rest
1644,rest
1633,rest
1671,rest
1729,rest
1827,rest
1880,rest
1913,rest
1753,rest
1742,rest
1882,rest
2054,rest
2104,rest
2054,rest
1956,rest
1865,rest
1826,rest
1797,rest
1958,rest
1956,rest
1823,rest
1645,rest
1631,rest
1676,rest
1732,rest
1826,rest
1879,rest
1912,rest
1758,rest
1745,rest
1878,rest
2055,rest
2111,rest
2050,rest
1960,rest
1865,rest
1818,rest
1788,rest
1955,rest
1955,rest
1825,rest
1642,rest
1634,rest
1675,rest
1735,rest
1830,rest
1881,rest
1913,rest
1757,rest
1751,rest
1885,rest
2061,rest
2113,rest
2051,rest
1957,rest
1864,rest
1822,rest
1796,rest
1958,rest
1957,rest
1817,rest
1646,rest
1637,rest
1675,rest
1733,rest
1830,rest
1880,rest
1910,rest
1755,rest
1750,rest
1882,rest
2055,rest
2113,rest
2050,rest
1958,rest
1864,rest
1826,rest
1796,rest
1958,rest
1961,rest
1822,rest
1642,rest
1636,rest
1672,rest
1732,rest
1834,rest
1884,rest
1913,rest
1752,rest
1747,rest
1884,rest
2055,rest
2113,rest
2050,rest
1956,rest
1866,rest
1823,rest
1794,rest
1960,rest
1958,rest
1823,rest
1643,rest
1632,rest
1677,rest
1736,rest
1830,rest
1882,rest
1911,rest
1751,rest
1748,rest
1881,rest
2055,rest
2114,rest
2046,rest
1959,rest
1865,rest
1820,rest
1791,rest
1966,rest
1958,rest
1821,rest
1639,rest
1637,rest
1680,rest
1735,rest
1830,rest
1880,rest
1914,rest
1750,rest
1748,rest
1882,rest
2057,rest
2113,rest
2050,rest
1950,rest
1862,rest
1820,rest
1796,rest
1965,rest
1959,rest
1821,rest
1644,rest
1635,rest
1672,rest
1732,rest
1832,rest
1884,rest
1915,rest
1742,rest
1750,rest
1883,rest
2060,rest
2114,rest
2046,rest
1955,rest
1865,rest
1822,rest
1797,rest
1966,rest
1958,rest
1817,rest
1640,rest
1632,rest
1683,rest
1740,rest
1831,rest
1882,rest
1913,rest
1749,rest
1751,rest
1883,rest
2056,rest
2110,rest
2047,rest
1958,rest
1865,rest
1825,rest
1792,rest
1962,rest
1950,rest
1815,rest
1640,rest
1633,rest
1678,rest
1739,rest
1831,rest
1880,rest
1909,rest
1745,rest
1754,rest
1888,rest
2062,rest
2116,rest
2045,rest
1951,rest
1862,rest
1823,rest
1796,rest
1969,rest
1955,rest
1811,rest
1642,rest
1638,rest
1678,rest
1739,rest
1830,rest
1883,rest
1908,rest
1745,rest
1752,rest
1885,rest
2058,rest
2109,rest
2045,rest
1954,rest
1864,rest
1827,rest
1797,rest
1968,rest
1949,rest
1813,rest
1634,rest
1631,rest
1675,rest
1736,rest
1829,rest
1880,rest
1911,rest
1745,rest
1760,rest
1891,rest
2060,rest
2113,rest
2049,rest
1955,rest
1858,rest
1825,rest
1797,rest
1970,rest
1954,rest
1816,rest
1642,rest
1638,rest
1673,rest
1733,rest
1829,rest
1881,rest
1912,rest
1739,rest
1759,rest
1888,rest
2061,rest
2113,rest
2043,rest
1951,rest
1865,rest
1821,rest
1797,rest
1974,rest
1950,rest
1817,rest
1642,rest
1639,rest
1679,rest
1735,rest
1830,rest
1884,rest
1910,rest
1743,rest
1754,rest
1891,rest
2060,rest
2116,rest
2041,rest
1952,rest
1864,rest
1821,rest
1798,rest
1972,rest
1948,rest
1810,rest
1640,rest
1636,rest
1676,rest
1736,rest
1831,rest
1879,rest
1911,rest
1742,rest
1760,rest
1893,rest
2057,rest
2113,rest
2040,rest
1954,rest
1867,rest
1824,rest
1793,rest
1975,rest
1946,rest
1815,rest
1637,rest
1636,rest
1683,rest
1740,rest
1834,rest
1886,rest
1910,rest
1739,rest
1758,rest
1892,rest
2061,rest
2115,rest
2045,rest
1954,rest
1861,rest
1820,rest
1793,rest
1976,rest
1946,rest
1813,rest
1639,rest
1642,rest
1681,rest
1735,rest
1832,rest
1881,rest
1911,rest
1737,rest
1752,rest
1891,rest
2063,rest
2114,rest
2041,rest
1951,rest
1863,rest
1825,rest
1797,rest
1978,rest
1948,rest
1810,rest
1639,rest
1634,rest
1675,rest
1734,rest
1830,rest
1883,rest
1910,rest
1736,rest
1758,rest
1892,rest
2059,rest
2112,rest
2040,rest
1957,rest
1868,rest
1824,rest
1801,rest
1976,rest
1948,rest
1812,rest
1638,rest
1636,rest
1682,rest
1740,rest
1833,rest
1882,rest
1911,rest
1734,rest
1762,rest
1897,rest
2064,rest
2116,rest
2042,rest
1951,rest
1865,rest
1823,rest
1795,rest
1974,rest
1946,rest
1812,rest
1641,rest
1641,rest
1685,rest
1737,rest
1831,rest
1882,rest
1909,rest
1734,rest
1760,rest
1896,rest
2064,rest
2114,rest
2038,rest
1945,rest
1861,rest
1822,rest
1801,rest
1977,rest
1943,rest
1808,rest
1642,rest
1638,rest
1682,rest
1742,rest
1832,rest
1879,rest
1917,rest
1732,rest
1761,rest
1894,rest
2063,rest
2110,rest
2039,rest
1944,rest
1861,rest
1819,rest
1794,rest
1982,rest
1946,rest
1804,rest
1636,rest
1638,rest
1681,rest
1740,rest
1835,rest
1881,rest
1912,rest
1729,rest
1765,rest
1897,rest
2067,rest
2114,rest
2040,rest
1951,rest
1863,rest
1821,rest
1797,rest
1988,rest
1945,rest
1810,rest
1636,rest
1636,rest
1684,rest
1741,rest
1834,rest
1886,rest
1913,rest
1729,rest
1764,rest
1894,rest
2060,rest
2110,rest
2036,rest
1945,rest
1857,rest
1814,rest
1800,rest
1989,rest
1943,rest
1803,rest
1638,rest
1638,rest
1684,rest
1743,rest
1832,rest
1885,rest
1912,rest
1728,rest
1767,rest
1901,rest
2065,rest
2117,rest
2039,rest
1947,rest
1863,rest
1820,rest
1794,rest
1987,rest
1939,rest
1800,rest
1632,rest
1633,rest
1685,rest
1741,rest
1835,rest
1883,rest
1910,rest
1721,rest
1770,rest
1902,rest
2062,rest
2113,rest
2035,rest
1950,rest
1863,rest
1820,rest
1795,rest
1986,rest
1938,rest
1802,rest
1637,rest
1636,rest
1682,rest
1737,rest
1828,rest
1882,rest
1908,rest
1724,rest
1769,rest
1905,rest
2067,rest
2112,rest
2036,rest
1951,rest
1862,rest
1820,rest
1796,rest
1990,rest
1939,rest
1799,rest
1633,rest
1636,rest
1681,rest
1738,rest
1831,rest
1890,rest
1909,rest
1720,rest
1768,rest
1899,rest
2066,rest
2113,rest
2035,rest
1945,rest
1862,rest
1825,rest
1803,rest
1989,rest
1943,rest
1798,rest
1638,rest
1637,rest
1683,rest
1740,rest
1836,rest
1884,rest
1908,rest
1723,rest
1767,rest
1901,rest
2063,rest
2112,rest
2037,rest
1946,rest
1861,rest
1817,rest
1801,rest
1993,rest
1940,rest
1799,rest
1633,rest
1639,rest
1683,rest
1742,rest
1828,rest
1884,rest
1911,rest
1725,rest
1769,rest
1909,rest
2068,rest
2113,rest
2036,rest
1944,rest
1862,rest
1823,rest
1797,rest
1987,rest
1937,rest
1800,rest
1633,rest
1637,rest
1682,rest
1740,rest
1833,rest
1884,rest
1909,rest
1719,rest
1769,rest
1906,rest
2075,rest
2116,rest
2043,rest
1946,rest
1864,rest
1818,rest
1792,rest
1993,rest
1937,rest
1799,rest
1636,rest
1637,rest
1679,rest
1739,rest
1836,rest
1879,rest
1910,rest
1717,rest
1769,rest
1907,rest
2070,rest
2116,rest
2037,rest
1939,rest
1859,rest
1820,rest
1799,rest
1991,rest
1930,rest
1796,rest
1630,rest
1636,rest
1683,rest
1742,rest
1834,rest
1882,rest
1912,rest
1720,rest
1770,rest
1908,rest
2068,rest
2114,rest
2038,rest
1944,rest
1859,rest
1821,rest
1802,rest
1995,rest
1936,rest
1797,rest
1632,rest
1636,rest
1683,rest
1750,rest
1837,rest
1889,rest
1909,rest
1718,rest
1772,rest
1908,rest
2068,rest
2115,rest
2032,rest
1941,rest
1861,rest
1820,rest
1797,rest
1995,rest
1932,rest
1795,rest
1632,rest
1640,rest
1686,rest
1747,rest
1835,rest
1885,rest
1912,rest
1718,rest
1774,rest
1909,rest
2065,rest
2113,rest
2036,rest
1938,rest
1866,rest
1817,rest
1796,rest
1994,rest
1931,rest
1797,rest
1634,rest
1640,rest
1686,rest
1747,rest
1835,rest
1890,rest
1916,rest
1714,rest
1774,rest
1913,rest
2065,rest
2110,rest
2033,rest
1939,rest
1861,rest
1820,rest
1797,rest
1994,rest
1930,rest
1791,rest
1632,rest
1637,rest
1687,rest
1748,rest
1841,rest
1884,rest
1914,rest
1715,rest
1777,rest
1908,rest
2068,rest
2112,rest
2032,rest
1943,rest
1862,rest
1821,rest
1795,rest
1998,rest
1928,rest
1788,rest
1628,rest
1642,rest
1687,rest
1752,rest
1834,rest
1884,rest
1909,rest
1713,rest
1778,rest
1909,rest
2066,rest
2111,rest
2031,rest
1939,rest
1859,rest
1816,rest
1797,rest
2000,rest
1928,rest
1790,rest
1630,rest
1640,rest
1690,rest
1753,rest
1842,rest
1894,rest
1911,rest
1712,rest
1773,rest
1914,rest
2066,rest
2111,rest
2032,rest
1941,rest
1857,rest
1819,rest
1798,rest
1998,rest
1928,rest
1786,rest
1632,rest
1637,rest
1687,rest
1746,rest
1837,rest
1882,rest
1912,rest
1712,rest
1783,rest
1916,rest
2070,rest
2113,rest
2034,rest
1938,rest
1861,rest
1817,rest
1797,rest
2000,rest
1926,rest
1786,rest
1635,rest
1636,rest
1686,rest
1749,rest
1837,rest
1886,rest
1911,rest
1714,rest
1781,rest
1914,rest
2069,rest
2114,rest
2030,rest
1936,rest
1856,rest
1817,rest
1800,rest
2004,rest
1931,rest
1789,rest
1633,rest
1638,rest
1684,rest
1751,rest
1841,rest
1891,rest
1915,rest
1715,rest
1782,rest
1923,rest
2067,rest
2112,rest
2033,rest
1940,rest
1860,rest
1815,rest
1802,rest
2001,rest
1923,rest
1778,rest
1629,rest
1635,rest
1685,rest
1746,rest
1835,rest
1881,rest
1908,rest
1713,rest
1783,rest
1925,rest
2073,rest
2116,rest
2030,rest
1933,rest
1861,rest
1822,rest
1795,rest
2001,rest
1927,rest
1779,rest
1631,rest
1639,rest
1686,rest
1750,rest
1838,rest
1891,rest
1908,rest
1707,rest
1777,rest
1918,rest
2071,rest
2113,rest
2034,rest
1939,rest
1862,rest
1822,rest
1801,rest
2004,rest
1920,rest
1779,rest
1628,rest
1633,rest
1685,rest
1752,rest
1838,rest
1891,rest
1910,rest
1708,rest
1783,rest
1924,rest
2067,rest
2115,rest
2027,rest
1935,rest
1860,rest
1817,rest
1796,rest
2002,rest
1921,rest
1777,rest
1629,rest
1641,rest
1686,rest
1753,rest
1841,rest
1889,rest
1911,rest
1708,rest
1785,rest
1923,rest
2070,rest
2116,rest
2031,rest
1933,rest
1856,rest
1816,rest
1795,rest
1998,rest
1923,rest
1777,rest
1630,rest
1639,rest
1686,rest
1756,rest
1839,rest
1889,rest
1914,rest
1708,rest
1787,rest
1923,rest
2070,rest
2111,rest
2027,rest
1935,rest
1863,rest
1818,rest
1794,rest
2001,rest
1922,rest
1779,rest
1630,rest
1639,rest
1688,rest
1755,rest
1839,rest
1891,rest
1912,rest
1705,rest
1785,rest
1923,rest
2068,rest
2111,rest
2028,rest
1939,rest
1863,rest
1816,rest
1797,rest
2006,rest
1921,rest
1777,rest
1629,rest
1636,rest
1687,rest
1757,rest
1841,rest
1892,rest
1913,rest
1703,rest
1790,rest
1926,rest
2072,rest
2109,rest
2027,rest
1930,rest
1859,rest
1813,rest
1797,rest
2006,rest
1928,rest
1777,rest
1634,rest
1639,rest
1687,rest
1751,rest
1839,rest
1890,rest
1911,rest
1705,rest
1789,rest
1927,rest
2070,rest
2113,rest
2025,rest
1930,rest
1861,rest
1814,rest
1796,rest
2006,rest
1915,rest
1772,rest
1628,rest
1637,rest
1685,rest
1756,rest
1842,rest
1889,rest
1915,rest
1702,rest
1788,rest
1927,rest
2071,rest
2119,rest
2030,rest
1937,rest
1860,rest
1811,rest
1798,rest
2008,rest
1913,rest
1771,rest
1627,rest
1639,rest
1691,rest
1757,rest
1841,rest
1888,rest
1910,rest
1703,rest
1790,rest
1929,rest
2072,rest
2110,rest
2025,rest
1932,rest
1859,rest
1812,rest
1790,rest
2007,rest
1912,rest
1770,rest
1633,rest
1639,rest
1688,rest
1757,rest
1845,rest
1893,rest
1912,rest
1701,rest
1792,rest
1932,rest
2070,rest
2110,rest
2025,rest
1928,rest
1852,rest
1813,rest
1792,rest
2010,rest
1919,rest
1775,rest
1631,rest
1640,rest
1691,rest
1758,rest
1842,rest
1888,rest
1913,rest
1700,rest
1788,rest
1928,rest
2071,rest
2111,rest
2024,rest
1934,rest
1860,rest
1817,rest
1797,rest
2009,rest
1912,rest
1771,rest
1628,rest
1640,rest
1689,rest
1754,rest
1842,rest
1889,rest
1914,rest
1704,rest
1795,rest
1937,rest
2070,rest
2112,rest
2025,rest
1929,rest
1858,rest
1814,rest
1795,rest
2008,rest
1910,rest
1764,rest
1629,rest
1637,rest
1690,rest
1758,rest
1844,rest
1894,rest
1914,rest
1703,rest
1795,rest
1930,rest
2069,rest
2110,rest
2026,rest
1932,rest
1857,rest
1812,rest
1793,rest
2009,rest
1915,rest
1764,rest
1625,rest
1640,rest
1691,rest
1764,rest
1842,rest
1894,rest
1917,rest
1701,rest
1798,rest
1939,rest
2074,rest
2106,rest
2022,rest
1926,rest
1850,rest
1814,rest
1794,rest
2010,rest
1910,rest
1766,rest
1624,rest
1641,rest
1691,rest
1762,rest
1844,rest
1893,rest
1912,rest
1702,rest
1797,rest
1932,rest
2067,rest
2107,rest
2022,rest
1928,rest
1858,rest
1817,rest
1797,rest
2012,rest
1910,rest
1761,rest
1632,rest
1639,rest
1692,rest
1763,rest
1844,rest
1897,rest
1914,rest
1696,rest
1796,rest
1936,rest
2067,rest
2111,rest
2022,rest
1928,rest
1858,rest
1815,rest
1797,rest
2013,rest
1909,rest
1762,rest
1632,rest
1639,rest
1688,rest
1761,rest
1841,rest
1891,rest
1915,rest
1697,rest
1800,rest
1939,rest
2072,rest
2112,rest
2020,rest
1925,rest
1854,rest
1806,rest
1790,rest
2009,rest
1905,rest
1759,rest
1632,rest
1642,rest
1692,rest
1765,rest
1845,rest
1892,rest
1910,rest
1699,rest
1800,rest
1941,rest
2074,rest
2110,rest
2022,rest
1924,rest
1859,rest
1814,rest
1795,rest
2014,rest
1909,rest
1762,rest
1630,rest
1642,rest
1694,rest
1766,rest
1845,rest
1891,rest
1910,rest
1697,rest
1799,rest
1941,rest
2065,rest
2108,rest
2021,rest
1926,rest
1852,rest
1813,rest
1799,rest
2013,rest
1909,rest
1761,rest
1632,rest
1640,rest
1691,rest
1763,rest
1842,rest
1890,rest
1911,rest
1695,rest
1800,rest
1943,rest
2073,rest
2109,rest
2028,rest
1926,rest
1857,rest
1811,rest
1797,rest
2010,rest
1906,rest
1757,rest
1626,rest
1642,rest
1694,rest
1764,rest
1846,rest
1893,rest
1914,rest
1699,rest
1798,rest
1944,rest
2074,rest
2107,rest
2016,rest
1922,rest
1852,rest
1813,rest
1793,rest
2016,rest
1906,rest
1757,rest
1634,rest
1647,rest
1696,rest
1768,rest
1847,rest
1897,rest
1913,rest
1693,rest
1801,rest
1940,rest
2072,rest
2102,rest
2016,rest
1921,rest
1853,rest
1812,rest
1793,rest
2017,rest
1901,rest
1754,rest
1632,rest
1644,rest
1691,rest
1766,rest
1846,rest
1893,rest
1911,rest
1693,rest
1796,rest
1948,rest
2072,rest
2112,rest
2020,rest
1925,rest
1861,rest
1813,rest
1795,rest
2014,rest
1904,rest
1752,rest
1630,rest
1645,rest
1691,rest
1770,rest
1842,rest
1891,rest
1911,rest
1694,rest
1798,rest
1949,rest
2074,rest
2110,rest
2023,rest
1922,rest
1855,rest
1815,rest
1789,rest
2014,rest
1901,rest
1754,rest
1626,rest
1641,rest
1688,rest
1764,rest
1842,rest
1890,rest
1913,rest
1695,rest
1803,rest
1944,rest
2075,rest
2109,rest
2015,rest
1917,rest
1850,rest
1812,rest
1791,rest
2008,rest
1896,rest
1748,rest
1629,rest
1641,rest
1694,rest
1768,rest
1847,rest
1889,rest
1906,rest
1691,rest
1806,rest
1948,rest
2072,rest
2108,rest
2016,rest
1919,rest
1852,rest
1810,rest
1793,rest
2014,rest
1899,rest
1745,rest
1631,rest
1644,rest
1690,rest
1765,rest
1842,rest
1895,rest
1911,rest
1692,rest
1805,rest
1947,rest
2069,rest
2102,rest
2016,rest
1918,rest
1852,rest
1808,rest
1797,rest
2018,rest
1902,rest
1749,rest
1627,rest
1641,rest
1696,rest
1770,rest
1846,rest
1897,rest
1916,rest
1691,rest
1805,rest
1953,rest
2074,rest
2107,rest
2019,rest
1915,rest
1845,rest
1810,rest
1793,rest
2011,rest
1894,rest
1745,rest
1627,rest
1646,rest
1693,rest
1772,rest
1848,rest
1898,rest
1911,rest
1697,rest
1808,rest
1957,rest
2070,rest
2106,rest
2018,rest
1916,rest
1852,rest
1811,rest
1795,rest
2020,rest
1897,rest
1747,rest
1630,rest
1647,rest
1692,rest
1769,rest
1846,rest
1896,rest
1915,rest
1691,rest
1807,rest
1961,rest
2073,rest
2105,rest
2014,rest
1919,rest
1859,rest
1812,rest
1797,rest
2015,rest
1894,rest
1742,rest
1629,rest
1644,rest
1695,rest
1774,rest
1847,rest
1894,rest
1908,rest
1691,rest
1806,rest
1953,rest
2076,rest
2106,rest
2011,rest
1913,rest
1850,rest
1808,rest
1800,rest
2017,rest
1893,rest
1745,rest
1631,rest
1643,rest
1688,rest
1775,rest
1850,rest
1891,rest
1913,rest
1693,rest
1810,rest
1959,rest
2077,rest
2106,rest
2015,rest
1920,rest
1855,rest
1811,rest
1797,rest
2019,rest
1895,rest
1741,rest
1627,rest
1642,rest
1693,rest
1769,rest
1847,rest
1895,rest
1911,rest
1693,rest
1813,rest
1958,rest
2075,rest
2104,rest
2017,rest
1914,rest
1853,rest
1807,rest
1797,rest
2017,rest
1896,rest
1745,rest
1626,rest
1643,rest
1695,rest
1775,rest
1852,rest
1898,rest
1912,rest
1694,rest
1815,rest
1963,rest
2076,rest
2108,rest
2018,rest
1918,rest
1853,rest
1813,rest
1808,rest
2018,rest
1894,rest
1745,rest
1626,rest
1647,rest
1693,rest
1773,rest
1848,rest
1895,rest
1913,rest
1695,rest
1815,rest
1963,rest
2074,rest
2104,rest
2017,rest
1916,rest
1850,rest
1811,rest
1799,rest
2017,rest
1891,rest
1739,rest
1630,rest
1652,rest
1701,rest
1778,rest
1851,rest
1900,rest
1912,rest
1694,rest
1814,rest
1963,rest
2079,rest
2102,rest
2014,rest
1915,rest
1849,rest
1804,rest
1795,rest
2014,rest
1888,rest
1734,rest
1626,rest
1642,rest
1694,rest
1773,rest
1850,rest
1892,rest
1908,rest
1697,rest
1812,rest
1963,rest
2074,rest
2105,rest
2019,rest
1913,rest
1855,rest
1812,rest
1802,rest
2015,rest
1890,rest
1738,rest
1627,rest
1646,rest
1693,rest
1775,rest
1847,rest
1899,rest
1910,rest
1687,rest
1814,rest
1966,rest
2076,rest
2100,rest
2004,rest
1911,rest
1849,rest
1811,rest
1802,rest
2022,rest
1890,rest
1735,rest
1628,rest
1649,rest
1698,rest
1778,rest
1850,rest
1900,rest
1910,rest
1688,rest
1817,rest
1962,rest
2082,rest
2106,rest
2012,rest
1915,rest
1848,rest
1812,rest
1798,rest
2020,rest
1887,rest
1733,rest
1630,rest
1643,rest
1698,rest
1774,rest
1852,rest
1893,rest
1908,rest
1696,rest
1823,rest
1971,rest
2074,rest
2107,rest
2010,rest
1913,rest
1855,rest
1810,rest
1803,rest
2021,rest
1885,rest
1739,rest
1627,rest
1645,rest
1695,rest
1774,rest
1848,rest
1898,rest
1905,rest
1690,rest
1815,rest
1965,rest
2073,rest
2102,rest
2009,rest
1908,rest
1848,rest
1810,rest
1804,rest
2020,rest
1885,rest
1735,rest
1625,rest
1646,rest
1699,rest
1780,rest
1854,rest
1900,rest
1911,rest
1695,rest
1823,rest
1970,rest
2078,rest
2100,rest
2012,rest
1912,rest
1845,rest
1803,rest
1807,rest
2019,rest
1888,rest
1736,rest
1628,rest
1647,rest
1696,rest
1778,rest
1844,rest
1892,rest
1904,rest
1690,rest
1815,rest
1971,rest
2075,rest
2102,rest
2011,rest
1912,rest
1855,rest
1814,rest
1809,rest
2021,rest
1885,rest
1726,rest
1629,rest
1649,rest
1702,rest
1773,rest
1851,rest
1901,rest
1904,rest
1690,rest
1815,rest
1972,rest
2077,rest
2100,rest
2011,rest
1908,rest
1847,rest
1808,rest
1809,rest
2019,rest
1882,rest
1730,rest
1622,rest
1644,rest
1696,rest
1781,rest
1856,rest
1900,rest
1905,rest
1690,rest
1818,rest
1971,rest
2080,rest
2098,rest
2002,rest
1907,rest
1848,rest
1807,rest
1808,rest
2018,rest
1881,rest
1726,rest
1628,rest
1648,rest
1701,rest
1784,rest
1857,rest
1900,rest
1903,rest
1696,rest
1822,rest
1972,rest
2074,rest
2097,rest
2007,rest
1908,rest
1844,rest
1804,rest
1810,rest
2013,rest
1885,rest
1728,rest
1628,rest
1650,rest
1695,rest
1782,rest
1852,rest
1896,rest
1901,rest
1692,rest
1823,rest
1979,rest
2080,rest
2102,rest
2008,rest
1909,rest
1848,rest
1805,rest
1812,rest
2021,rest
1882,rest
1727,rest
1623,rest
1644,rest
1694,rest
1783,rest
1851,rest
1899,rest
1902,rest
1694,rest
1826,rest
1978,rest
2083,rest
2103,rest
2008,rest
1907,rest
1848,rest
1808,rest
1814,rest
2022,rest
1884,rest
1728,rest
1621,rest
1649,rest
1702,rest
1787,rest
1850,rest
1901,rest
1894,rest
1690,rest
1823,rest
1971,rest
2082,rest
2101,rest
2006,rest
1906,rest
1845,rest
1809,rest
1813,rest
2012,rest
1877,rest
1721,rest
1623,rest
1647,rest
1696,rest
1784,rest
1850,rest
1898,rest
1898,rest
1692,rest
1823,rest
1978,rest
2082,rest
2098,rest
2006,rest
1905,rest
1847,rest
1806,rest
1821,rest
2015,rest
1884,rest
1717,rest
1625,rest
1644,rest
1703,rest
1788,rest
1856,rest
1901,rest
1898,rest
1687,rest
1820,rest
1975,rest
2082,rest
2101,rest
2007,rest
1904,rest
1846,rest
1806,rest
1817,rest
2018,rest
1877,rest
1719,rest
1625,rest
1649,rest
1703,rest
1788,rest
1855,rest
1904,rest
1902,rest
1696,rest
1830,rest
1981,rest
2083,rest
2095,rest
2005,rest
1907,rest
1842,rest
1802,rest
1817,rest
2017,rest
1874,rest
1719,rest
1624,rest
1642,rest
1696,rest
1787,rest
1853,rest
1899,rest
1889,rest
1690,rest
1831,rest
1980,rest
2080,rest
2098,rest
2004,rest
1900,rest
1845,rest
1805,rest
1821,rest
2019,rest
1878,rest
1720,rest
1626,rest
1652,rest
1701,rest
1786,rest
1854,rest
1901,rest
1894,rest
1695,rest
1830,rest
1976,rest
2074,rest
2097,rest
2002,rest
1904,rest
1848,rest
1806,rest
1819,rest
2019,rest
1873,rest
1718,rest
1627,rest
1649,rest
1701,rest
1790,rest
1851,rest
1903,rest
1894,rest
1691,rest
1830,rest
1981,rest
2082,rest
2095,rest
2001,rest
1899,rest
1845,rest
1810,rest
1823,rest
2022,rest
1875,rest
1721,rest
1627,rest
1650,rest
1699,rest
1787,rest
1859,rest
1905,rest
1894,rest
1695,rest
1838,rest
1983,rest
2084,rest
2095,rest
2002,rest
1900,rest
1842,rest
1799,rest
1827,rest
2018,rest
1876,rest
1718,rest
1628,rest
1648,rest
1701,rest
1787,rest
1854,rest
1902,rest
1888,rest
1689,rest
1826,rest
1982,rest
2080,rest
2097,rest
2001,rest
1894,rest
1841,rest
1799,rest
1822,rest
2016,rest
1877,rest
1719,rest
1626,rest
1651,rest
1700,rest
1787,rest
1852,rest
1901,rest
1888,rest
1692,rest
1834,rest
1987,rest
2085,rest
2097,rest
2001,rest
1902,rest
1847,rest
1805,rest
1827,rest
2012,rest
1872,rest
1714,rest
1623,rest
1649,rest
1699,rest
1790,rest
1856,rest
1901,rest
1880,rest
1692,rest
1833,rest
1988,rest
2086,rest
2102,rest
2003,rest
1903,rest
1847,rest
1799,rest
1826,rest
2014,rest
1873,rest
1713,rest
1627,rest
1650,rest
1701,rest
1789,rest
1856,rest
1900,rest
1887,rest
1690,rest
1828,rest
1994,rest
2091,rest
2102,rest
2004,rest
1900,rest
1848,rest
1810,rest
1832,rest
2021,rest
1872,rest
1710,rest
1628,rest
1648,rest
1697,rest
1793,rest
1857,rest
1908,rest
1890,rest
1694,rest
1832,rest
1992,rest
2087,rest
2098,rest
1999,rest
1896,rest
1839,rest
1800,rest
1831,rest
2017,rest
1874,rest
1712,rest
1622,rest
1650,rest
1705,rest
1800,rest
1857,rest
1906,rest
1884,rest
1696,rest
1838,rest
1990,rest
2086,rest
2097,rest
2001,rest
1898,rest
1842,rest
1807,rest
1835,rest
2016,rest
1869,rest
1707,rest
1622,rest
1649,rest
1701,rest
1798,rest
1859,rest
1901,rest
1878,rest
1689,rest
1831,rest
1989,rest
2087,rest
2093,rest
2000,rest
1903,rest
1847,rest
1800,rest
1836,rest
2018,rest
1869,rest
1707,rest
1623,rest
1650,rest
1707,rest
1795,rest
1861,rest
1909,rest
1878,rest
1691,rest
1830,rest
1994,rest
2089,rest
2093,rest
1993,rest
1890,rest
1841,rest
1799,rest
1834,rest
2018,rest
1870,rest
1711,rest
1627,rest
1650,rest
1708,rest
1792,rest
1858,rest
1904,rest
1871,rest
1689,rest
1832,rest
1988,rest
2087,rest
2096,rest
1997,rest
1894,rest
1843,rest
1803,rest
1840,rest
2009,rest
1868,rest
1708,rest
1624,rest
1648,rest
1705,rest
1791,rest
1856,rest
1901,rest
1876,rest
1692,rest
1833,rest
1995,rest
2085,rest
2097,rest
2000,rest
1897,rest
1846,rest
1799,rest
1838,rest
2016,rest
1869,rest
1707,rest
1625,rest
1651,rest
1702,rest
1795,rest
1856,rest
1904,rest
1872,rest
1694,rest
1834,rest
1997,rest
2093,rest
2091,rest
1996,rest
1893,rest
1844,rest
1800,rest
1845,rest
2018,rest
1868,rest
1709,rest
1625,rest
1649,rest
1704,rest
1800,rest
1859,rest
1907,rest
1871,rest
1694,rest
1837,rest
1994,rest
2090,rest
2093,rest
1994,rest
1899,rest
1841,rest
1799,rest
1841,rest
2016,rest
1869,rest
1702,rest
1626,rest
1649,rest
1701,rest
1800,rest
1862,rest
1907,rest
1871,rest
1694,rest
1838,rest
1996,rest
2091,rest
2084,rest
1991,rest
1895,rest
1841,rest
1801,rest
1846,rest
2015,rest
1867,rest
1705,rest
1628,rest
1654,rest
1706,rest
1799,rest
1860,rest
1905,rest
1870,rest
1698,rest
1842,rest
1997,rest
2094,rest
2091,rest
1994,rest
1898,rest
1839,rest
1799,rest
1843,rest
2012,rest
1863,rest
1701,rest
1622,rest
1651,rest
1704,rest
1795,rest
1860,rest
1904,rest
1868,rest
1697,rest
1839,rest
2004,rest
2095,rest
2092,rest
1995,rest
1891,rest
1843,rest
1796,rest
1848,rest
2010,rest
1863,rest
1703,rest
1620,rest
1652,rest
1708,rest
1799,rest
1860,rest
1909,rest
1870,rest
1693,rest
1837,rest
1999,rest
2093,rest
2088,rest
1996,rest
1894,rest
1844,rest
1801,rest
1855,rest
2015,rest
1867,rest
1701,rest
1622,rest
1654,rest
1712,rest
1795,rest
1855,rest
1905,rest
1864,rest
1701,rest
1842,rest
2003,rest
2093,rest
2088,rest
1989,rest
1892,rest
1844,rest
1799,rest
1852,rest
2013,rest
1869,rest
1703,rest
1628,rest
1655,rest
1707,rest
1798,rest
1863,rest
1910,rest
1862,rest
1694,rest
1842,rest
1998,rest
2087,rest
2084,rest
1989,rest
1894,rest
1845,rest
1796,rest
1853,rest
2009,rest
1858,rest
1698,rest
1623,rest
1647,rest
1704,rest
1795,rest
1860,rest
1906,rest
1863,rest
1702,rest
1844,rest
2006,rest
2091,rest
2091,rest
1995,rest
1892,rest
1840,rest
1804,rest
1859,rest
2013,rest
1864,rest
1699,rest
1623,rest
1656,rest
1707,rest
1797,rest
1856,rest
1904,rest
1856,rest
1693,rest
1836,rest
2004,rest
2096,rest
2087,rest
1996,rest
1891,rest
1843,rest
1799,rest
1860,rest
2009,rest
1863,rest
1699,rest
1630,rest
1652,rest
1704,rest
1800,rest
1864,rest
1906,rest
1856,rest
1698,rest
1842,rest
1997,rest
2089,rest
2087,rest
1990,rest
1892,rest
1836,rest
1800,rest
1861,rest
2012,rest
1863,rest
1693,rest
1625,rest
1654,rest
1706,rest
1801,rest
1864,rest
1907,rest
1855,rest
1699,rest
1838,rest
2000,rest
2096,rest
2091,rest
1990,rest
1888,rest
1847,rest
1801,rest
1858,rest
2010,rest
1861,rest
1699,rest
1622,rest
1652,rest
1711,rest
1800,rest
1859,rest
1911,rest
1857,rest
1695,rest
1843,rest
2003,rest
2095,rest
2089,rest
1992,rest
1891,rest
1843,rest
1798,rest
1860,rest
2010,rest
1863,rest
1694,rest
1622,rest
1649,rest
1707,rest
1802,rest
1860,rest
1904,rest
1850,rest
1694,rest
1844,rest
2007,rest
2096,rest
2092,rest
1994,rest
1892,rest
1841,rest
1803,rest
1868,rest
2009,rest
1859,rest
1689,rest
1625,rest
1652,rest
1713,rest
1808,rest
1860,rest
1911,rest
1847,rest
1700,rest
1846,rest
2011,rest
2096,rest
2088,rest
1991,rest
1890,rest
1840,rest
1798,rest
1864,rest
2010,rest
1856,rest
1688,rest
1625,rest
1654,rest
1707,rest
1798,rest
1859,rest
1907,rest
1848,rest
1699,rest
1840,rest
2006,rest
2094,rest
2083,rest
1992,rest
1893,rest
1840,rest
1800,rest
1870,rest
2008,rest
1861,rest
1691,rest
1627,rest
1655,rest
1711,rest
1801,rest
1863,rest
1910,rest
1848,rest
1702,rest
1846,rest
2010,rest
2099,rest
2088,rest
1990,rest
1888,rest
1832,rest
1802,rest
1867,rest
2008,rest
1864,rest
1692,rest
1627,rest
1653,rest
1708,rest
1801,rest
1861,rest
1907,rest
1843,rest
1701,rest
1843,rest
2007,rest
2091,rest
2083,rest
1986,rest
1887,rest
1840,rest
1801,rest
1881,rest
2011,rest
1856,rest
1687,rest
1624,rest
1655,rest
1713,rest
1805,rest
1866,rest
1906,rest
1843,rest
1702,rest
1846,rest
2012,rest
2094,rest
2086,rest
1989,rest
1886,rest
1840,rest
1796,rest
1875,rest
2005,rest
1856,rest
1683,rest
1621,rest
1651,rest
1707,rest
1804,rest
1868,rest
1908,rest
1844,rest
1702,rest
1847,rest
2014,rest
2103,rest
2085,rest
1988,rest
1885,rest
1835,rest
1799,rest
1879,rest
2008,rest
1860,rest
1690,rest
1625,rest
1656,rest
1708,rest
1805,rest
1860,rest
1910,rest
1838,rest
1702,rest
1844,rest
2016,rest
2097,rest
2087,rest
1987,rest
1885,rest
1831,rest
1798,rest
1879,rest
2010,rest
1855,rest
1684,rest
1624,rest
1656,rest
1711,rest
1808,rest
1866,rest
1912,rest
1838,rest
1706,rest
1848,rest
2018,rest
2098,rest
2082,rest
1983,rest
1883,rest
1834,rest
1797,rest
1884,rest
2000,rest
1859,rest
1687,rest
1627,rest
1660,rest
1712,rest
1809,rest
1865,rest
1909,rest
1837,rest
1705,rest
1849,rest
2016,rest
2096,rest
2083,rest
1983,rest
1883,rest
1839,rest
1800,rest
1881,rest
2000,rest
1855,rest
1687,rest
1625,rest
1655,rest
1709,rest
1804,rest
1862,rest
1909,rest
1835,rest
1705,rest
1846,rest
2014,rest
2103,rest
2086,rest
1986,rest
1884,rest
1841,rest
1798,rest
1885,rest
2006,rest
1856,rest
1685,rest
1623,rest
1655,rest
1713,rest
1810,rest
1863,rest
1907,rest
1830,rest
1703,rest
1852,rest
2013,rest
2102,rest
2081,rest
1983,rest
1883,rest
1833,rest
1794,rest
1885,rest
2000,rest
1852,rest
1680,rest
1627,rest
1658,rest
1711,rest
1808,rest
1869,rest
1911,rest
1832,rest
1706,rest
1854,rest
2020,rest
2099,rest
2081,rest
1984,rest
1880,rest
1836,rest
1797,rest
1892,rest
2002,rest
1858,rest
1681,rest
1625,rest
1655,rest
1710,rest
1806,rest
1866,rest
1913,rest
1831,rest
1708,rest
1854,rest
2024,rest
2102,rest
2083,rest
1982,rest
1885,rest
1832,rest
1794,rest
1886,rest
1995,rest
1851,rest
1678,rest
1629,rest
1655,rest
1713,rest
1808,rest
1861,rest
1907,rest
1828,rest
1704,rest
1849,rest
2023,rest
2104,rest
2084,rest
1981,rest
1883,rest
1838,rest
1798,rest
1892,rest
2000,rest
1852,rest
1679,rest
1626,rest
1657,rest
1712,rest
1810,rest
1865,rest
1909,rest
1822,rest
1708,rest
1848,rest
2016,rest
2102,rest
2078,rest
1981,rest
1880,rest
1838,rest
1800,rest
1895,rest
2002,rest
1849,rest
1678,rest
1620,rest
1656,rest
1713,rest
1811,rest
1868,rest
1911,rest
1826,rest
1707,rest
1851,rest
2023,rest
2101,rest
2080,rest
1980,rest
1877,rest
1837,rest
1798,rest
1894,rest
1999,rest
1854,rest
1681,rest
1628,rest
1656,rest
1711,rest
1808,rest
1869,rest
1913,rest
1825,rest
1713,rest
1849,rest
2018,rest
2099,rest
2082,rest
1984,rest
1879,rest
1837,rest
1797,rest
1891,rest
1994,rest
1852,rest
1677,rest
1636,rest
1662,rest
1715,rest
1811,rest
1868,rest
1909,rest
1823,rest
1713,rest
1850,rest
2021,rest
2104,rest
2080,rest
1980,rest
1881,rest
1836,rest
1796,rest
1899,rest
1994,rest
1853,rest
1676,rest
1628,rest
1660,rest
1714,rest
1813,rest
1866,rest
1911,rest
1819,rest
1715,rest
1855,rest
2025,rest
2104,rest
2079,rest
1979,rest
1878,rest
1832,rest
1794,rest
1899,rest
1993,rest
1850,rest
1676,rest
1626,rest
1658,rest
1716,rest
1812,rest
1868,rest
1911,rest
1816,rest
1706,rest
1852,rest
2023,rest
2107,rest
2080,rest
1981,rest
1879,rest
1834,rest
1791,rest
1901,rest
1995,rest
1853,rest
1677,rest
1632,rest
1661,rest
1718,rest
1817,rest
1875,rest
1911,rest
1818,rest
1715,rest
1856,rest
2021,rest
2101,rest
2073,rest
1975,rest
1875,rest
1837,rest
1797,rest
1904,rest
1992,rest
1848,rest
1670,rest
1624,rest
1659,rest
1717,rest
1815,rest
1870,rest
1912,rest
1819,rest
1712,rest
1851,rest
2024,rest
2101,rest
2074,rest
1980,rest
1881,rest
1836,rest
1798,rest
1911,rest
1993,rest
1851,rest
1674,rest
1628,rest
1660,rest
1717,rest
1815,rest
1873,rest
1916,rest
1819,rest
1717,rest
1856,rest
2023,rest
2105,rest
2078,rest
1977,rest
1878,rest
1835,rest
1791,rest
1905,rest
1988,rest
1847,rest
1673,rest
1630,rest
1659,rest
1715,rest
1816,rest
1870,rest
1906,rest
1807,rest
1716,rest
1857,rest
2030,rest
2108,rest
2075,rest
1977,rest
1877,rest
1834,rest
1792,rest
1906,rest
1991,rest
1847,rest
1670,rest
1627,rest
1655,rest
1715,rest
1815,rest
1871,rest
1913,rest
1813,rest
1714,rest
1856,rest
2030,rest
2102,rest
2075,rest
1975,rest
1877,rest
1834,rest
1796,rest
1910,rest
1993,rest
1849,rest
1669,rest
1631,rest
1661,rest
1717,rest
1818,rest
1872,rest
1911,rest
1804,rest
1716,rest
1858,rest
2030,rest
2108,rest
2078,rest
1976,rest
1883,rest
1833,rest
1792,rest
1910,rest
1993,rest
1847,rest
1666,rest
1626,rest
1660,rest
1721,rest
1817,rest
1873,rest
1909,rest
1801,rest
1716,rest
1857,rest
2028,rest
2109,rest
2077,rest
1976,rest
1873,rest
1830,rest
1796,rest
1912,rest
1995,rest
1848,rest
1667,rest
1628,rest
1658,rest
1718,rest
1821,rest
1872,rest
1912,rest
1804,rest
1718,rest
1857,rest
2035,rest
2108,rest
2076,rest
1976,rest
1874,rest
1830,rest
1792,rest
1912,rest
1986,rest
1848,rest
1665,rest
1629,rest
1657,rest
1716,rest
1813,rest
1871,rest
1909,rest
1801,rest
1717,rest
1859,rest
2031,rest
2107,rest
2070,rest
1972,rest
1874,rest
1832,rest
1793,rest
1913,rest
1985,rest
1847,rest
1666,rest
1628,rest
1662,rest
1716,rest
1811,rest
1869,rest
1913,rest
1803,rest
1722,rest
1863,rest
2038,rest
2109,rest
2070,rest
1971,rest
1874,rest
1829,rest
1794,rest
1917,rest
1984,rest
1851,rest
1667,rest
1633,rest
1664,rest
1724,rest
1819,rest
1873,rest
1914,rest
1799,rest
1716,rest
1859,rest
2037,rest
2108,rest
2072,rest
1976,rest
1877,rest
1828,rest
1793,rest
1915,rest
1986,rest
1841,rest
1663,rest
1630,rest
1663,rest
1723,rest
1819,rest
1871,rest
1916,rest
1797,rest
1723,rest
1859,rest
2039,rest
2115,rest
2074,rest
1979,rest
1875,rest
1834,rest
1792,rest
1917,rest
1988,rest
1841,rest
1661,rest
1631,rest
1662,rest
1718,rest
1818,rest
1872,rest
1914,rest
1794,rest
1724,rest
1866,rest
2037,rest
2111,rest
2069,rest
1970,rest
1876,rest
1834,rest
1797,rest
1919,rest
1983,rest
1846,rest
1662,rest
1630,rest
1662,rest
1718,rest
1819,rest
1873,rest
1910,rest
1789,rest
1722,rest
1860,rest
2034,rest
2107,rest
2068,rest
1970,rest
1865,rest
1831,rest
1795,rest
1926,rest
1989,rest
1843,rest
1664,rest
1633,rest
1666,rest
1721,rest
1817,rest
1874,rest
1915,rest
1792,rest
1720,rest
1861,rest
2042,rest
2112,rest
2070,rest
1974,rest
1868,rest
1827,rest
1792,rest
1926,rest
1982,rest
1840,rest
1656,rest
1632,rest
1660,rest
1720,rest
1820,rest
1875,rest
1915,rest
1785,rest
1722,rest
1862,rest
2039,rest
2108,rest
2067,rest
1968,rest
1870,rest
1828,rest
1790,rest
1924,rest
1983,rest
1844,rest
1655,rest
1631,rest
1665,rest
1726,rest
1823,rest
1879,rest
1919,rest
1795,rest
1727,rest
1865,rest
2041,rest
2114,rest
2067,rest
1971,rest
1871,rest
1830,rest
1796,rest
1930,rest
1978,rest
1837,rest
1657,rest
1630,rest
1660,rest
1720,rest
1817,rest
1874,rest
1913,rest
1785,rest
1726,rest
1866,rest
2049,rest
2113,rest
2067,rest
1973,rest
1877,rest
1835,rest
1795,rest
1931,rest
1979,rest
1840,rest
1654,rest
1632,rest
