rms,label
0.010223531627139742,0
0.010005250861173518,0
0.011018661141833096,0
0.010258098105463668,0
0.011002672720764228,0
0.009118974865089812,0
0.009195579579783376,0
0.009669413871270925,0
0.011205533807833361,0
0.012744099915034859,1
0.013230380510157302,1
0.006125561954948268,1
0.010462693250857654,1
0.012205090889883734,1
0.01376214752260946,1
0.012403142338532406,0
0.008973545703911243,0
0.009178171796617543,0
0.008519566145283725,0
0.00805416675622316,0
0.007655402178174097,0
0.011515139810726565,0
0.01463468604473321,0
0.01121410301419901,0
0.012242717368588384,0
0.009507978680516217,0
0.011817857712065623,1
0.013566507135990771,1
0.011060174323782083,1
0.015076351623243675,1
0.008995769760613809,1
0.013195247652105576,1
0.00981143161522627,1
0.009336167181265181,0
0.013936957551164928,0
0.01443463214933067,0
0.016296352691115942,0
0.009767366104858724,0
0.007857835712568638,0
0.0017562256038434283,0
0.0011563809237602732,0
0.001174645566405609,0
0.0013738136734520322,0
0.004552751158413361,0
0.011458833031398987,1
0.0065045138031326255,1
0.005400658862805965,1
0.0051572452377085095,1
0.0032106056438222608,1
0.005294706536971531,1
0.001110886741688706,0
0.0015510599744645742,0
0.0008315072632963794,0
0.001311175413529044,0
0.001202977552622939,0
0.002401965125345574,0
0.0021839308239372896,0
0.0014726967846788064,0
0.000927455827967231,0
0.0027637123535725226,0
0.022429151948769026,0
0.015510582537886512,1
0.024833626770639067,1
0.010166842875791114,1
0.007421943179726417,1
0.005130981753062973,1
0.006582695164754035,1
0.0008578900710555077,1
0.002127830913704479,0
0.0018350391166056619,0
0.0020290106678424917,0
0.002751239602893498,0
0.00112406188858035,0
0.0032128583383698997,0
0.004465870209945521,0
0.0020721758841618127,1
0.0028770594069253185,1
0.008261524700376183,1
0.008098705839314787,1
0.004400211379830692,1
0.006335627805158652,1
0.0031245118992302384,1
0.0036125416628738473,1
0.001431935203717069,1
0.0017206755063147836,0
0.002327647735675439,0
0.0016788332790133695,0
0.0011969481118639235,0
0.0009893278226757974,0
0.0020158519516822434,0
0.0012454764444348439,0
0.002078476917795979,0
0.0053356510650698465,0
0.008227377891879838,1
0.007609581118724151,1
0.00940771273937111,1
0.010858451854178568,1
0.0055024932818311815,1
0.003185259879807707,1
0.005039555383316581,1
0.002394664815607002,0
0.005216707264523871,0
0.0019158225384173003,0
0.002488940459625706,0
0.002120920672302285,0
0.0034349606105685705,0
0.003620368720476378,0
0.0030349241363160978,0
0.003544257503469637,0
0.006137877770049546,1
0.014672877213838498,1
0.00961771237453211,1
0.012487977532570289,1
0.00589225209998819,1
0.00399050485610992,1
0.0017271939714593246,1
0.004004633212709334,1
0.0020655170938366657,1
0.0007946024601312157,0
0.0010288865900917503,0
0.000926711046348407,0
0.0014370857723969206,0
0.0009483632476815215,0
0.001952891690273613,0
0.001939253723870615,0
0.0020784817746606716,0
0.001691308980516769,0
0.003669269852929335,1
0.00831068986826747,1
0.006074775818897559,1
0.007115368433984257,1
0.005119487768983751,1
0.0036980386776125384,1
0.003947711611653566,1
0.0010601657100359017,1
0.0028580679042234046,1
0.0010023577218610377,0
0.0028063452994036755,0
0.002452237712890351,0
0.0014433121898129201,0
0.0038246663643180024,0
0.0008773434970590767,0
0.004345003089079641,1
0.006333916149195747,1
0.012094559431773072,1
0.005117054886356181,1
0.007819589968413662,1
0.004162059916353082,1
0.0021848208309363485,1
0.0017557866047902709,1
0.0038365429253389475,1
0.0008675354573725022,0
0.0008155994741262369,0
0.0006235849580517494,0
0.0011103248971712923,0
0.001593318504258924,0
0.0011229718854708663,0
0.001558251336417719,0
0.0023852675675457053,0
0.00484624751844315,0
0.01755704747775458,1
0.009259468658579576,1
0.005223143092401408,1
0.005366641387986097,1
0.005263092073237123,1
0.0019456106843671731,1
0.0007929829452308818,1
0.0009361638746969077,0
0.000659960200307867,0
0.000756032841495568,0
0.0010873802663398887,0
0.0005837385855364871,0
0.0020767925301022534,0
0.0017674459348377804,0
0.0006335055752242062,0
0.0009626747232847333,0
0.0013821320192747837,0
0.0032952864885228395,1
0.014713602631946163,1
0.005978860859613465,1
0.0030620959942781675,1
0.0024496266203913085,0
0.001750176328442107,0
0.0014673898037584551,0
0.0007990224250414497,0
0.0016704256637737611,0
0.0013755728856965107,0
0.0012543323279007137,0
0.0006048375326775096,0
0.0004500287945289425,0
0.00090185767282649,0
0.0020833435669395522,0
0.0007271357631355576,0
0.004343439661787602,1
0.004378929459532371,1
0.005951176373630692,1
0.002581024022985635,1
0.002387196011470258,1
0.0010278833552072777,1
0.0008649534414334154,1
0.0023534814752342466,0
0.001446650324236711,0
0.0005475710588742994,0
0.00013659323408353574,0
0.0001964101357374825,0
0.0015038568541393142,0
0.0001011528622812488,0
0.0014895915701337162,0
0.0015853647171603091,0
0.003010878008311094,1
0.007639583173881526,1
0.005838944959051366,1
0.004111048510670756,1
0.0017117660046251477,1
0.0010600615932692004,0
0.002699492315927494,0
0.0001866368355007709,0
0.0009025079238555558,0
0.001834332041226159,0
0.00017703732893972141,0
0.001135533552061825,0
0.0001538882997430515,0
0.0005809663451929788,0
0.0012512071601239662,0
0.000440683882420502,0
0.0005343903632033189,0
0.0023163959395205666,1
0.008152095194185612,1
0.0033647347105269913,1
0.002850558495921446,1
0.0009264341335891521,0
0.0007111894379013685,0
0.0012309358982953054,0
0.0008941573538854325,0
0.00033721809113721276,0
0.00032808996469437673,0
0.00040291503070836467,0
0.000865083810780996,0
0.0013792000968728207,0
0.0006913678995088408,0
0.00041942484819223146,0
0.0010201093470418449,0
0.004577843439339563,0
0.009646074527676579,1
0.008048685309190015,1
0.005349896724204109,1
0.0021200277438440224,1
0.00029607548676360964,0
0.001648890890893041,0
0.0014675199016221255,0
0.0014283165375479,0
0.00012153945174549186,0
0.0012072270107618165,0
0.0004705434571528006,0
0.0002413091629269173,0
0.0019476867981292874,0
0.0007862654172168567,0
0.0009238798907809633,0
0.001331577740383518,0
0.006214373694829959,0
0.0092642779101802,1
0.011573986115997569,1
0.014074659754158642,1
0.008243259449626238,1
0.005200087955389905,1
0.0014158692449132895,0
0.0011142259196266126,0
0.000992578524617175,0
0.0008055710282586548,0
0.0005911631920228399,0
0.0005204419603949567,0
0.000729381233601464,0
0.001718852932016704,0
0.001043323920652241,0
0.0014377621313858087,0
0.0017180072233582994,0
0.003146127119270613,0
0.031018730837964557,1
0.015440777134489755,1
0.012212730319808443,1
0.010043870866501584,1
0.005846889821469315,1
0.004363372360110167,1
0.0008921243954394698,1
0.001181770869954301,0
0.0007159547487435537,0
0.0004486685086313533,0
0.00040795186030140914,0
0.0015625213787073004,0
0.0019205448388919604,0
0.0011815267658405887,0
0.0013360539463189362,0
0.0007090803235461179,0
0.0014744814636304707,0
0.012685431313188082,1
0.008130478506991725,1
0.0030753526572947767,1
0.007007263087706554,1
0.0013168367395697041,0
0.002397960858486293,0
0.0006355557486612001,0
0.002224906268512386,0
0.0009818541925668875,0
0.0010257915316759377,0
0.0005285903727076617,0
0.0014978541019641746,0
0.0004873267052435368,0
0.0004167386208567698,0
0.002236685702315482,0
0.002925992966787682,0
0.003603749481812422,1
0.009215815314934865,1
0.007335198091097511,1
0.004542364932817383,1
0.0017958598546492673,1
0.0009734023768355165,0
0.0006192501414496669,0
0.0008934085727516998,0
0.000907702925863518,0
0.00045020124830438027,0
0.0008174997687518888,0
0.0020033218527407246,0
0.0012134146790002836,0
0.0006162805650658072,0
0.0005989797853568837,0
0.001400069660137342,0
0.0020021208402119907,1
0.007506023693155341,1
0.008014750219095456,1
0.004851464902417191,1
0.0025754102973237106,1
0.0009093541697645964,1
0.006804869699403714,0
0.004822647221339231,0
0.0006461131485819224,0
0.0014932410192557168,0
0.0004065494508426233,0
0.004113873199164274,0
0.0005113642248397791,0
0.000993862250362062,0
0.000886298013212695,0
0.0019239976187646886,0
0.0014034098500023602,0
0.002082509585329405,0
0.00656175450824356,1
0.010575578539853303,1
0.009239325545783186,1
0.0075667533446217876,1
0.00766622391269964,1
0.0028848330572957613,1
0.005169134972250523,1
0.011946371702837428,1
0.0031885509541225267,1
0.0014991463103105854,1
0.001995489189127638,0
0.0009293147476321265,0
0.0005240123564899903,0
0.002132834562897809,0
0.0016605956935781831,0
0.0013074262761064667,0
0.002501631389887274,0
0.00543763247569902,0
0.0052769632336170024,1
0.01172973628135652,1
0.007986196352192708,1
0.009247670528482839,1
0.010379692135281046,1
0.005722962478326278,1
0.008603614930529094,1
0.004182716594436801,1
0.0030922647473573908,0
0.0032595124395305825,0
0.002074211020154608,0
0.001253807650846868,0
0.003556759575344638,0
0.00287001545302045,0
0.0024282985542377874,0
0.0034270572641902364,0
0.005459532752734405,1
0.004748982521864093,1
0.008913087271316306,1
0.007665891682123095,1
0.003601933631772584,1
0.00410272289777191,1
0.0036289979192959706,1
0.004026383382479517,1
0.00459880541165453,1
0.006229375904116605,1
0.0014453474852134298,0
0.0025873453105195498,0
0.0009989479543238496,0
0.0011691084772920142,0
0.001271344370909637,0
0.0015277550401998766,0
0.001381550072643408,0
0.0033526354425161445,1
0.002921670653180853,1
0.00487483875286229,1
0.005126653100529266,1
0.005720503336107431,1
0.005844942239820742,1
0.009184895621200865,1
0.0026899152574572506,1
0.002148451763521883,1
0.001688115233552144,0
0.0018185606746570942,0
0.0023849227331829174,0
0.0014049312426565816,0
0.0008325534108864192,0
0.0009267579269747624,0
0.004977389497672387,0
0.0011992578110940674,0
0.005117409155675792,1
0.009407119621163423,1
0.009421962319525481,1
0.008644558362447461,1
0.005971989759732191,1
0.0036919687734408824,1
0.005389927781368407,1
0.002927825115552197,1
0.0037609919204629207,1
0.0018484765081436814,0
0.001737123052777521,0
0.0033232989895991077,0
0.002918653756231172,0
0.002435069596070286,0
0.002669952894957995,1
0.0024079290519133083,1
0.00333430741558811,1
0.006028572676269808,1
0.006895667315732124,1
0.005113438272692698,1
0.006935635657839384,1
0.0054409311286245385,1
0.0030529104259080222,1
0.0033648264723637983,1
0.005196602620040227,1
0.0023397084118353664,0
0.0013977581513886254,0
0.0026633438772511926,0
0.0013580896653290623,0
0.001601082442241491,0
0.004178510415983589,0
0.002905542387066472,0
0.0028743865507887406,0
0.0035506250698283566,0
0.008282249381039332,1
0.016486080159857013,1
0.007777510968740755,1
0.00754958117779846,1
0.00535122935880957,0
0.004537262998056549,0
0.006871156475081887,0
0.003839306464917959,0
0.002972122944341999,0
0.0016722536226019945,0
0.0017529384643418405,0
0.003933614270124164,0
0.0024082634883063644,0
0.0012238622563531686,0
0.002958132235425183,0
0.004752136137697591,0
0.004110947377268747,0
0.00819735159241149,1
0.012776305872376024,1
0.00986356638332361,1
0.006145312133156809,1
0.005067430778492211,1
0.003703328748733836,1
0.004431399617949356,1
0.0026055590513276473,1
0.003382923398426642,0
0.0022876214936788735,0
0.0021059233751021668,0
0.0029826082668933667,0
0.009165741314893694,0
0.0024998708388758303,0
0.0008894932070740961,0
0.003696882019405331,0
0.003217116048330549,0
0.0051786751293519465,1
0.008816576013904212,1
0.006790854946370931,1
0.00630406595305894,1
0.005025451285448783,1
0.007968381819361065,1
0.00779651587691873,1
0.005194499820371815,1
0.004173242576081727,0
0.0016359662893868292,0
0.0023728310178023834,0
0.0027316043306754864,0
0.001105238250954207,0
0.001950704224801535,0
0.002117728914024214,0
0.0033368306481028763,0
0.007256677541441541,0
0.006666883711392304,1
0.0068881715333276505,1
0.006429687256043198,1
0.004898093529891458,1
0.0054073472746905115,1
0.005968020922704903,1
0.0035485863426757552,1
0.0030159812669857235,0
0.0027019079357038602,0
0.0012629654726840028,0
0.003801454088106502,0
0.002590599452425966,0
0.0023835486824423193,0
0.0016262517040014398,0
0.005883611850039146,0
0.016735650948740285,1
0.010718059070996563,1
0.019368698882425758,1
0.02526616415617068,1
0.009081795041532404,1
0.018278553183287898,1
0.005433108526498497,1
0.0061577195988411,0
0.006174706153621159,0
0.005078772736776343,0
0.0036951634239005006,0
0.0029991088240019417,0
0.0019596619427558128,0
0.003931640078075114,0
0.0034636542850678543,0
0.0030612025083148445,0
0.012888076891146792,1
0.018766171453224793,1
0.03434128740916301,1
0.017301828858541993,1
0.053502396315860255,1
0.018701967387786723,1
0.003546559930052616,0
0.003409780171682654,0
0.004174328743426152,0
0.0035516814353931405,0
0.003334529900333115,0
0.0015665682776712557,0
0.001308641203304639,0
0.0024737211829011967,0
0.0019067780242851442,0
0.0041590831138894205,0
0.002421821321081661,0
0.006825953690246046,0
0.015667833615723773,1
0.026348908828379564,1
0.023994355600390174,1
0.022625621692527284,1
0.009209901416663524,1
0.005054399837898547,1
0.004627191813641295,0
0.002866142044753679,0
0.0028097234759796863,0
0.0025547150755698663,0
0.002823869871816674,0
0.057183385168394635,0
0.015377477224521336,0
0.005763255455137245,0
0.014734420268817383,0
0.021185172731830425,0
0.03828101236935444,1
0.00912819275488511,1
0.007230424697772117,1
0.012014119900677127,1
0.00344952039746607,1
0.004827650394071513,0
0.0029355274476862204,0
0.001488226893202751,0
0.002068487711709898,0
0.001881833499679044,0
0.0034663821904754514,0
0.0008807020266053672,0
0.001688921110643167,0
0.0018426224567930677,0
0.002649959050605672,0
0.006071389511269063,0
0.013491230135804817,1
0.053254794538638815,1
0.03373639456168273,1
0.030852757589231696,1
0.0069214597555158795,1
0.0017996196298226742,0
0.0015785091170904433,0
0.0012634947791753887,0
0.0010953896022455117,0
0.0009963865420987417,0
0.001025249585489863,0
0.0010256768100255086,0
0.0016009008349160642,0
0.012382253787585376,0
0.012623302778540938,0
0.003675006043532678,0
0.011057131570445956,0
0.02896448814971284,1
0.025188190340450983,1
0.01808066841066089,1
0.016605481395853137,1
0.0021424329751253603,1
0.002294753551544573,0
0.0013187007180651487,0
0.001263235335937185,0
0.002844768638327907,0
0.0007528249536437529,0
0.0011774067954184006,0
0.0020933588945974088,0
0.0021814625042787385,0
0.0007941990836061319,0
0.0006611102758350665,0
0.002766846853013282,0
0.010964411356435937,1
0.01028456724671285,1
0.013167761979686122,1
0.01759421315957136,1
0.015611691809041255,1
0.0024753246513682134,1
0.0015243069193724757,0
0.0005694020206118885,0
0.0003034365733618898,0
0.0005649695148586648,0
0.0007429465709583087,0
0.0007165154387313342,0
0.0006776798034793392,0
0.0006573467567969171,0
0.0008606039771950715,0
0.0012152698686590407,0
0.0029244675572701355,0
0.014597651157595367,1
0.03928627722752663,1
0.02437455705603532,1
0.020535670666548222,1
0.015547198279351117,1
0.003092472117506653,1
0.0006198191888238453,1
0.002302128909871601,0
0.00016121960359258638,0
0.0007683279684325341,0
0.00032564136631441575,0
0.0006617556898274055,0
0.0001875232343520198,0
0.00024531561323482275,0
0.0004992247619122448,0
0.0013467694358129186,0
0.0020919860256524954,0
0.006517473686633676,1
0.014360749687047779,1
0.0374774321192152,1
0.027804622017044055,1
0.01946023087883918,1
0.009336855704495274,1
0.0019202887730341474,1
0.0012792021539706903,0
0.000783196755021291,0
0.0005853573355934904,0
0.0006576255463085,0
0.0005055939519129193,0
0.0006532023025111091,0
0.0009826634271376806,0
0.0009364535714724582,0
0.00135194262838002,0
0.003665350639624374,0
0.009708880738435005,1
0.008645883797861065,1
0.02077938118460056,1
0.02297875461351542,1
0.011740222495090184,1
0.003969170107708287,1
0.0014872171409301548,0
0.0033648045042334457,0
0.0016763081661749927,0
0.0009235525198897689,0
0.0015458130649685135,0
0.0007352360179515186,0
0.0012780366074193758,0
0.0028092026849423422,0
0.0007118716074891842,0
0.002544146723160436,0
0.012131489880347304,1
0.013227693001214439,1
0.014385608600357121,1
0.012955745324481027,1
0.018366850601529598,1
0.023499824514021467,1
0.02524839736979168,1
0.013194771634136699,1
0.015061309300560124,1
0.007105386056984526,0
0.004591401645841201,0
0.002683504104045217,0
0.005402363376104682,0
0.0028600694773423174,0
0.002792898536573034,0
0.003550185242950864,0
0.005474007720914914,0
0.00748379140979009,1
0.012823037104929658,1
0.01886371994279595,1
0.007024433193039285,1
0.00802916843328327,1
0.020274641215601758,1
0.058581350987766255,1
0.03181318709556228,1
0.023965077491751707,1
0.01296958634172788,0
0.01502839338086238,0
0.016842385423744416,0
0.009985771322356006,0
0.009004477057236964,0
0.007717379124515856,0
0.0062380752110762225,0
0.006148730649983215,0
0.00841330896955036,1
0.014812417455844756,1
0.017044931561214657,1
0.0052615053986848235,1
0.00535233782921362,1
0.005010679657334378,1
0.004930854282036319,1
0.0032632004188629282,0
0.008570121212903115,0
0.0025600366872853644,0
0.0034575221507400925,0
0.0012969938722392732,0
0.0031563652277764817,0
0.004230313239017395,0
0.0013677298158027986,0
0.004510799984919792,0
0.005200058753160376,1
0.007161625925698134,1
0.01858613519625243,1
0.011778659972537856,1
0.009992269954564967,1
0.005354643038692988,1
0.005333819220264455,1
0.004815508151469887,1
0.005460833340605796,1
0.003247652429112967,0
0.0055152628228819925,0
0.003076511447270767,0
0.0036173931306223033,0
0.0033871911435771063,0
0.0008848850361089639,0
0.0016156979711489663,0
0.00566328531264437,0
0.008931595299104821,1
0.011787565558746443,1
0.012827026692122035,1
0.013674864502966677,1
0.006689313185141944,1
0.005201309008054716,1
0.007258864212199569,1
0.003737862554905832,1
0.002640521352256403,0
0.0022620800269877233,0
0.0014294695689052324,0
0.00032427972591885,0
0.002018161943042571,0
0.006007307141223002,0
0.0026570744838529765,0
0.003135211057770749,0
0.005324774629349724,0
0.010573899570016103,1
0.012850920819589455,1
0.013556360522623814,1
0.012127889173332865,1
0.006576796883434731,1
0.004644322381807735,1
0.004541709682714589,1
0.004285266681274452,1
0.0027483245894133015,0
0.0018242396891390554,0
0.0020473569832248845,0
0.0009213084085510457,0
0.001262215514137386,0
0.0038115069617606244,0
0.0018675935243408364,0
0.005262233997945198,0
0.005386270554636891,0
0.009297126243422242,1
0.009177081798346523,1
0.01386243930187413,1
0.013396019788364332,1
0.007163483555802104,1
0.004809483527720012,1
0.005785796038700525,1
0.0033739811055140253,1
0.004264105490932735,0
0.0021402636079729223,0
0.003929843099553618,0
0.0026343725692775494,0
0.002801966750850779,0
0.003680058423251569,0
0.0022552662776749483,0
0.0018741470746208432,0
0.001976661075075203,0
0.008812545161604108,0
0.007045404918400646,1
0.01272019592966672,1
0.004935120938945256,1
0.005451398481088605,1
0.0024769968841871367,1
0.0018990933822542566,1
0.001037592116121883,0
0.0034712142309411835,0
0.0024932160802704543,0
0.0023912925515185185,0
0.0034119085662510347,0
0.00239820946636957,0
0.0004013588315786096,0
0.004563981094568716,0
0.004478451349478174,0
0.0034325698225631286,0
0.007273615230997628,0
0.012745151892756103,1
0.006194284751650684,1
0.0035772582548455104,1
0.005012121517262223,1
0.004900064095446748,1
0.0021196672530359715,1
0.0014242360777391662,1
0.006036882985839116,0
0.0013809359183388447,0
0.0035716298714379415,0
0.00115861387633611,0
0.0022605636588724533,0
0.0009582103512028751,0
0.0014760775825907934,0
0.006932830874415666,0
0.012396327043200882,1
0.01769020232129428,1
0.022133259951645647,1
0.011217098957095852,1
0.006218498515309486,1
0.006863618793387272,1
0.00408641390686153,1
0.002203627929574724,1
0.004399640394253589,0
0.004398916396400834,0
0.00386211189034566,0
0.002097274919474003,0
0.00147153499686081,0
0.002020893740207465,0
0.002209942308895376,0
0.0015496190514535972,0
0.0016126163675424343,0
0.0038489470157808616,0
0.0191240466632786,1
0.02000450985239888,1
0.020133308002430177,1
0.014453171702458788,1
0.013753600126569163,1
0.0028115748508501354,1
0.00149854542854943,0
0.0008169996859972526,0
0.000767133820695379,0
0.001825188206410902,0
0.0007430949761008494,0
0.0012362858843476595,0
0.0019299395071726286,0
0.001161203427521337,0
0.0018664353608295282,0
0.0022072665460378233,0
0.012359368836446453,1
0.024234140011001964,1
0.011332556972798705,1
0.012006269628974258,1
0.004431908862978246,1
0.0013329841299576795,1
0.0003543358656456573,0
0.0016220741083782413,0
0.0004554777118837446,0
0.0008281140606025275,0
0.0012590422672900511,0
0.0011329304617627213,0
0.0007053349561155669,0
0.0016503549744647287,0
0.001330423376231057,0
0.0013174575529045,0
0.010422763696737367,0
0.036364597231424635,1
0.033141594592828574,1
0.013531564040273223,1
0.05541549398342331,1
0.026160512652805282,1
0.01556314351290132,1
0.014012359513911637,1
0.0822721231712632,1
0.041012356844310635,1
0.0131535748829677,0
0.010487632312371202,0
0.012152634635064339,0
0.007007904183670222,0
0.0030733094332600942,0
0.002693642813358455,0
0.0028018157673250148,0
0.009857789760468784,1
0.019434618076445892,1
0.03176735538032388,1
0.015761520511117726,1
0.01402274799572974,1
0.0026461804140398342,1
0.0011444751970924097,0
0.0008403371323632379,0
0.0016014127800936565,0
0.001176211371765757,0
0.0008016224074453684,0
0.0007222637043101686,0
0.0013243713737752067,0
0.0007610252793100068,0
0.0018292200458341061,0
0.0012557754773066898,0
0.0014313364624503361,0
0.001609244339903281,0
0.010873569845210715,1
0.015742081116360267,1
0.0098326340678685,1
0.005907291283979377,1
0.0010859423711258222,1
0.0008695053109622169,1
0.0007863454946049979,0
0.0008443784239071152,0
0.0008861977361868684,0
0.0003187490985476388,0
0.00026362067006316717,0
0.0013767914773595204,0
0.0006074323526866288,0
0.0006536453636982637,0
0.001030802661095781,0
0.0024397963919417613,0
0.008187369097828374,0
0.01851181543454564,1
0.023254317933430323,1
0.014128209027991228,1
0.013319133573016442,1
0.011293133973401478,1
0.0033344654712221546,1
0.0006505934077169512,0
0.0005054921369570678,0
0.0005081348067606857,0
0.003048687402129139,0
0.0008677672207579548,0
0.0015450746444119073,0
0.0012843877028871208,0
0.000865432525782155,0
0.0011545178520049406,0
0.001591594713743562,0
0.0019309327054984756,0
0.002272016539674823,0
0.011734338573414521,0
0.029271723062867818,1
0.01891061309007005,1
0.022723868727490576,1
0.011436192024519986,1
0.012450301705208973,1
0.0036849045743006345,0
0.002137851899473246,0
0.0019207903877361686,0
0.0023366482333715137,0
0.002069760770565137,0
0.0026911056664991775,0
0.0023543801868073978,0
0.0028228984103723467,0
0.018935307558829415,1
0.028173889609414155,1
0.024739268775330746,1
0.031705410977444975,1
0.019966575747932366,1
0.009974016442318311,1
0.010630704259818399,0
0.0025041338047665303,0
0.0014819717343453524,0
0.001540238182102619,0
0.0018774487049790403,0
0.00044438304244426497,0
0.00033926248561655484,0
0.0009567157747545893,0
0.0008480043759393952,0
0.0016650258295780491,0
0.0025847734851827987,0
0.011300199295452364,1
0.018378056701457913,1
0.01564257388541874,1
0.0048800087993025034,1
0.0029313837546255414,1
0.0012563053290298002,0
0.0028652084139109135,0
0.0019314255201646866,0
0.002126403360395305,0
0.0009709588617201286,0
0.0007909285520584157,0
0.001287537815748276,0
0.0012052681394910199,0
0.0019743381291858946,0
0.0017527968731667126,0
0.005690530761060491,0
0.02368303667393702,0
0.016598816154409626,1
0.033521796670333795,1
0.016472811804718754,1
0.01621644557314081,1
0.021486635116187616,1
0.019495461217183062,1
0.006874601623588977,1
0.0013153570466439327,0
0.004590266775485063,0
0.006605124631081496,0
0.003485844914609432,0
0.006305539794899881,0
0.0036317580055547825,0
0.004600210552675814,0
0.006087733341883341,0
0.007872178692216205,0
0.016108307570879138,0
0.0755128067943029,0
0.06977195490649998,1
0.04896041733657441,1
0.013494919894168471,0
0.010435976668417122,0
0.009177516102682024,0
0.006529010908309228,0
0.004768686751291432,0
0.004808372508904446,0
0.0027312824311505352,0
0.0031425679634081555,0
0.00530029651413689,0
0.003945858822466671,0
0.012191274255272186,0
0.07080375437832329,1
0.08242984895074493,1
0.09823848895590927,1
0.016524226937753562,0
0.014781210433013134,0
0.003955236448383211,0
0.0032051938620956013,0
0.003149947618919156,0
0.0029510134791133637,0
0.0032189091501585517,0
0.003349220267513184,0
0.004287290204512762,0
0.005306902440431228,0
0.006577198608462713,0
0.008363972959108422,0
0.011174910578693633,0
0.053496861226717846,1
0.07752682000750315,1
0.019942383975693846,1
0.0044764536954481435,1
0.006828350887163457,0
0.004654445875443331,0
0.002048883652327606,0
0.0028977378089835807,0
0.0018837446820757177,0
0.0025867865444268506,0
0.002359949366703865,0
0.003327053846897167,0
0.0021253445052350373,0
0.0030784148273456206,0
0.020635629721246034,0
0.08610806875815918,1
0.03572487698249367,1
0.005757531825939321,1
0.002628245716636824,0
0.0017568965338281733,0
0.002166347490105897,0
0.001670048841254053,0
0.0012574787822255515,0
0.0014917215661240319,0
0.003894078933791921,0
0.0021678410130426757,0
0.0025347792245401547,0
0.00696950447263508,0
0.03373440997371788,0
0.09747104439917242,1
0.07592263999936512,1
0.015959313810517912,1
0.003429264748178548,0
0.002312369029022868,0
0.0020121910687277956,0
0.005120129636028863,0
0.0013796732052457313,0
0.0015710682282883822,0
0.0018155035838938204,0
0.002220358729396871,0
0.0029048016539083457,0
0.003683089806437985,0
0.004975624594891625,0
0.006820365294534099,0
0.0232719849901355,0
0.059812854890157294,1
0.022078241827075667,1
0.007458227797343938,0
0.005965420079209363,0
0.004802992009690857,0
0.0036247267924705883,0
0.0026605988489480006,0
0.001984096357451793,0
0.0024359748524778466,0
0.0023790867406137165,0
0.002953333749978483,0
0.0038693962711798813,0
0.023938320973040807,0
0.0716519071325104,1
0.082505184837449,1
0.014604897521061666,0
0.005016264301172288,0
0.0031838151445804054,0
0.0015276308696362294,0
0.0014659620824412987,0
0.0017203358117004277,0
0.001856102271720994,0
0.0024129259999134648,0
0.003133740279308823,0
0.004184415691090197,0
0.005493773999351618,0
0.022427079793692396,0
0.06465892483299039,1
0.09399640570467084,1
0.017678202815765952,1
0.0029464201180175805,1
0.002241660970332442,0
0.002540395827306077,0
0.0014779547614823386,0
0.005081742484408234,0
0.00263029982868651,0
0.0019112973338044573,0
0.0033791904910255716,0
0.0033090648874615717,0
0.004528765650184381,0
0.0058987519892880836,0
0.01867621280609228,0
0.04502989858607498,1
0.07781464668703783,1
0.09235011664410839,1
0.0674711859130088,1
0.028816761479501164,1
0.007983243182834226,0
0.004036305443818206,0
0.005777566388891441,0
0.00415844497568374,0
0.0021092169258589027,0
0.0021956548694584584,0
0.001782081204070945,0
0.027372470418282776,0
0.015330335160001448,0
0.01941095154287777,0
0.06531647389444674,0
0.03947496160364008,1
0.007217785377280627,0
0.005173076450162284,0
0.010709969079679344,0
0.006291661099079485,0
0.00942891468103295,0
0.012997499555216747,0
0.009059253774672113,0
0.00345291949549057,0
0.004806788248531283,0
0.0038826043394774193,0
0.004525212709794256,0
0.051168272112844485,0
0.02186757193697554,1
0.021886550228350475,1
0.028402759896290472,1
0.0228765480616574,1
0.014222866017842282,0
0.0026281848306246827,0
0.0016127015270657194,0
0.017212714769286343,0
0.026407761394689987,0
0.006700543839935946,0
0.000883948520467599,0
0.00409976683148593,0
0.006450528255127836,0
0.008655909088634962,0
0.010652361142388829,0
0.009215305843666819,0
0.01823978729485097,1
0.025933483105827236,1
0.019169863107793374,1
0.01752374979744017,1
0.011618303149149148,1
0.02277834423936917,1
0.004299628535670625,0
0.0008381249044985174,0
0.0017177657592844303,0
0.005654988545945804,0
0.0005851070728689478,0
0.001998448913778892,0
0.00056375423444751,0
0.0029496954011593514,0
0.0006844094893337622,0
0.000851520911566416,0
0.005660152542931728,0
0.01227534720472547,1
0.023992020898733056,1
0.015684077022520806,1
0.023023124646518036,1
0.04358782824667616,1
0.035188034259502884,1
0.00945048323795634,0
0.0063367858793361405,0
0.0019435603747772322,0
0.0007970838733161825,0
0.0012388457457726766,0
0.0010151366045865935,0
0.0010347120099328721,0
0.000583806973551848,0
0.002158472452533276,0
0.004519267604950264,0
0.01372841806622013,1
0.03372354599390797,1
0.02542202196600893,1
0.023113779534699664,1
0.04123148785494582,1
0.024619767310833006,1
0.021808776913578704,1
0.01504842017351716,0
0.004265127005508974,0
0.003572379228810928,0
0.00169105218426559,0
0.0011789052309748754,0
0.0029149129010745257,0
0.0013216347860089655,0
0.001039078085806109,0
0.002308068721072714,0
0.005493874898046791,0
0.012281298581118576,1
0.014753545556267525,1
0.01656654387532219,1
0.025783138655122148,1
0.02770941661069187,1
0.029355707606439744,1
0.02056670867893819,0
0.016456584323914832,0
0.011390157064841897,0
0.002223090482666631,0
0.0022544578237240777,0
0.0019018710945854908,0
0.0058165657344238855,0
0.009016216154448883,0
0.012100783733065569,0
0.00640462919756266,0
0.008352678271164773,0
0.022450974362988225,1
0.023328545061462782,1
0.019644441566077076,1
0.02080332429639345,1
0.00881077798425762,1
0.014912510259279463,1
0.025348685737725203,1
0.0091617314267507,0
0.008331360764699923,0
0.0074579549204349775,0
0.010063311726505294,0
0.010698649635650564,0
0.002052296857724614,0
0.0041478258354982565,0
0.0010582991416596555,0
0.003008853503125276,0
0.01120446526304329,1
0.0124309803804877,1
0.02047044957134638,1
0.015871971007551226,1
0.03639716000850671,1
0.01969327158954436,1
0.0054500902344083125,1
0.0007027821288282661,1
0.004802187889474016,0
0.0007003442016289325,0
0.0010197259824681966,0
0.0004044385832351212,0
0.0005666062726666498,0
0.0002690665693054052,0
0.0003441784578129059,0
0.00048165867024853765,0
0.0021338391592754377,0
0.008825116635429049,1
0.02502898159373645,1
0.02231808813068019,1
0.013868448984326579,1
0.03315812385904637,1
0.01696303291742092,1
0.02739553129288786,0
0.007228853474431636,0
0.005912261104573592,0
0.0010528072930722308,0
0.0019687911231228467,0
0.0012350200731533873,0
0.0018188122138596344,0
0.0012812980954277397,0
0.0025332115377626587,0
0.0017730419314025997,0
0.005265269352950901,0
0.012752086482941039,1
0.02344504285517734,1
0.01409686586163037,1
0.012180231556114312,1
0.0183064070923668,1
0.02192769421712354,1
0.007516011834420068,0
0.011210585533234271,0
0.010128848320844762,0
0.006157756894720514,0
0.007739063113185349,0
0.001236179415225093,0
0.0020323885211689994,0
0.001500671835082433,0
0.0017868615596991011,0
0.000485670818194356,0
0.0004940298819715613,0
0.0009166840303918931,0
0.0016532714012760141,0
0.0011004793745900507,0
0.00559851932560535,0
0.004354710997577928,0
0.002351475322779147,0
0.010847397917916753,0
0.04634550330813943,1
0.006006288473196408,1
0.00529139074112788,1
0.0037472954724752814,1
0.0023494469711490217,0
0.008871418022390765,0
0.018998467917862562,0
0.01823727452202838,0
0.015519680684465208,0
0.008104940688040714,0
0.003148556653478616,0
0.004649200503778208,0
0.019321567371532365,1
0.03694736740380093,1
0.03774892253995114,1
0.009416592227926023,1
0.007506214214303225,0
0.004587548975690096,0
0.004782803205457809,0
0.003993705147742787,0
0.001906405637307988,0
0.001964356214378425,0
0.0016279471600063602,0
0.0015473456831486521,0
0.0007241401158782306,0
0.0013548451921324414,0
0.0020302363489149984,0
0.00539219146195242,1
0.01607318595773579,1
0.025750749604964675,1
0.01857181353523477,1
0.011941216099013427,1
0.004997527592069394,0
0.0047625665862526916,0
0.00460934153323801,0
0.002593729203868277,0
0.0009407661419465994,0
0.0024858304524177917,0
0.0013712912351409286,0
0.0015985519301920748,0
0.0010232752469088412,0
0.0034236302200085864,0
0.0016980866820999253,0
0.005380948334532947,0
0.007321033685930445,1
0.01949989997259673,1
0.04120879261911834,1
0.012031599772801991,1
0.007433582400607925,1
0.0052114113050523905,0
0.005151674571001863,0
0.0024661597671569416,0
0.0024752035226282406,0
0.0012402904657949035,0
0.0009214627980685921,0
0.004625181717152237,0
0.00216576204580651,0
0.0013767768851327437,0
0.0014736435732439755,0
0.004363906603746438,0
0.004795623184800666,0
0.020437469121600327,1
0.026423752111288383,1
0.014934976862130014,1
0.009739686533235299,1
0.005943497058529455,0
0.0015197881767746823,0
0.005520168358073019,0
0.002013559305625172,0
0.0028074766252058282,0
0.0010199597854299734,0
0.0020129455210558304,0
0.003320469217606732,0
0.002879732392868858,0
0.0023750029360751603,0
0.0017278497927437544,0
0.004730335108954052,0
0.007893024717799714,0
0.0178534852626189,1
0.025948746319298364,1
0.026373317461151666,1
0.029893815834445992,1
0.027515895176396837,1
0.03330494249011765,0
0.025709873593333692,0
0.008791796850967239,0
0.005092890812865241,0
0.006393411259835444,0
0.004269983906063836,0
0.005577757415980658,0
0.012656421373999626,0
0.030675085212922372,0
0.03602325386076517,0
0.0822588845619371,0
0.03313258587873858,0
0.046907078350191075,1
0.03648250692957051,1
0.020834676534410734,1
0.010755496646907706,1
0.020376424819420914,1
0.01305484593414408,1
0.031334599719670134,0
0.06703614839476298,0
0.02687525154702314,0
0.026662771143527792,0
0.022297009360987895,0
0.02289429639794613,0
0.02749291526210334,0
0.027095401176865538,0
0.017393169517395335,0
0.01351920737741589,1
0.051795746146967546,1
0.034156032550954715,1
0.016747079108324143,1
0.01381899312715721,1
0.007369894897731717,1
0.00411866625192052,0
0.00405644370454022,0
0.0017821069715550897,0
0.008197461566526051,0
0.004143515316994925,0
0.00780105860538414,0
0.0078269306151036,0
0.01105498349232252,0
0.0022314124203007663,0
0.0019650866073687885,0
0.01129120786531691,1
0.015431942809622401,1
0.014002646891498532,1
0.019188490755688535,1
0.012155520178935984,1
0.011503866273623979,1
0.009022344880407929,1
0.00564481623519041,0
0.0050160525626913414,0
0.0020251588111902274,0
0.003146428629318645,0
0.0031882512288223925,0
0.0035398513638029002,0
0.010580822385828232,0
0.01238025865937873,0
0.0071691472981375865,0
0.013106233258097236,0
0.01115524036212363,0
0.00994487986852452,1
0.021861019076492235,1
0.06906141889062044,1
0.08576172000602758,1
0.0572727889897694,1
0.025482132130641343,1
0.03012627055663865,0
0.01331276793600243,0
0.009558068182757375,0
0.013791707458679029,0
0.00932306304313167,0
0.024957809855348293,0
0.0293647308399573,0
0.021665440212665504,0
0.007995347044750703,0
0.014291801970330314,0
0.013210900958690123,0
0.012151074538094395,1
0.017599112610678366,1
0.01305226910973479,1
0.009396497113112481,1
0.007030593743527998,0
0.007923531846071563,0
0.013294603373560003,0
0.008179431377228909,0
0.0030748056755213167,0
0.0044725894405344396,0
0.003853451500429839,0
0.0038307727788530186,0
0.003963702062908057,0
0.004206789335254267,0
0.0027554421726515258,0
0.0016633528001901627,0
0.009033845341349447,0
0.009393570005362834,1
0.008263550515634198,1
0.0016648076198474452,1
0.003079796095777254,1
0.00408777630375166,1
0.007197452234566319,1
0.00652387393420715,1
0.004816351046985638,1
0.006797411442917326,1
0.004455533876763015,0
0.0069650883380786704,0
0.00481647948153734,0
0.0026733467005250417,0
0.0059088887287415594,0
0.004534012189650747,0
0.007102611082173845,0
0.008072936620465111,0
0.01748765780315374,1
0.01333122942181641,1
0.009309081319747671,1
0.0038981017896375317,1
0.0020065067472832265,0
0.00398121249239222,0
0.0029351863971380228,0
0.001225359820498085,0
0.003735896252748786,0
0.0018856930121141943,0
0.002179571939950477,0
0.0012247963017133557,0
0.005408632303598434,0
0.006824537054755484,0
0.004929449304093077,0
0.017425089398350743,1
0.033996283365524654,1
0.01414213718518025,1
0.014094723219579688,1
0.00876769034505328,0
0.018923635918929736,0
0.006635463188849679,0
0.004220540306840616,0
0.004717495225421003,0
0.002640761558618681,0
0.0014263335318676594,0
0.002409651626534479,0
0.006738450300952216,0
0.005144291772502129,0
0.004546813388602675,0
0.0017423391921065287,0
0.005691801960349986,0
0.00818969496468208,0
0.010582348479350075,1
0.01635884647023873,1
0.012851117568153774,1
0.017626324541584224,1
0.010104109267496058,1
0.005147312680017256,0
0.0056114094236241726,0
0.004163781324158452,0
0.004094302095608587,0
0.0026636267161383948,0
0.0013801803424165007,0
0.0025753001403547833,0
0.001610184618566262,0
0.0029564865304322428,0
0.0026039589290416283,0
0.0020088101711563523,0
0.006950767264868498,0
0.014454390395263214,1
0.02170198366693547,1
0.00771615311085273,1
0.011851966617511771,1
0.038853808293171,1
0.02615448008647873,1
0.03496858018748849,1
0.032499945636937075,1
0.007492714106608988,0
0.019084720882901127,0
0.03106445653063349,0
0.023767900423869264,0
0.03156260024812482,0
0.02007237385604808,0
0.009396859388070859,0
0.00770977094031761,0
0.012230332264179366,1
0.017754304609387126,1
0.026143546032744942,1
0.016565573860510257,1
0.0031290600802447587,0
0.0018138076138345712,0
0.0017220641746748002,0
0.0024221541182578546,0
0.0011132402257730812,0
0.0024532842762238424,0
0.004733775817564813,0
0.008959333039441063,0
0.0011903115204171828,0
0.002461609869052475,0
0.0013427344148186145,0
0.0007783665387445799,0
0.004505524808552856,1
0.0049252396955012726,1
0.006708004006521663,1
0.00671456701779722,1
0.0032102483276859393,1
0.001989424141353766,1
0.0023213837292623,1
0.0011426104059787498,0
0.00038938103238419196,0
0.00023699260934421617,0
0.00046848967026897947,0
0.0008976932102995058,0
0.00028004893889029095,0
0.0004895564561704659,0
0.0009619988838955453,0
0.001852406516758264,0
0.0009768128299422836,0
0.0032104670191504285,0
0.009389007107811879,1
0.008281387668333416,1
0.007013438618582031,1
0.01047692135379225,1
0.00893341869676989,1
0.0022282335236478525,1
0.003128709728819751,1
0.001941180821623368,1
0.0018257232281646593,0
0.0024619170237615137,0
0.0009196279273772894,0
0.001663179711747903,0
0.002396552747723576,0
0.0015314569825308707,0
0.0009568188903190171,0
0.002909916324062516,0
0.011082777568172138,1
0.007284263821288139,1
0.008571995136813759,1
0.026978491116727274,1
0.019477527825894368,1
0.009779510235041353,1
0.003165737036964519,1
0.0020219678601232764,1
0.003191488121062713,1
0.00082197474042587,0
0.002229858998502911,0
0.0007969205606053568,0
0.0032645524359040815,0
0.0025465753342939247,0
0.00333621832704965,0
0.002343681660182308,0
0.004147761660677544,1
0.01089482521996511,1
0.012956078364920924,1
0.011325457199667436,1
0.01267936654744042,1
0.018865272892191552,1
0.0021965996117895583,0
0.0015833009870536005,0
0.003986882607045084,0
0.0006756819561048132,0
0.0005892144032704041,0
0.003883687962684711,0
0.005896169229255135,0
0.00237491537798707,0
0.0018503165240491661,0
0.002683684396916024,0
0.002101440731269098,0
0.002604051584272596,0
0.009365406461451262,0
0.029529556314064755,1
0.011283948853081552,1
0.011680240773265268,1
0.005966249989191585,0
0.0050899213900837004,0
0.00635228096005773,0
0.00301538226128203,0
0.0033983585762744637,0
0.0017261103504689998,0
0.0025667804927634974,0
0.0024943351343960844,0
0.0032443777126364894,0
0.0028168944213034647,0
0.001384698850616645,0
0.003111492731138391,0
0.008314649917376163,1
0.011226821737054825,1
0.011868169018215049,1
0.018342291439230395,1
0.014577374312118169,1
0.008274474092094326,1
0.0017089835867557365,0
0.001841425789230115,0
0.0013362508229924513,0
0.005675365350667585,0
0.007728019471953716,0
0.0011047443122408423,0
0.0027363992623528665,0
0.002085254134546298,0
0.002722382690476261,0
0.0035674001641280307,0
0.008358166409486204,0
0.010250336557786021,1
0.011240667677212846,1
0.02784988087061652,1
0.049190338802156196,1
0.010239715038377917,1
0.006206796743698451,1
0.0032971694815560003,0
0.0028559006526505206,0
0.0014943198891279616,0
0.001238257954707655,0
0.0012033568876810693,0
0.001992317560793329,0
0.0024148764918599996,0
0.0011285588057042763,0
0.0011263264863893405,0
0.0014561141276082897,0
0.0035984477212231175,0
0.0023449412961129594,0
0.0027049934365356433,0
0.005776984329183296,0
0.02134800778666038,1
0.04907341172431474,1
0.016079243676417772,1
0.007575092427505881,1
0.004278399659533074,0
0.0037420204276797037,0
0.003699454241524132,0
0.00235637761138959,0
0.00216319034616986,0
0.0014233239124192302,0
0.0007549072344448393,0
0.0011436106779508161,0
0.0022269717924530362,0
0.002934093304934178,0
0.011902304153083753,1
0.023556285330856006,1
0.012732291786090644,1
0.007803696626551765,1
0.0091091878202702,1
0.006170333348146571,0
0.0041497287919446445,0
0.003943460361423665,0
0.0015021139422107773,0
0.0013240215780168242,0
0.0023605215910217398,0
0.004033226130512425,0
0.0048207211558372095,0
0.0056184772843120056,0
0.0029219828047428106,0
0.0030914300752426078,0
0.004734892043128125,0
0.010128545545526214,1
0.014864386661173548,1
0.023192336379698395,1
0.01002932464102308,1
0.0051703368215993235,0
0.003796156923836643,0
0.002646572603956876,0
0.001527245721879341,0
0.0034582387462220453,0
0.0024823637975426656,0
0.001551959701574621,0
0.0028588078577666885,0
0.0017460311591053854,0
0.0006492653316595876,0
0.0021566110246967352,0
0.006512078647558646,0
0.009963428092224587,1
0.013726105752883756,1
0.010551980058117817,1
0.007171533208333824,1
0.006861072747799296,0
0.0018377854342091215,0
0.001588540908529745,0
0.011380645162772925,0
0.0063430562327969385,0
0.015447118353033624,0
0.00996239999033372,0
0.015351024217460419,0
0.012328662977104539,0
0.005449861431665753,0
0.004705009009830925,0
0.0036313537293391775,0
0.00614925139717008,0
0.009430428964165702,1
0.025613815121414855,1
0.02374597990441156,1
0.015137945467665507,1
0.011822654962378415,1
0.008169948889163652,1
0.003077148073228373,0
0.005165191099701024,0
0.010656881847581961,0
0.007868524218373208,0
0.012352903431862855,0
0.01070878478137518,0
0.01393084870657937,0
0.013995457506271403,0
0.01272009340717243,0
0.013310971617040491,0
0.0037183350578353968,0
0.008914912508825002,1
0.010066508670522084,1
0.011867081375652008,1
0.010244230143100145,1
0.00778084557879619,1
0.004223361072849347,0
0.002477886505979106,0
0.0019082082266938284,0
0.003055600465981571,0
0.004005649366207276,0
0.00758864987190924,0
0.003195427048731896,0
0.00954634722880475,0
0.004827564710740234,0
0.00492869831510304,0
0.002285931934529207,0
0.009300584002261688,0
0.02384285629280258,1
0.05823243028221037,1
0.014119807988455704,1
0.017447163626318957,1
0.02597745523858905,1
0.020600480421536543,0
0.009250828208443416,0
0.012548556958403678,0
0.007959820421363747,0
0.0025238786015200775,0
0.007551014038175304,0
0.004188082994079451,0
0.0013089819212729074,0
0.004651848494642569,0
0.004888892014960279,0
0.004035768174019044,0
0.003750567658501844,0
0.0066988197302149345,1
0.008828916380704207,1
0.006507837654635276,1
0.0053895376860256874,1
0.008154805881114434,1
0.005750995237720291,1
0.0023282622280515245,1
0.001786644197651444,0
0.001738024149417051,0
0.002345379131752323,0
0.0006299795105110919,0
0.0005597192790907452,0
0.0024768023844186932,0
0.0003308113997713678,0
0.000775127901447432,0
0.0017008819754459068,0
0.0044647291854599475,0
0.008557678328401541,1
0.006768081969155294,1
0.007853722021032038,1
0.0039772541581828275,1
0.0039420246534058,1
0.0027603621455998344,1
0.002921524028144381,1
0.0021014540171728022,1
0.0014605372835571704,0
0.001377977606575971,0
0.0031102179495413993,0
0.0018974460381392078,0
0.0006958174444539124,0
0.0017263233759657241,0
0.0026747952850298025,0
0.0009803222226352163,0
0.0032930240658655854,1
0.005606677435668891,1
0.004553557309345292,1
0.001061589526342868,1
0.002632840359991413,0
0.0032107181211789445,0
0.0035024223762096145,0
0.003776701526991976,0
0.0006743066056132956,0
0.002556013247087069,0
0.002216890884753981,0
0.0015634967952523663,0
0.0034163455836022,0
0.0015359929314005744,0
0.003084884860579373,0
0.001237275206296397,0
0.0026199135695856206,0
0.0017347833827024816,0
0.0072082537027555755,1
0.00856325062204908,1
0.002079306220184058,1
0.002183796259002429,1
0.004151808384000124,1
0.0007637683790245477,0
0.00045692718765131564,0
0.0012813473648623263,0
0.0017380826027695428,0
0.0013295635801234469,0
0.002576571672749015,0
0.0013796256739351711,0
0.004210470419437862,0
0.0030086242325478648,0
0.0016234496453467477,0
0.0039039321988468766,1
0.0007580541137063167,1
0.00519575155281445,1
0.0029232075722350798,1
0.0036992692050400013,1
0.0035887969066835603,1
0.003576019902822439,1
0.0021176956360461287,1
0.0010533427302667155,1
0.0014019880533741474,1
0.0009643894920234052,0
0.0023472319332071656,0
0.0022650908892478936,0
0.0015521956889747945,0
0.0007868469710974976,0
0.0031172501592574378,0
0.0028656153296648377,0
0.0033467120682553484,0
0.005275566431124063,1
0.006750790034888529,1
0.0021508759784501434,1
0.0017250858837860948,1
0.0033118621577565796,1
0.0008500669962190325,1
0.0015335438429917036,0
0.0026632304568632195,0
0.001023128974805324,0
0.0018357784707276252,0
0.0014685645220544616,0
0.005967586226609213,0
0.0023828268442824133,0
0.002030432932409175,0
0.0033422333452840323,0
0.009889640754573787,1
0.012668430532894516,1
0.016329747039086757,1
0.011597068241212136,1
0.005593838509381142,0
0.0014606659297744223,0
0.0015498782225487932,0
0.0019654365014365152,0
0.0028354940524906603,0
0.0005686320711648747,0
0.0014942825183191317,0
0.0017490349870527082,0
0.0005250651887892154,0
0.0014373627508796067,0
0.0021950202880622206,0
0.002189327035671963,0
0.0022341659827847045,0
0.0013504955562181854,1
0.004138650312774653,1
0.005722158906336222,1
0.0020765601013767935,1
0.003160253139705113,1
0.002038043874254607,1
0.0027182719341749696,1
0.0012419304447478202,1
0.0005916537258832561,1
0.0003620023875826888,1
0.001985695348463878,1
0.0018237788842949026,0
0.0016405826603070532,0
0.0023875048446897135,0
0.0017779264279350836,0
0.00230386261685823,0
0.0009150564931674327,0
0.001643348729391255,0
0.001865051962644146,0
0.002413258108623702,0
0.007822049508447488,1
0.007613161728931416,1
0.0027704749132263532,1
0.0031214323726864493,1
0.0025871772752341193,0
0.0015224941467953273,0
0.004078435654912531,0
0.0009044919461552985,0
0.00221556864189137,0
0.0025049956427190367,0
0.0019282479055606576,0
0.0012307055673925892,0
0.0013202168210907459,0
0.0017038234530927984,0
0.0017351038204835442,0
0.00396320502618518,0
0.010239647473204994,1
0.006768995847710343,1
0.004936679562259785,1
0.0048584697011879105,1
0.003627245722043505,1
0.00209723962668385,1
0.0013884934427504593,1
0.0017718575077418895,0
0.0012875274002533443,0
0.0024026441247531234,0
0.0015895442433584413,0
0.0011295175979697668,0
0.001232786422823293,0
0.007663088088778081,0
0.008485298325452695,0
0.007315380388731786,0
0.005713349855693185,0
0.01027980208583728,0
0.011691079439311431,0
0.004910352079406693,0
0.004546430326025834,0
0.008757651769837659,0
0.04660212744176949,0
0.039462922997391285,1
0.01585175918291315,1
0.013515112251146653,0
0.0028367039715027358,0
0.0023380443105590746,0
0.0017979464753856758,0
0.0036659316622201558,0
0.0038915955948519106,0
0.0054402968845528475,0
0.006792371856801334,0
0.017527454652775557,0
0.04847945720228669,0
0.04449392064444968,1
0.052607949773797166,1
0.017638949129757716,1
0.01046232121022626,1
0.0034157381276607958,0
0.004209063599896815,0
0.0048245052333810105,0
0.003995289511542674,0
0.00483266644776167,0
0.006098858175852739,0
0.00783238912955453,0
0.010175023331364575,0
0.011652068251552539,0
0.03327900103662962,1
0.046523089409192836,1
0.03674859568287508,1
0.018937509317840013,1
0.0073993056019719065,0
0.00527239483961812,0
0.0049132943874408514,0
0.0072640329847746396,0
0.013064277605556774,0
0.0028911173532318005,0
0.003141168529155834,0
0.0036585509633550208,0
0.0024835677736758568,0
0.0035404016384506204,0
0.003820352076572652,0
0.01734180743983922,0
0.07054183856932397,1
0.08520315408671021,1
0.06819046352103117,1
0.014263336815592333,1
0.009646963868070423,0
0.0021360828578683927,0
0.0023455668017478754,0
0.0019229099979160118,0
0.0037230624348366863,0
0.0028586308999525405,0
0.003523037805704155,0
0.0043401969925071495,0
0.0035113600333761276,0
0.0043778558700979945,0
0.015024138506645376,0
0.02342012670556907,1
0.026378669615809133,1
0.09372323415623494,1
0.046238626853270216,1
0.02917916924150376,1
0.010260879800529059,1
0.008071985716346233,0
0.003779764399257556,0
0.0033298382952042997,0
0.00418707584423966,0
0.0026888605124414963,0
0.002355480180706566,0
0.003003237910736632,0
0.004362340134445582,0
0.00471950430934787,0
0.0044987706907378185,0
0.01905811407085989,0
0.0777075760316876,1
0.06462965133882399,1
0.040617257914602224,1
0.011755528825606926,1
0.0071794898642879275,1
0.005504895069727301,0
0.005635357652014132,0
0.005967791841425481,0
0.006250756752323,0
0.006614893457017066,0
0.008405644106685225,0
0.011077041161491486,0
0.017010522157965908,0
0.03658727319855026,1
0.0875176733146474,1
0.03858888069552232,1
0.0379077333939857,1
0.011784031938909926,1
0.013862993507015805,1
0.010247548616179446,1
0.005083934882969139,0
0.003987943303868017,0
0.003531484785347838,0
0.002904032355912081,0
0.003007521620009236,0
0.0028255054285396064,0
0.003621376784310219,0
0.026423921550235374,0
0.04268589570684413,1
0.08407730964991583,1
0.05535131391164186,1
0.04068855090150697,1
0.027631002086320078,1
0.01242060070998754,1
0.001630132827885024,1
0.0027049259559273823,0
0.0014752461369691866,0
0.0012828033967871792,0
0.001545548942051602,0
0.0015257842295370136,0
0.0017982394756851712,0
0.002217526480344527,0
0.0027708897724452895,0
0.003516263629523006,0
0.004504929101527115,0
0.0059273509168152405,0
0.009565540938897197,0
0.046098736246932864,0
0.09648450692934339,1
0.01995526752571913,1
0.00700738375044273,1
0.005132936119451988,1
0.004321485640143956,0
0.003610591486372275,0
0.0032530419717380042,0
0.0032276023581766723,0
0.0035156226959637627,0
0.0041156844316954785,0
0.00508775819307887,0
0.006109580709430157,0
0.0208827328530397,0
0.030481475359580963,1
0.06493645863846596,1
0.08031682989264756,1
0.05363580969867992,1
0.027258879540752207,1
0.005466901363879078,0
0.003854489061491031,0
0.0030238363268517677,0
0.0025078636626542626,0
0.0021194230676261343,0
0.001994265437868521,0
0.0018843079547905472,0
0.0020327079854698693,0
0.002263711543847769,0
0.0031978822458751666,0
0.016892913434487917,0
0.09317414198186959,1
0.04870271703039525,1
0.06734563643606525,1
0.04544940699163271,1
0.02629673835818411,1
0.00394327893663236,0
0.00410025422998013,0
0.002180801450788531,0
0.0019176874665177666,0
0.007360192462689479,0
0.006510488842663222,0
0.0034624719046625076,0
0.0025777240457891424,0
0.004088609203482083,0
0.012696372243495312,0
0.05712209852601247,1
0.0597627220055126,1
0.03792202198620178,1
0.02682214340278161,1
0.023461334577264677,1
0.015856726955409017,1
0.00278307045184052,1
0.00476693207278326,0
0.012947738902413714,0
0.0070864207601121325,0
0.00221982889363329,0
0.0038193636796027297,0
0.00514076091564439,0
0.007376536546008282,0
0.03293498788591432,0
0.019042737856757235,0
0.010485438041019075,0
0.03391433506919993,0
0.0988292847850907,1
0.07063532023050756,1
0.020138105587017452,1
0.010884294967775645,1
0.009843587129546456,1
0.005703098729428442,0
0.0052146947216472105,0
0.0036075953138559216,0
0.001426126602125881,0
0.002378451122637179,0
0.0019294444799183613,0
0.00133921627062045,0
0.001732604871038941,0
0.0039891152655000565,0
0.022129649784020038,0
0.019281033086067108,0
0.09322779816089555,0
0.07765314316711572,1
0.04056198923076914,1
0.02162974754989624,1
0.013572454390844917,1
0.0047499543383074955,0
0.0035379208693563867,0
0.0030887628575713357,0
0.0042352280683782195,0
0.002162321583057359,0
0.0037432114256204145,0
0.0019898090575237886,0
0.0024437243213241266,0
0.04088919896652226,0
0.021018715370540165,0
0.01639985058742794,0
0.06592711721805043,0
0.06162865917203446,1
0.03275702025938417,1
0.04023110143568124,1
0.018305400005278923,1
0.0109092437124552,1
0.005086966877700808,1
0.005238504320082574,0
0.00350064465263044,0
0.003209595472062354,0
0.002325059706748629,0
0.0026607193816727717,0
0.0021165042904188556,0
0.0015122041947337966,0
0.0034351704666674785,0
0.004431981637975769,0
0.038906119978124806,0
0.06584084009954076,1
0.03117291460278996,1
0.06096024936214412,1
0.03249287113885324,1
0.02162758324742507,1
0.014006342254877017,1
0.005750366797264295,1
0.0022652734969276084,0
0.005414566980181602,0
0.001972326331428349,0
0.0011936709215746907,0
0.0012765095266522354,0
0.0009877679158593236,0
0.0027261167297006578,0
0.0015974106324163854,0
0.0016114033771606187,0
0.005468478842368688,0
0.04037883636213469,0
0.03873854251204689,1
0.07278742987343222,1
0.044616729720801225,1
0.01542351886511709,1
0.020878257717905514,1
0.004333402716080513,1
0.002274164934273936,1
0.0032385360476344543,0
0.002692786993313557,0
0.002041216848542124,0
0.003366947586511929,0
0.0021969494987631897,0
0.0025942838180202325,0
0.003998326398761247,0
0.011267964412954835,0
0.05650981588258295,1
0.04021669703301949,1
0.054231954103475755,1
0.08519679367518049,1
0.04335405726866738,1
0.03095054199642459,1
0.010547967844325426,1
0.0033667409671115063,1
0.0030730992168413705,0
0.003494422724075556,0
0.00072560009856804,0
0.0025153434037867546,0
0.0009507204378940706,0
0.0011336386233140915,0
0.0017259521405633054,0
0.0036139792379880397,0
0.004695861287579206,0
0.008235594113135708,0
0.011502836825217773,0
0.02768168929611243,0
0.047267290510082195,1
0.042493590257101144,1
0.06268469021853267,1
0.028870958822621813,1
0.005903743653231571,1
0.003699002962374684,0
0.0025752114178064106,0
0.002892531466544547,0
0.0014419640523812521,0
0.0014464688664099685,0
0.0015240059497275253,0
0.001780000744238322,0
0.004275558816976192,0
0.014154619433293273,0
0.029832977531163492,0
0.0625345463978246,1
0.046661547636221753,1
0.08144648018517603,1
0.0441684810268277,1
0.019500177682690023,1
0.010571095184765747,1
0.003091244901936898,1
0.001674495311484544,0
0.0017587831536828259,0
0.0026075343392236985,0
0.0016481286613538293,0
0.0017693149777843456,0
0.0029189528443345773,0
0.003045163380827931,0
0.0064496865189275455,0
0.030686078536738565,0
0.04775494678781185,1
0.026453826883962094,1
0.026749639589194768,1
0.025198329193664736,1
0.008282271247198596,1
0.0032626424223715276,1
0.0022662208220715152,0
0.001547606609623235,0
0.0009543610471852437,0
0.0005778049947418192,0
0.0007651111758306949,0
0.0011802269602136262,0
0.0018402472601734999,0
0.0028051500341279697,0
0.011793943879181822,0
0.03933970866847533,1
0.030716016031119044,1
0.029928668580667697,1
0.022198379969594513,1
0.014371045436559496,1
0.003960519553716313,1
0.0033790453174197066,1
0.002130213176698668,0
0.0017521663969881523,0
0.0013020968197410437,0
0.0009529559963768213,0
0.0007673993967528158,0
0.0006962413512041294,0
0.0007537219802877151,0
0.0009304983584356397,0
0.0012461923144694636,0
0.0028403050587673955,0
0.031997437330944616,0
0.040968582266396894,1
0.01943908602892116,1
0.01578303734939554,1
0.009190198756343712,1
0.002439070476390927,1
0.0007988535812307295,0
0.0005816353494706535,0
0.0005193115657250712,0
0.0005052590337432111,0
0.0005259181160713246,0
0.0008198733298653921,0
0.0006869399484528959,0
0.0008397507459417779,0
0.0010514443456633418,0
0.001319016967729944,0
0.003373809007873402,0
0.027644696034356916,0
0.02402249917854923,1
0.01599216082223286,1
0.01113103506472201,1
0.011214828787006173,1
0.0017889879407485057,1
0.000585673771534997,0
0.0004147519222315189,0
0.00042062621948082724,0
0.00029710498765681985,0
0.00045666874416815903,0
0.00045192388964620606,0
0.0006087820108851306,0
0.0008156416663568737,0
0.0010951159635598005,0
0.0014661043555190684,0
0.004584390427705109,0
0.015993481459773938,1
0.020540521268991044,1
0.013879898234717131,1
0.024365399890149384,1
0.011926827590563585,1
0.003138096631806462,1
0.0005919347404938301,0
0.0004958553868794546,0
0.0002683848774995454,0
0.0001737776197071054,0
0.00018502839150110945,0
0.000386170917604178,0
0.0004380984591598728,0
0.0006240053875508586,0
0.000844606704643338,0
0.002102340078406923,0
0.016248060244853528,0
0.036846672999774885,1
0.02370195458525671,1
0.018810078224299205,1
0.022323137629238436,1
0.0068250686528915396,1
0.0037558724188900727,0
0.0013690160412754108,0
0.0020098915623897816,0
0.0015471808193687087,0
0.00989048981388863,0
0.004650537093639583,0
0.002806036318813536,0
0.0014119176545754949,0
0.0015646823294612354,0
0.001860022121109042,0
0.0029339862408118813,0
0.025900094844638684,1
0.023865521051181653,1
0.02785746415698966,1
0.012867716478028148,1
0.014552203125888034,1
0.006289872725400163,1
0.0032973223169658686,1
0.0016366278833169939,1
0.0010718359816504106,0
0.000905008826150069,0
0.0008224545120066072,0
0.0008199043185020038,0
0.0008981952866840031,0
0.0010568842194032392,0
0.0013042812347845325,0
0.0016099136851911505,0
0.0026466184132129013,0
0.012314876582038147,0
0.01952365133030564,1
0.021101827399531283,1
0.025138601677345728,1
0.015312231072201527,1
0.004988066816721102,1
0.0014329333560345809,0
0.0012127758597117954,0
0.0006391578036914075,0
0.0005767402887940932,0
0.00032715687870048493,0
0.0001901437670643004,0
0.00010336131022886384,0
0.00011306893444964738,0
0.000211040701343687,0
0.0003234494728337832,0
0.0016978744040221539,0
0.010798409577723805,1
0.025371667280750406,1
0.023139320114884118,1
0.013923624135758778,1
0.009832484015272995,1
0.009997989940747493,1
0.06364225590785212,1
0.09626649072170028,1
0.029462630673132238,1
0.026064494136312306,0
0.0526338015540386,0
0.01974216375637164,0
0.027508244115911778,0
0.021718292398131066,0
0.030375955999924265,0
0.01757900330197391,0
0.04501528300736095,1
0.038118518409050624,1
0.031849160571751814,1
0.03027027329871435,1
0.021164566024093556,1
0.01555631282506622,1
0.02528514153121995,0
0.028452250085413276,0
0.027042859860516428,0
0.014796038604292539,0
0.018281857095551763,0
0.023944070279290523,0
0.0202085443210281,0
0.014363942642510726,0
0.01687949309089567,0
0.018237352091882743,0
0.025230836389055142,0
0.01645258618856664,0
0.014226759766652008,1
0.02203334505497394,1
0.027908115307348432,1
0.017595712502770783,1
0.004426387998314536,1
0.0014806221881741655,1
0.006353406242875938,0
0.02079290633132304,0
0.016051349671636093,0
0.020506784546840958,0
0.02100883402100926,0
0.018451645106866654,0
0.02281416069595719,0
0.02050776161786066,0
0.021545543502432103,0
0.01931429253696621,0
0.01609646376762682,1
0.008931424394968135,1
0.009537061861230992,1
0.008780114771784935,1
0.0071493432724094265,1
0.006384259193474611,1
0.005002787066710269,1
0.004625065435214952,0
0.020656987295827125,0
0.01963030016477872,0
0.02550408711074033,0
0.022432874862803685,0
0.015619638975462887,0
0.028140344057365364,0
0.023527095578377778,0
0.018158210346827425,0
0.017552452887383885,0
0.0055291596949785535,0
0.0074367743167951415,1
0.00940518611932148,1
0.009504816648686024,1
0.006848653321019385,1
0.0037318307419143197,1
0.00657729079507241,1
0.0028163115231374654,0
0.012042464583884731,0
0.0019532013291012136,0
0.0036754615046916007,0
0.0025060317320298175,0
0.004027642561148924,0
0.009628723380122634,0
0.005729859730278163,0
0.002886857697350176,0
0.0009243902231713742,0
0.0034160373360365,1
0.0071972051181782345,1
0.014197993586836837,1
0.012508047822077005,1
0.009062226384783816,1
0.003122794011352339,1
0.004695762024072489,1
0.004396907987353337,0
0.0027138533803115427,0
0.009115642305134786,0
0.007776585017072042,0
0.0087518826254515,0
0.009449248118710342,0
0.014064664685781068,0
0.015363595890605507,0
0.015993871325245337,0
0.02409819044186055,0
0.02002193898539519,0
0.010008973586802982,1
0.01800509201168338,1
0.014910857307304631,1
0.009414503044862063,1
0.009924228256281116,1
0.004433785969683887,1
0.006353838785975753,0
0.013963851841159367,0
0.011760137390373621,0
0.012380288735515787,0
0.00929440739753157,0
0.010027195914962135,0
0.010292366857158237,0
0.008939338151355152,0
0.006851242962266136,0
0.002580819781230672,1
0.014157627268522793,1
0.007289629811194486,1
0.0025901163724910453,1
0.002289053633163782,1
0.0036319789372744374,1
0.000374170563628531,1
0.004470628765685038,1
0.014265189843181016,1
0.012032730480881142,1
0.004288774711480389,0
0.0015493848379702286,0
0.004527019910681319,0
0.01171648227801288,0
0.00942542013840518,0
0.0064683234688521826,0
0.003987046763384299,0
0.009618870142681197,0
0.016080782325649426,1
0.009503401980858944,1
0.005825647584621063,1
0.004741025710074288,1
0.005137338585208022,1
0.0039429709014018564,0
0.00204795602862326,0
0.0013775664892487366,0
0.00219841080974942,0
0.0010572632880033678,0
0.0010121250987108071,0
0.0019960431254131064,0
0.005575422633501432,0
0.0026858173622493135,0
0.004760383029749204,0
0.016631180624318204,0
0.008080489713434119,1
0.00835928722822278,1
0.00399774685531114,1
0.0008199623713520053,1
0.0013962862930441773,1
0.003793094495700874,1
0.0012976621068112864,0
0.0011326082323485816,0
0.000592650777521288,0
0.0011078841086624301,0
0.0006069718555178526,0
0.0011515387670449357,0
0.0005930054134316769,0
0.0005587857007276747,0
0.0010913203067216169,0
0.0007053987010910933,0
0.0012155755741828365,0
0.009892214887033167,0
0.022223797939417044,1
0.012274762461039581,1
0.006761350627764456,1
0.0020637429184097054,1
0.004429372230025662,0
0.0005537940829048121,0
0.0004177006192414429,0
0.0006159613039535873,0
0.0009389477628001713,0
0.0005416592347822516,0
0.00035557708508856417,0
0.0008336646712925105,0
0.001463049891714605,0
0.0016262509641931887,0
0.018438706197593146,0
0.006758794910492538,0
0.01944517370200207,1
0.01571034641640825,1
0.005016676260082111,1
0.0026182974120566066,1
0.005510425826508818,0
0.001301131612134788,0
0.0014823263794415298,0
0.0013219423949236311,0
0.0019917526478507234,0
0.02459686490187947,0
0.028042331034327017,0
0.013853673847571088,0
0.0015641611361340343,0
0.00099990332991213,0
0.0009013921821588604,0
0.010837782157242211,0
0.004457757907205036,1
0.006991652716777942,1
0.01212632322278477,1
0.009120053516632792,1
0.0035049866875080694,1
0.0019315432972732242,1
0.0012727486018062918,0
0.0010648050819191427,0
0.0007304396436522375,0
0.0014605591483341505,0
0.0005738714171531287,0
0.0012816400782997006,0
0.006136579116692759,0
0.0037726836302318114,0
0.0010039618951169804,0
0.0017113649029503932,0
0.00102729492718999,0
0.003788963427957567,0
0.014033796314511281,1
0.010832359171384547,1
0.013091908204464127,1
0.010287028983952241,1
0.002043813170799742,1
0.006158093673210666,1
0.0024776904609263985,1
0.000800726818816699,0
0.0006675748980488516,0
0.0013674877540959785,0
0.0007244719842971367,0
0.0008158848972585717,0
0.0010250475988365408,0
0.0011807330784671837,0
0.0016369327179331303,0
0.0031387601278374828,0
0.0210324264444326,0
0.010224149639261902,1
0.03925424546562836,1
0.03364839349085161,1
0.02423301027270511,1
0.002869142815191015,1
0.0011757808168572066,0
0.0008783572496083526,0
0.0006781110288363299,0
0.00043736558300738336,0
0.0005666748140187726,0
0.0008006037812335286,0
0.00031902647007618423,0
0.0005087318276287668,0
0.0005446067961669475,0
0.0008004078680583817,0
0.004897100389238566,0
0.023699950801491856,1
0.028048997914108365,1
0.027761739266805113,1
0.0218764724620921,1
0.007128943869623223,1
0.007340727781695633,1
0.004134588590922953,0
0.0012126424015012779,0
0.003663325131792556,0
0.0005787423276753788,0
0.0005797785783422296,0
0.0004048181541043274,0
0.00041367214986727676,0
0.0005061124182596906,0
0.0008890181584085535,0
0.0015604370892938716,0
0.008988509722647507,0
0.022587785186802132,1
0.021983720213836128,1
0.013426573754394946,1
0.013831400785508737,1
0.00579981182768168,1
0.0014985689716069796,0
0.010020102893203665,0
0.00230848680943682,0
0.0036807995561980527,0
0.008148143536738558,0
0.005410318633414577,0
0.004168290003263436,0
0.002268650966934284,0
0.002387418075455538,0
0.004129711055557738,0
0.0050897172747170144,0
0.011727993434814574,0
0.008857495771127093,1
0.023485256139110833,1
0.02310090559582026,1
0.019058337384573288,1
0.010909986342162798,0
0.012742822724381072,0
0.010663112041370517,0
0.01057228369481222,0
0.00824373374496816,0
0.008891270683342013,0
0.010066519220959816,0
0.008367439381598537,0
0.011860932312966038,0
0.007016917226152765,0
0.009174430627683467,0
0.007356039501390476,0
0.011622114549750429,0
0.013630446172656581,1
0.013038890759339315,1
0.010442741684622708,1
0.007148012102368406,1
0.0012699866081411324,1
0.0054187359900843175,0
0.008745701050167039,0
0.008781532535102042,0
0.010142399950026955,0
0.0018519951583132013,0
0.00348444638414724,0
0.00962409138456631,0
0.0032209487547767883,0
0.006964830264933436,0
0.0034983834143568356,0
0.005503329409247846,0
0.017022722254083758,0
0.022989510096026265,1
0.03425497794642488,1
0.02067654788416008,1
0.01609494362167267,1
0.003538506593811336,0
0.004604607975632932,0
0.0017405554923603293,0
0.0018387414796398071,0
0.002517135697915992,0
0.001837003695442828,0
0.002794385212642216,0
0.0030635087651317977,0
0.0020925153475348183,0
0.004153032264187772,0
0.0022453283041666354,0
0.004525161437495189,0
0.0026017465528995333,0
0.0013105721192841096,0
0.016875924499687046,0
0.02826436162592584,1
0.018816338241287995,1
0.00414234126367522,1
0.0016643526263295607,1
0.0020021660341994012,0
0.0034241579758571817,0
0.006138261534855784,0
0.015679551543707957,0
0.014351373205051221,0
0.014524875954244704,0
0.007523409622614271,0
0.011211282942364596,0
0.002175169776946573,0
0.002988022908715946,0
0.0150991723186284,1
0.045162351745812,1
0.03429071773272661,1
0.012617194810107946,1
0.0070262981948943535,1
0.012411292465179143,0
0.012397273884461603,0
0.02307977166715372,0
0.016906084413413784,0
0.015038810064909558,0
0.01525063500426463,0
0.017168200829500845,0
0.017340508316725074,0
0.015418380580863535,0
0.01701296787560471,0
0.017775834208504915,0
0.028713794596754414,0
0.08341159039242503,1
0.033045644596643185,1
0.022273987043240292,1
0.03304239853255195,1
0.03243056342692659,0
0.029597107932507968,0
0.028415979747379923,0
0.027728286524131094,0
0.021537018860489907,0
0.02663589773073633,0
0.041573457022874474,0
0.04023631233719943,0
0.0217835010746178,0
0.04980128299128397,1
0.03342848844932292,1
0.0399092131503272,0
0.03185093250089511,0
0.03269248645615938,0
0.030421951123360158,0
0.028848036800607785,0
0.025279673966085114,0
0.030039554198965045,0
0.027273218653484775,0
0.025894431556844566,0
0.024948065282245097,0
0.054355126074864035,0
0.02945959505107682,1
0.021130930916187122,0
0.03467133370865988,0
0.03835276460598005,0
0.03178743197837878,0
0.030659198892762498,0
0.03640255826347436,0
0.030951787769077553,0
0.03163290051910332,0
0.029161947001819774,0
0.033814209655796616,0
0.02885140358848509,0
0.05346520454931567,0
0.06388891031595462,1
0.03320067931607321,1
0.03295357597201247,1
0.026422249730361894,1
0.02722036123229262,0
0.03600010619213453,0
0.023568865339497397,0
0.02376970655064228,0
0.03506842974632106,0
0.025465868553502715,0
0.031409133742627715,0
0.03168921990760093,0
0.0443197698510148,0
0.06369279276683892,1
0.07095236448996668,1
0.08960012866557256,1
0.03530352749434641,1
0.038125002785099754,1
0.0764831018601076,1
0.03800058448067254,1
0.0414239536608678,0
0.025892361703071503,0
0.01829171606774206,0
0.02617706596300916,0
0.02106908235729817,0
0.03933475562690171,0
0.050251556143356836,0
0.016520104625209513,0
0.04735767193546093,1
0.08870481828446788,1
0.03023259635124112,1
0.03125798415063658,1
0.023900034564226944,1
0.01646639729063796,1
0.015680147952775576,0
0.017450109160346203,0
0.015578768977662036,0
0.01834004684923828,0
0.01712816386653427,0
0.014601127296733648,0
0.015552567116871632,0
0.012903399743286664,0
0.06242750474910578,1
0.06483297245639909,1
0.03713341678978526,1
0.033132420683053984,1
0.012423084531394082,1
0.012885287802467314,1
0.017120421988055416,0
0.01613668055386639,0
0.019272079821337957,0
0.018403071096730825,0
0.016633828845924535,0
0.019469531618296402,0
0.016563841274665682,0
0.027954394430044306,0
0.06832773286922833,1
0.05499836545161367,1
0.039394622419279206,1
0.019757562176820155,1
0.02629410948730959,0
0.025357903329629495,0
0.01397387526660752,0
0.019344506794287206,0
0.016810007809807223,0
0.021559428737155682,0
0.02246311188904236,0
0.016615897230586783,0
0.017439563197668578,0
0.026188858002654518,1
0.035431885739687696,1
0.03941775207789322,1
0.05346092646039802,1
0.03633280073585311,1
0.05461870213701657,1
0.038906617689687076,1
0.013948803707087636,1
0.007022619160056609,1
0.01665747366875232,1
0.006713655638005015,1
0.0026558460666820864,0
0.0031459667740144346,0
0.0030461827768448755,0
0.003554790467583571,0
0.0029323509832544607,0
0.003984818870660607,0
0.024238722722528482,0
0.04483775979094372,1
0.09902097061360365,1
0.047178314351814576,1
0.028584624609736774,1
0.016399845082411605,0
0.016896885246580416,0
0.0034228994089762735,0
0.003740238355345919,0
0.0020637336190147708,0
0.002377956945618078,0
0.0037143970919250903,0
0.0017909745132491464,0
0.0011556825868776195,0
0.001763651600392491,0
0.003700436091877929,0
0.022440418162741737,0
0.04261879311051616,1
0.06140029585760802,1
0.03743968621130089,1
0.024742390656665846,1
0.025730261333355795,1
0.01635129255125335,1
0.005306334653633851,1
0.0015194094847844918,0
0.002630378179459943,0
0.0010356477580245557,0
0.0015200536810494533,0
0.0023125969390138737,0
0.0010635963548344238,0
0.0018258798858288852,0
0.0013098744384558564,0
0.005021255664037511,0
0.017157703328639997,1
0.02787960113648195,1
0.025144360356920983,1
0.025997684078794617,1
0.024721269045803358,1
0.010562024223056079,1
0.0032406343409131237,1
0.0009118979183460511,0
0.0030481380315763506,0
0.001765728906456531,0
0.003959616083024354,0
0.0013055640209603317,0
0.000731348786545035,0
0.0010529309174194868,0
0.0024805295903465334,0
0.002059456101671909,0
0.015360494618107784,0
0.021412859457889243,1
0.042414951102813514,1
0.029258126588257022,1
0.034200277103276645,1
0.02725282632409685,1
0.005375677930274537,0
0.002866129797198235,0
0.0021376357932881614,0
0.0025342962728017063,0
0.0014643327565655563,0
0.0013084534742296152,0
0.0011168010683385921,0
0.001161583983049878,0
0.004729155353300358,0
0.005270787806243396,0
0.017507232001739995,0
0.021118566857350567,0
0.055286505228186435,1
0.08519403068956773,1
0.03610887624278024,1
0.006909575071104792,0
0.00516925530119157,0
0.003959265719533675,0
0.004653598387616218,0
0.002752666946548315,0
0.0019625081680983824,0
0.0018725791398499494,0
0.0015572304881278423,0
0.0017833557017429519,0
0.0014560825295156159,0
0.01166423349794771,0
0.020336401904391538,1
0.033810212130025614,1
0.044546969738883245,1
0.029734725596687946,1
0.0156322925873319,1
0.011979785614068749,0
0.00136331153526149,0
0.001799105058519653,0
0.00044219095600805247,0
0.001732278802799701,0
0.0003214434552192282,0
0.0013207561253810848,0
0.0016956368508116346,0
0.0008567408965195837,0
0.0013777497244024748,0
0.007652472356571054,0
0.012151650128545766,0
0.026160801460834732,1
0.02776811597797418,1
0.04381741859092801,1
0.04294360434064449,1
0.02480445668777319,1
0.017107148411992377,1
0.0024990096253878617,0
0.002760770113094578,0
0.002117193478170979,0
0.003560351066546732,0
0.0026773737950961077,0
0.0023439886923344528,0
0.0009363031207051823,0
0.0021510631878889548,0
0.0016170472196988133,0
0.0030365254829184778,0
0.009571719970050088,0
0.01575822833746313,1
0.03527290773524331,1
0.050175921021623576,1
0.06030375863332469,1
0.032877760778610654,1
0.008096664497027976,0
0.0034614842298114944,0
0.0025148153360058725,0
0.0013787587527492428,0
0.0023493781921840907,0
0.0013832231938092408,0
0.0018470624910744099,0
0.0014851268202355687,0
0.002293458646929862,0
0.0019409849991777603,0
0.002760306332055413,0
0.006658580456948855,0
0.013155469719775428,1
0.018013855982784398,1
0.028272402194105282,1
0.017137391358066266,1
0.015887951164509296,1
0.028981256686340846,1
0.004244587767003003,0
0.0025665855586424345,0
0.0027417860433431585,0
0.0025653559371515825,0
0.0020787268340573847,0
0.0018857891592934596,0
0.002183267046728058,0
0.0019429383364027977,0
0.004120422994830076,0
0.004201634134872013,0
0.018732392764621335,1
0.04673899531172574,1
0.03836531937603303,1
0.023175674277660697,1
0.012316015737043466,1
0.01902004680179989,1
0.005186073013668468,1
0.006494721805057645,1
0.002178812003682492,0
0.0013952078195716858,0
0.002180882441224687,0
0.0012148333194231431,0
0.001971325514253042,0
0.0029395591001412065,0
0.003381401974491616,0
0.003495949413103914,0
0.007357908777354307,0
0.0240521714351126,1
0.061475655363142756,1
0.040469034144830045,1
0.019603782943557208,1
0.01176932906431622,1
0.004315004550496231,1
0.0019739905445105782,0
0.003129677275450594,0
0.0012973404119698663,0
0.001901067352275347,0
0.002939544131994058,0
0.0020079078456836288,0
0.0013986733697544179,0
0.0009275274143600904,0
0.0013713235051729371,0
0.0010299855147288524,0
0.0027582859151428656,0
0.004528035006268954,0
0.01287982171084854,1
0.0156536503601458,1
0.01696660999438277,1
0.02012065626026589,1
0.016344762464174312,1
0.05350706221484467,1
0.033489020882791216,1
0.006318464474067344,0
0.003747826619545696,0
0.0018875838290211661,0
0.0011883995990522305,0
0.0010783492260842606,0
0.003361137777512863,0
0.004241568806498003,0
0.008783428739131037,0
0.009327234646839029,1
0.011596007890827728,1
0.009998388524050926,1
0.010812032495559957,1
0.00765881330943017,1
0.011013949200684669,0
0.014465240599552577,0
0.0037416253513051266,0
0.001079122680596876,0
0.0036644326163747117,0
0.0005924457393665449,0
0.0013113664240233921,0
0.0010744504103466865,0
0.0010707296723877532,0
0.0010150121004076596,0
0.0028802265694316586,0
0.009209828944522777,0
0.016531223750643576,1
0.011105393235666,1
0.010659023774497813,1
0.008813909432914283,1
0.0036682883192050817,1
0.015047918232197028,0
0.0018097664296749432,0
0.0009650428728495813,0
0.0007638713211278629,0
0.0007497034640960882,0
0.0014391502374077564,0
0.0006606183151308023,0
0.0008681958657293423,0
0.0009922911942015628,0
0.0012561899128365626,0
0.0015989763545268191,0
0.0034206699310687237,0
0.01993575425080689,1
0.022875639215852964,1
0.017430085649766752,1
0.01885222970167252,1
0.00702055640969539,1
0.0021852306476788626,0
0.0014670472479485844,0
0.0010214787668380355,0
0.0009535620931888338,0
0.003373522494609668,0
0.0017984990488340775,0
0.0004922848462280341,0
0.0014622508258080361,0
0.009322625656024607,0
0.001243861092280866,0
0.001417776812864464,0
0.010508830501170791,1
0.015275393834863886,1
0.01740091791275092,1
0.01701164663059542,1
0.010347035155694203,1
0.003321940563847096,1
0.01749158553508036,1
0.004671512109671442,0
0.00121117796816935,0
0.0009766497857762748,0
0.0007428077263981567,0
0.0006435663013948046,0
0.0004575486236001215,0
0.0005201645919577587,0
0.0014424118473557095,0
0.0006458171566471446,0
0.00694665014165405,0
0.013557528821374879,1
0.022637371346075855,1
0.008231948159301854,1
0.01187982386156921,1
0.005878304848551672,1
0.0015477948158734178,1
0.002597314649667314,0
0.0007772384249325622,0
0.0007049457685290504,0
0.0007552382617718968,0
0.00067580078370931,0
0.001121445479872531,0
0.0009275502156219017,0
0.0010859695482777498,0
0.0014066234507760446,0
0.0023769595629405467,0
0.005757948357785741,1
0.019471921242151857,1
0.017156545886070882,1
0.00794040279998947,1
0.005744059207283406,1
0.003126970153227945,1
0.0050862961254704055,1
0.0016760839584214094,0
0.0011593917340211007,0
0.0019003251983505409,0
0.0017023462900066003,0
0.0012866265122210142,0
0.001487517160663968,0
0.002560633739563877,0
0.0018318470540395692,0
0.006050585314507547,0
0.0048597592827811795,0
0.019711855733899237,0
0.025555659252177138,1
0.014472171647163256,1
0.02134838807699537,1
0.0129044091599906,1
0.0025039195298795507,0
0.0018763259227365153,0
0.0005597444647343234,0
0.0005603155315966025,0
0.00030636131401443035,0
0.00038739414051168,0
0.000675697463672739,0
0.0006229889525818768,0
0.0012559242342127302,0
0.0006812249985813571,0
0.0019619005934257716,0
0.012241482664936092,0
0.012589972792118436,1
0.051107948063585804,1
0.020137942476206,1
0.017999396020440147,1
0.009348622255249253,1
0.006120516856570486,0
0.009426253139473968,0
0.004138562951466315,0
0.0010814334676230806,0
0.0015626656898033338,0
0.0005518162248557282,0
0.0008544137618535569,0
0.0005641778645028313,0
0.0010371368044360173,0
0.0010729369242496755,0
0.0025460180126423973,0
0.003718657902062338,0
0.022761682557424456,1
0.020288501429959225,1
0.016537028077964814,1
0.014331320321408148,1
0.00524453619233658,1
0.002652256919170459,1
0.002402396293289252,0
0.0011588103640350412,0
0.0015251464077973619,0
0.0036204444807166696,0
0.0017109189329174723,0
0.001659238924222438,0
0.0010616951107924658,0
0.00212030028296474,0
0.0016721958459306708,0
0.0016709752951664873,0
0.0022043527035052078,0
0.005043611607648715,0
0.016409708499404745,1
0.030160960039404522,1
0.07669497712597556,1
0.06602715695289878,1
0.03290943948915078,1
0.020819884950235477,1
0.02211942531895803,0
0.010033413812285405,0
0.003949286376419903,0
0.003431679040768099,0
0.006269878081057554,0
0.002798067494308166,0
0.0033784318499583735,0
0.0040196142985844535,0
0.005958290041854012,0
0.009674920927735612,0
0.040800252572652275,1
0.08473874260389148,1
0.0981504179985546,1
0.023526376423731205,1
0.012620866368556673,1
0.042723995917154346,1
0.006121766436245721,0
0.0049243935185678085,0
0.003732594810150742,0
0.0035041203648978007,0
0.003519727093130289,0
0.0037812417943122304,0
0.004279684645809029,0
0.005209822190045157,0
0.006346236716147113,0
0.017420515718683798,1
0.01923198267907097,1
0.09299610736156652,1
0.0739073421027429,1
0.06244629060438409,1
0.014799366824944477,1
0.022158900290910163,1
0.013483701889765472,1
0.004200962499836238,0
0.0032597402025820836,0
0.0026632630714226416,0
0.002280846891633761,0
0.0029198165122687548,0
0.0020481839134867527,0
0.002258109268207611,0
0.005336377366230201,0
0.0092896272695935,1
0.04586959421951794,1
0.06921316237758603,1
0.09336560461820789,1
0.05163942034927506,1
0.024977873207740503,1
0.013651271704383433,1
0.019467496720557566,1
0.03197223689052313,0
0.03104447612693923,0
0.026598313182685754,0
0.024451940423908147,0
0.02924449786961945,0
0.026406230587694236,0
0.026396724340069976,0
0.021080636647961212,0
0.02918330570895364,0
0.01964734006588182,0
0.02533932202461919,1
0.06984916767439407,1
0.04237342169954491,1
0.08742016667054286,1
0.08492010006461559,1
0.05229304965863167,0
0.025526576820584974,0
0.03969551794093373,0
0.029855011760368106,0
0.040198959180229615,0
0.038712985263537024,0
0.03114032628428124,0
0.008996009461843738,0
0.006282489671501484,1
0.013734539757266127,1
0.09375123150484586,1
0.03720736378415929,1
0.019761868576605782,1
0.07911797596982603,1
0.07919068933456953,0
0.06618395882196977,0
0.04542984944602648,0
0.04801068944725069,0
0.030737591755699938,0
0.023247772137062753,0
0.021606589055672996,0
0.039786273608592035,0
0.026796602817800212,0
0.030029544369513994,0
0.01958885255898213,0
0.019088852956928155,1
0.04858761155860053,1
0.04771498725620321,1
0.038063907688086075,1
0.03450492514316068,1
0.04564511335918709,1
0.07863016868211688,1
0.03552627191026572,0
0.03854779693330739,0
0.03851571148356464,0
0.03341985230947421,0
0.02258697937132559,0
0.04227292002408314,0
0.027622266851417825,0
0.03489720376954913,0
0.0076321598562517565,0
0.008822240771117339,1
0.028174335043475347,1
0.06375651798682469,1
0.05619363822436747,1
0.013364755087866527,1
0.04708146952159675,1
0.0556246008606394,0
0.044128821427841226,0
0.044144461333648695,0
0.030446364801199978,0
0.027165897337495103,0
0.027301500033362763,0
0.030884138548921233,0
0.03173700325187302,0
0.027472449797805647,0
0.008492471007423955,0
0.028951177374227522,0
0.06430180217655583,1
0.06633809905816525,1
0.030406320110310442,1
0.06486010035362216,1
0.0392306582835708,0
0.027532909506001027,0
0.026912768094165748,0
0.01639741263032489,0
0.015645068771580707,0
0.015970289216488166,0
0.007570157433657215,0
0.008185291242381553,0
0.009373170821416211,0
0.021624189751384106,0
0.03005863504716859,1
0.09158898087040056,1
0.07679355798417804,1
0.024559925190821903,1
0.01683183049162765,1
0.037530288854813174,1
0.02193444306631325,0
0.021877330918918116,0
0.036587025126520595,0
0.026158667320979996,0
0.01605401285985331,0
0.015555205839247525,0
0.0032435562922533316,0
0.0010197947487080772,0
0.0007109299692350173,0
0.000749403835325642,0
0.003162014035164707,0
0.01348089844658845,0
0.07027528233044573,1
0.040833179224919906,1
0.023449021580902986,1
0.012706910938121315,1
0.04501459138448105,0
0.020464235435327487,0
0.006473820133467837,0
0.014101453885690387,0
0.014098319680167556,0
0.015714494706110613,0
0.014448511789364129,0
0.013238045611520676,0
0.013724246039055102,0
0.01592856739890025,0
0.00498059830326021,0
0.007382214936299352,1
0.03757750704909917,1
0.08171239472954984,1
0.032631766840937305,1
0.014241854192132862,1
0.014371956466211052,1
0.010522662998932808,0
0.0026205200952266238,0
0.015087307211736201,0
0.0550869804330413,0
0.03726864808475216,0
0.025587401268778637,0
0.03252005230029576,0
0.018471421207058313,0
0.01447105475115245,0
0.02211018910445229,0
0.009121413711243958,0
0.01743994158827699,0
0.08581412491258882,1
0.08958562558794361,1
0.0330662694506201,1
0.014110788689239743,1
0.01632662705240472,0
0.011221601233808423,0
0.0034726785942853487,0
0.0020516117866838917,0
0.003204603755453636,0
0.011804291141550682,0
0.013210889495695587,0
0.003170605233335535,0
0.0031203584170298327,0
0.004687785411960012,0
0.004973797294922473,0
0.006367950670315415,1
0.01983358065949508,1
0.07643726086224817,1
0.07844935213772229,1
0.016356416816585298,1
0.00780220388411883,1
0.01012899243959826,1
0.0273025436754975,0
0.004219153965308441,0
0.0027466408272221695,0
0.001979409365760542,0
0.0020850564757852064,0
0.0017884272530022866,0
0.0022392629044930812,0
0.0029717696042014983,0
0.003481392742656644,0
0.004350762588681805,0
0.006001432124014708,1
0.017106669826570383,1
0.0964496710977103,1
0.056664989774517956,1
0.009822836420420974,1
0.010182423321556127,1
0.007336017772088394,0
0.00526083341663569,0
0.0018721666316435872,0
0.0009928342379433657,0
0.000728856177967072,0
0.00042900239958219524,0
0.0006455662358875499,0
0.00031717382384091093,0
0.0008091114372177723,0
0.001056885044593328,0
0.0028393725870584164,1
0.004810335499743122,1
0.01824796177835712,1
0.0816973739362507,1
0.043958020320770015,1
0.019085233780531816,1
0.010287429007424307,1
0.0057052597618126805,0
0.0016936515815366823,0
0.0011323540330139307,0
0.0011934641028499302,0
0.0015079412755970212,0
0.0017016999337537287,0
0.005969900684109999,0
0.0032520166241163913,0
0.0033794553538165194,0
0.00398570715557761,0
0.005386698558086238,0
0.044358661667967605,0
0.07518026953406236,1
0.023347390202695693,1
0.012002275730397366,1
0.007046622738973728,0
0.006758567582395517,0
0.0031721383072654164,0
0.0024803102408381852,0
0.0020872233869502284,0
0.0018406051270986978,0
0.002097856119583788,0
0.0023660023265793966,0
0.002701923881244307,0
0.003461952196723326,0
0.004464205710915105,0
0.010605444658355799,1
0.022078229580825386,1
0.06878133472387576,1
0.09600722148969885,1
0.02869700230297495,1
0.016220040267906136,1
0.012403546647926412,1
0.011717174455024926,1
0.007903273272199774,0
0.0034202273574863605,0
0.003025285705434811,0
0.002313167373483098,0
0.0022172721017764915,0
0.002426868441875318,0
0.0025632964194511375,0
0.0036643724369034812,0
0.006477532470374508,0
0.009307855126931159,1
0.010321048335394113,1
0.0986762906194855,1
0.02150084108270393,1
0.010016969330995051,1
0.008200917848684422,1
0.0030086632095506715,0
0.0019823472568076465,0
0.0014397139237876597,0
0.0010809034468397087,0
0.0019448463841756451,0
0.0006476475810223637,0
0.0009566497935728308,0
0.0009051980092366385,0
0.002063744042638904,0
0.0017870778653648791,0
0.002565004923015777,1
0.0030955540331561904,1
0.05028129591349903,1
0.09559802420050414,1
0.013424879919322917,1
0.022130056327183338,1
0.003400861056390313,1
0.004548393943363138,0
0.001439723271968773,0
0.0007068434393578219,0
0.00047471645954944085,0
0.0004043123071418073,0
0.000934848073252388,0
0.0009048049025681946,0
0.0008460948487971225,0
0.001098607255632447,0
0.0026677962561259174,0
0.0033408249203714527,0
0.002859672547421079,0
0.006261925150096755,0
0.03923024354947217,1
0.08236836744234044,1
0.07056238143382229,1
0.02749263846622995,1
0.005027601711078869,0
0.0072541473226667135,0
0.0025852620312707703,0
0.0019408438045786479,0
0.0016277072750182414,0
0.0014336096531831009,0
0.001345281283716562,0
0.0013559064440922322,0
0.0014880015952349298,0
0.0029281485558494053,0
0.00805377697262542,0
0.014370887669511062,0
0.05160516143265705,1
0.08229678383103,1
0.0532948317319783,1
0.018157758122649057,1
0.003259324942492863,1
0.0032010209043682584,0
0.009652169411795766,0
0.0017028440026080323,0
0.0013078834179908183,0
0.001378537046967979,0
0.0015803757547854817,0
0.001923664697788711,0
0.0025074090612942756,0
0.003112882275169378,0
0.003977867961864205,0
0.012366739516926097,0
0.009010043909709494,1
0.05748161318339021,1
0.05782846173623584,1
0.045668487122043036,1
0.015060036975283799,0
0.019294848480292982,0
0.0057942324096164535,0
0.0019691310647985587,0
0.001638643304608183,0
0.0013848070546180675,0
0.0012290105431374428,0
0.00115948108389175,0
0.00116952361732124,0
0.0013227918495553096,0
0.0014496971455474233,0
0.004981741466684739,0
0.012826478199610847,1
0.03882817768076465,1
0.06698640023216744,1
0.03987287143166303,1
0.007387285030351641,1
0.001683709971803022,0
0.001540882567922635,0
0.00111107751317118,0
0.0009837669769246222,0
0.0009581824133665472,0
0.0010397517987874917,0
0.0012982534253674156,0
0.0014793048138360288,0
0.001871111136509489,0
0.002375460319480409,0
0.0063534452345629395,0
0.011691753618891286,1
0.009250997993926867,1
0.07864613552159005,1
0.08083269719599266,1
0.00891305444127917,1
0.004642241980899137,0
0.005872342450120918,0
0.006285700031299875,0
0.001399271888227046,0
0.0011251801538655715,0
0.0010783310773988916,0
0.0011544268114166715,0
0.002932500235963753,0
0.033927112134482816,0
0.04299730405852093,0
0.008773287290090503,0
0.026165992360933303,0
0.01789346482326448,1
0.06782021640460864,1
0.07300968659662387,1
0.03234008467403433,1
0.0024358420358812365,1
0.004962195925541432,0
0.007368263974595824,0
0.0013883736595259378,0
0.0009824634561685214,0
0.0010646899694756642,0
0.0012813840995986071,0
0.0016943803844284868,0
0.0023279809877417897,0
0.0028073703633648213,0
0.0043705475016072035,0
0.007788849960636398,1
0.010031966776216518,1
0.06423620804416101,1
0.08728183311457306,1
0.06702800437649181,1
0.04829655379689639,1
0.00945219526507643,1
0.00404006606522843,0
0.00333267161157466,0
0.0028856417408673982,0
0.002586714161542307,0
0.0023265988078487493,0
0.001180750250618432,0
0.0012207075804599396,0
0.0011473821340983019,0
0.0018394865454494029,0
0.0030896736592811946,0
0.009449555279999486,0
0.006828149518195907,1
0.06932367609963687,1
0.07104633877837362,1
0.06839180198347451,1
0.020920535147830932,1
0.0048886317716554705,0
0.050751054259442145,0
0.02992231575724791,0
0.025026003326734523,0
0.021046363428732763,0
0.01612664965354522,0
0.023600856461216665,0
0.02019761077805424,0
0.017364586349014534,0
0.01777786326572772,0
0.008063472072543449,0
0.0069498408436869455,1
0.021586165382807245,1
0.04343841745045879,1
0.05114882794609282,1
0.01811780017733901,1
0.011062121358709256,0
0.03087713233061263,0
0.02539131410779427,0
0.019890045581424754,0
0.035152507033041146,0
0.006285836377419828,0
0.00708379032058567,0
0.002675540481826534,0
0.0020140695709612777,0
0.012959608835533688,0
0.01270906762190916,1
0.013798334793607734,1
0.08657351547748604,1
0.07011122448556513,1
0.054091677872231195,1
0.022515462204536076,1
0.015810026690840372,1
0.005080570574775916,0
0.026922148746828554,0
0.0027718170943740296,0
0.0010307072738346085,0
0.0011110409118615346,0
0.0015585863969875655,0
0.003731462426585439,0
0.0017389854217896483,0
0.002101059424585621,0
0.006207129915149645,0
0.010094080916133612,1
0.014960714658107329,1
0.07379035148041554,1
0.005847511884755091,1
0.01075749197334203,1
0.015180661853188173,1
0.026851495583232448,0
0.0019127280858158965,0
0.0008269116149750236,0
0.0006303295313469864,0
0.0009271183227551306,0
0.00030397484801328,0
0.0018014543429712563,0
0.0004107398658367031,0
0.0008740868546241139,0
0.00884793101397974,1
0.014519321066849796,1
0.03823096742581364,1
0.07676138041278581,1
0.008033979613390948,1
0.009432764006938633,1
0.015956765073769055,1
0.009187483255171014,1
0.005491247858321186,1
0.0002593681370367144,0
0.0002707550759377975,0
0.0005632370265175057,0
0.0009237878653245876,0
0.0012964071858009272,0
0.0018037320999737586,0
0.0024315412662218837,0
0.0063366378317282175,0
0.02457552792925451,1
0.023968728897405707,1
0.08332148792354074,1
0.017269334111607883,1
0.014871910671248541,1
0.008024783576830499,1
0.0118048543545537,0
0.009133635682218299,0
0.005290257091467653,0
0.0036275387065666373,0
0.003205721039677013,0
0.004719714496383703,0
0.003721916684703929,0
0.004550093397803889,0
0.0053873364896130874,0
0.007522584416244993,0
0.00805377645547848,0
0.06457211457797754,1
0.07284936736493886,1
0.011209178372337232,1
0.01310069153240983,1
0.022830569945117965,1
0.018273463356288936,1
0.01585099063154588,0
0.015347869328832042,0
0.013263392690067162,0
0.01781799495420251,0
0.012230415216343557,0
0.014919186854899796,0
0.028966142254178297,0
0.024149878508129198,0
0.014169435770522511,0
0.027111001152458496,1
0.02770890269721839,1
0.07415316124175307,1
0.06760945255157398,1
0.03280262566974514,1
0.011515022080016663,1
0.0067125295165795865,1
0.00460012488805041,1
0.008439618414642674,1
0.0013858719082947535,0
0.001628558277860428,0
0.009223934709837608,0
0.004718369880118274,0
0.010519304435194972,0
0.017821903098290365,0
0.013824055417763216,0
0.008687355194704446,0
0.013316056717076086,1
0.05522262006985555,1
0.06393980220697888,1
0.04151596629019446,1
0.044893533375328545,1
0.03747640182964184,1
0.03310247675890244,1
0.002021750263287023,1
0.010910806990011991,0
0.0008911529207441275,0
0.0029077207292627495,0
0.0010091262937872746,0
0.0002955900866382612,0
0.0011135549444519083,0
0.002773557168573537,0
0.002054463470070945,0
0.013585646128115643,0
0.015794564401270784,1
0.05479147190601569,1
0.09396482287553268,1
0.06183553421737417,1
0.030174707514023527,1
0.032862671066629025,1
0.02723615597121324,1
0.007344329181920569,0
0.006230428540191012,0
0.0015673506441377019,0
0.004633149741511636,0
0.0024122172682218925,0
0.0024330981124882885,0
0.001362861372098145,0
0.0038596426747698025,0
0.0025772188070218613,0
0.01456025110781394,0
0.020477995117724444,1
0.020696838830915616,1
0.07969643362490746,1
0.049358352726930996,1
0.016935059337488928,1
0.020573706164200373,1
0.02645893471766144,0
0.006155590640255396,0
0.0031702622726411003,0
0.0023997149407330807,0
0.002014485003951001,0
0.0040951069531450675,0
0.0025166496208251735,0
0.002133115135549878,0
0.002353450194068485,0
0.0028379659569580423,0
0.004856800885438268,0
0.01102950733761617,1
0.036244135824483756,1
0.07511068321081203,1
0.038659355199798746,1
0.01526981633935378,1
0.010075482130289436,1
0.013411337920940092,0
0.0055189132541781346,0
0.0026082081470963823,0
0.0023011869818984738,0
0.002838885520729738,0
0.002139938976262583,0
0.0021904323098294615,0
0.0026767766679338992,0
0.004686310429928639,0
0.011792870432690061,0
0.01605276565115832,1
0.031247071291300076,1
0.04607140752645063,1
0.04659322481198461,1
0.026057584228591505,1
0.015131720199103568,1
0.010288587857792754,1
0.008558366754991815,0
0.0036820193628691223,0
0.006139472528488134,0
0.0035978401769803632,0
0.0021006521590155145,0
0.0022772134011605724,0
0.004545846611995738,0
0.0033781997154217936,0
0.003088685912450614,0
0.004588812889878069,0
0.0165974457898075,1
0.010598414281622413,1
0.026119132937666958,1
0.030730962623606927,1
0.026067904223615317,1
0.0478875802977066,1
0.02992613277457553,1
0.03397154191560566,1
0.07671777573943248,1
0.02806237656414568,1
0.009425457988618996,0
0.006007175208402119,0
0.006927153518714693,0
0.005197582322566573,0
0.003961766042751181,0
0.004854501126719266,0
0.022117795936296415,0
0.021704094810022542,1
0.034054519061468475,1
0.07103487843664412,1
0.05735126076864269,1
0.02130397213084052,1
0.012097291596581036,1
0.010941095809378246,0
0.012507048277274401,0
0.022396035596863137,0
0.0016968667422300097,0
0.0015925068215617531,0
0.004021957367750691,0
0.0014151880465430463,0
0.0006092065904174178,0
0.0006938075797707982,0
0.001896060723219684,0
0.003316507179015456,0
0.030289668347944127,0
0.025504380692581975,1
0.05229451052551071,1
0.035562133305265246,1
0.008310870189315964,1
0.023054429398231678,1
0.013708618616569367,1
0.005538807978893301,0
0.0042179808540986135,0
0.0033450979347466932,0
0.014480042410434565,0
0.01856118584338117,0
0.021992336554652724,0
0.03339713217121465,0
0.011443784626352628,0
0.036906687338315564,0
0.09813639405828953,1
0.0845818874496109,1
0.03545479738913148,1
0.05289760890912091,1
0.018737383012682553,1
0.021342539081624517,0
0.016911881793148748,0
0.014342023289053077,0
0.011396011295565781,0
0.011668996392567665,0
0.02238395518902016,0
0.014042757214109938,0
0.006811456349025626,0
0.010158158852043199,0
0.01047770169251857,0
0.012803689109781313,0
0.03750842802440585,1
0.05810736176086416,1
0.05316233238309298,1
0.03545952023601096,1
0.01197426627972054,1
0.005837526122071024,1
0.007798844571714565,0
0.026830477810512454,0
0.010388203258349053,0
0.014742953875291218,0
0.013883426022712055,0
0.014891165201319544,0
0.00923289456145757,0
0.004091476143660502,0
0.005038187923232371,0
0.005920852634185975,0
0.01215466152899547,0
0.020294205748678424,1
0.06676433104751434,1
0.05073063964262547,1
0.02868884412943365,1
0.012530968464659923,1
0.015429510878946123,1
0.013744530707258899,0
0.01695607448643425,0
0.011487283510954424,0
0.008670854367671515,0
0.011071146789710915,0
0.01074691565408205,0
0.0075695836303174046,0
0.00385592401069721,0
0.003288037546111395,0
0.010242295756748924,0
0.019504269161446514,1
0.02937269958563682,1
0.056920020857250106,1
0.029893898443176206,1
0.031610889229807766,1
0.022632815876733305,1
0.009381418964490395,0
0.009409231335807367,0
0.010586909447904528,0
0.01028207515219488,0
0.011094968691810588,0
0.010110408108071406,0
0.013484190767671766,0
0.010961410089815868,0
0.007679061075404253,0
0.007285808285730194,0
0.021887444574819507,0
0.012969923286244283,1
0.08879175518493664,1
0.043573123607135,1
0.029664089685194173,1
0.013225206685342111,1
0.012347952988800473,1
0.0028658293495122324,0
0.007846709051535906,0
0.0012966378298442866,0
0.002742126945748554,0
0.0007554919053531013,0
0.0008327353998834361,0
0.0017774661712129717,0
0.002395753893984684,0
0.0023048224001910476,0
0.003218455992387455,0
0.01409312531493433,0
0.018335447175677633,1
0.05355808829775795,1
0.024954362642143235,1
0.027310176948611077,1
0.012263251925351692,1
0.00968197695374102,1
0.01474543205322772,0
0.010195929061172887,0
0.011625209209026962,0
0.012715735000354651,0
0.031240530562197406,0
0.03420736672470101,0
0.02232994066131075,0
0.03673372415696914,0
0.011173548920685726,0
0.006336923945808081,0
0.0058245715237044485,0
0.0045433461494922426,0
0.013857775247374653,0
0.04184210134193541,0
0.049099749366881204,1
0.03380086799997787,1
0.02253006861934269,1
0.009175043780458485,1
0.00327886357001021,0
0.003757610156309613,0
0.0052009240842264635,0
0.004271190350210892,0
0.003258693589919448,0
0.003666048329821022,0
0.007173906251698198,0
0.003885287509035969,0
0.007332283062900761,0
0.006455983583399953,0
0.028231710037303827,1
0.06775322799480792,1
0.04886028431284601,1
0.036182409609520266,1
0.01395160722876553,1
0.008488365845622662,0
0.0043360505063932304,0
0.004320775006648808,0
0.003868761881218374,0
0.005404421600686185,0
0.008663554179231947,0
0.00778332775810317,0
0.007538005774437169,0
0.007629717886898204,0
0.006410623431736164,0
0.006601455315805736,0
0.009999026305666875,1
0.01809723738438875,1
0.028670284054699638,1
0.04128345816929261,1
0.04222653532205887,1
0.03290836709413434,0
0.022842671084433323,0
0.031650878159474524,0
0.031486262611183924,0
0.027476407304944196,0
0.026227211563905246,0
0.024226862995729657,0
0.017248468204621663,0
0.026853631787514157,0
0.026214194167963098,0
0.024599721271297025,0
0.02503553950976888,0
0.02682864401137085,0
0.01627312933917996,1
0.03088678617182615,1
0.05553625301792128,1
0.04131450540759171,1
0.031138945915758765,0
0.016882346114221528,0
0.02316602386568045,0
0.032614769180850656,0
0.03413329359783987,0
0.026007937847297657,0
0.0330758417537261,0
0.030012616411414852,0
0.02848709549132785,0
0.027212144064818686,0
0.03121338172050491,0
0.037193684991180954,0
0.011093537144707679,1
0.021624265175556996,1
0.019562549794107587,1
0.0323550044737471,1
0.02493224514313478,0
0.028197474553173132,0
0.02234245119664344,0
0.02864587272565685,0
0.023705157354961433,0
0.026631980539574204,0
0.017891711577913208,0
0.020772324710177686,0
0.03147459020496444,0
0.022367753890556123,0
0.026099603243276155,0
0.02206590390999322,0
0.015593106290079003,0
0.019582171896061134,1
0.02525814602563218,1
0.03154381046365949,1
0.02937693962580447,0
0.032036649193172326,0
0.03194543481753005,0
0.02802538181868834,0
0.032126319138189155,0
0.032132764279503755,0
0.014804813421685662,0
0.030468477266385588,0
0.02166303537023332,0
0.024980420595308975,0
0.0259520027833977,0
0.022596607156072576,0
0.029935251234339634,0
0.02974955415690887,1
0.01720706110259926,1
0.02267133916671002,1
0.030658127802269695,1
0.027965104330557683,0
0.018281541216703563,0
0.020540622300379376,0
0.006651483819627444,0
0.011221800543275443,0
0.009747437924158935,0
0.01246416726652134,0
0.010161441143326705,0
0.008434068171550246,0
0.011833433170881877,0
0.0292817488807035,0
0.021368935751476845,0
0.02473756877038598,0
0.019727140914268523,0
0.02148705260548952,1
0.025588011738527164,1
0.0356064243371857,1
0.031512657005973714,1
0.019976505326860548,0
0.011134425636024462,0
0.01699735748280127,0
0.020399553939877847,0
0.017617197495982194,0
0.01401044495304732,0
0.014014037139912401,0
0.017032629161797774,0
0.014741855582837094,0
0.012089578061364062,0
0.02062255745616352,0
0.011218392141362075,1
0.019058521517611487,1
0.02619023687264503,1
0.027287278541778617,1
0.020819828875443973,1
0.04125964526150646,1
0.015502256337043543,0
0.018012437627817207,0
0.01683387013471856,0
0.014832558777122095,0
0.015592193046627869,0
0.017808138329389978,0
0.010567467981874495,0
0.015768648430633185,0
0.014867515242394613,0
0.014241304747986697,0
0.015381993904950689,0
0.00936462994471089,0
0.016276049155146126,1
0.05619903629454091,1
0.04454486701656232,1
0.028321376403453124,0
0.02318019282440712,0
0.030051536154405225,0
0.010301212145894821,0
0.04128355455598187,0
0.03236008561032553,0
0.034353701978056955,0
0.024997305086948807,0
0.03784930146565752,0
0.036678776630966345,0
0.02252667108233141,0
0.03259852272069895,0
0.045496790527602526,0
0.03349917426594324,1
0.03380005926467916,1
0.03280995974038006,1
0.03946069582480053,1
0.041894155129658286,0
0.02670418386043188,0
0.020999636176941935,0
0.036748770207644055,0
0.030974042745999388,0
0.028888045254855103,0
0.0315186846289768,0
0.03132736948871757,0
0.03196539396941841,0
0.03219072186180564,0
0.02200951187558106,0
0.02610199421591093,0
0.0334333396942274,0
0.0735808603319513,1
0.09821244427996953,1
0.04151165441227725,1
0.03459384658958666,1
0.026095868062756756,1
0.013901833578397369,1
0.003303183190607185,0
0.004700654964255731,0
0.002925041374047589,0
0.0015873951013409043,0
0.003308971949752399,0
0.002515563293228415,0
0.005499479630611692,0
0.0032187562747307778,0
0.004347390644211014,0
0.003911732978023778,0
0.0109908264910849,0
0.0669267242933406,1
0.06760524212555104,1
0.059593611251827924,1
0.021811214391752504,1
0.007454536483731026,0
0.002769752305388524,0
0.002945105509004393,0
0.002842817405263697,0
0.003803817540514626,0
0.001291598031076938,0
0.0017896645223816825,0
0.005224142478948083,0
0.004301853756742019,0
0.002907057739487472,0
0.0029410951703131394,0
0.006880879669749544,0
0.032964650861621175,1
0.07533495569158018,1
0.031525057286918665,1
0.05387330881038102,1
0.03542776089066323,1
0.03231579702729933,0
0.029817350447977082,0
0.029822316376657453,0
0.024468679480763564,0
0.031008428405184887,0
0.030108860476968174,0
0.023890279833384508,0
0.03303002995243215,0
0.018684742792470982,0
0.02582453853736113,0
0.013370338162014581,0
0.018726153434165796,1
0.05162522111732251,1
0.07422245800795742,1
0.04166169817592957,1
0.032739943496142856,1
0.025019457886494335,1
0.003743675124543562,0
0.004496622760816499,0
0.012760723570331003,0
0.01614631897658615,0
0.014579592603397208,0
0.008822050559808224,0
0.016159035158727554,0
0.011944419702020922,0
0.010221077374331367,0
0.011222149705931836,0
0.011573456427313493,0
0.013731225742942171,0
0.07413636912714706,1
0.059666907053232646,1
0.03673717605319496,1
0.04506624468216954,1
0.027170300957663096,1
0.017965832433614416,1
0.03628995783954395,0
0.013374069854546368,0
0.0156875593687158,0
0.012104957736387353,0
0.013117529923563864,0
0.014030828625208745,0
0.008098348414203111,0
0.010465346611470498,0
0.011619035245420501,0
0.019080406143194586,0
0.03278395327111978,1
0.06333837470792962,1
0.046270503042747754,1
0.04481442751523264,1
0.030144350441536197,1
0.012225956871458136,1
0.0069338184753537395,0
0.00413958357922304,0
0.0030729882513140868,0
0.0035110563444018506,0
0.0038063222812937856,0
0.003505504828581723,0
0.0035251586144128553,0
0.0034577639415326357,0
0.0026813602760600947,0
0.0031639904598505858,0
0.0073831451801654015,0
0.06050249586483691,1
0.0558718402154261,1
0.05540160611344771,1
0.03632223704746957,1
0.025008043131628518,1
0.0057748976107378,0
0.0030718573452326457,0
0.0022576971623051783,0
0.003285050764969801,0
0.0029130151933108987,0
0.0060407119904956905,0
0.014268138894653067,0
0.008684525856900877,0
0.007239956261957759,0
0.005799758312270912,0
0.006511033958810002,0
0.004975639433009609,0
0.005274518371473652,0
0.056509241699332635,0
0.08801939426697818,1
0.04123216781704747,1
0.012628837993114662,1
0.0024724651013117113,0
0.002521331307331241,0
0.007903226967366525,0
0.014419553484567919,0
0.00950989995163561,0
0.017488724225781703,0
0.015873977674521828,0
0.018618468974573865,0
0.02154843535334768,0
0.016330798437619667,0
0.02785180257817292,0
0.06922348389361749,1
0.07336923885357136,1
0.06014306779533404,1
0.058562178578789134,1
0.043900085820603535,1
0.030804585964475162,0
0.013336817897233129,0
0.012488456706102824,0
0.012365916463878465,0
0.012115172563862272,0
0.013109677919160151,0
0.01337128923848426,0
0.015705550237434838,0
0.012694047862485206,0
0.011042375992651803,0
0.012958245462875786,0
0.034215656219710656,0
0.04932330232276322,1
0.07687240488164479,1
0.06856791583233847,1
0.0469352776769356,1
0.022814171289223292,1
0.008522497319816687,1
0.0015419354111179588,1
0.0008466128990505646,0
0.0008243095031384304,0
0.0005732731402596673,0
0.002145164705624862,0
0.001546168836917775,0
0.0038031947035746883,0
0.002224507782802742,0
0.0028889609556239943,0
0.005125541600902543,0
0.012660360539659911,0
0.06848352837380928,1
0.03804477102991168,1
0.08897897475163942,1
0.06413580133418198,1
0.07251523588337837,1
0.030628280490048312,1
0.023740022713262334,0
0.011581000809709453,0
0.017662751279974704,0
0.012925841413715066,0
0.01712401945902576,0
0.013803086593582797,0
0.013596968178819117,0
0.012011682937750843,0
0.016258322559862638,0
0.012352189553319572,0
0.07244462217238498,1
0.046554095291624555,1
0.07876269543064268,1
0.05982142850716245,1
0.062227542056034854,1
0.05586311683914315,1
0.014780571525580783,1
0.016600030187287163,1
0.010688159136409445,0
0.008620243508386772,0
0.0081466311042884,0
0.008259470695899303,0
0.00937381744171826,0
0.006734745097908626,0
0.010962903997272188,0
0.005538634873432915,0
0.016497997299521533,0
0.04494971029227331,1
0.0573098957696275,1
0.06609531216507875,1
0.049262942806433604,1
0.04942593368083155,1
0.016666412507475914,1
0.009039272130810839,1
0.010609179259587166,0
0.008800116801993415,0
0.009208158281376418,0
0.012483804219041085,0
0.005990472803550079,0
0.009104530559521975,0
0.010450914271168022,0
0.014460556174382116,0
0.012082139838599015,0
0.025341499242323644,0
0.04844148725806922,1
0.05713372387981481,1
0.061530338101918776,1
0.06062301311238875,1
0.028578374529675345,1
0.023673179915010018,1
0.009781147607551216,0
0.009161965782926027,0
0.006864619995200957,0
0.007081772426358103,0
0.007855957911565728,0
0.008214654178698412,0
0.011904139846815535,0
0.007009484304258849,0
0.0076938135977478945,0
0.029819195989583217,0
0.07175875561646969,1
0.0554429403671148,1
0.06846349887215569,1
0.04179988372669767,1
0.02657146346365458,1
0.039660183142588054,1
0.026110075006536664,1
0.00983016625644717,0
0.011192470744428907,0
0.011226888674556625,0
0.010861769421843461,0
0.007410638178581434,0
0.008635046609641586,0
0.010590410570960837,0
0.0088247187748661,0
0.011645758483768616,0
0.03684753277619923,0
0.07991686817139143,1
0.07185556596341526,1
0.07711082707185739,1
0.04458751249174621,1
0.02456073365437866,1
0.015806759568305753,0
0.015624957188348117,0
0.010698500317569058,0
0.008359083814364364,0
0.009402133673768924,0
0.0089102151215564,0
0.006030663770079748,0
0.008572655048503944,0
0.007717191495590893,0
0.011365279336646075,0
0.012651497316633406,0
0.037342793910386494,1
0.08286258120954575,1
0.054015301283322166,1
0.043049197712134064,1
0.023177513085735808,1
0.007305335332252139,1
0.02089023386523294,1
0.01519563148254998,1
0.01075250203544648,0
0.017283716680769782,0
0.007553632678199892,0
0.006919945959558434,0
0.015021375897046994,0
0.016002618649122086,0
0.013654026946300324,0
0.011545010763835696,0
0.009427493405587956,0
0.06774437270631953,1
0.06865123649873661,1
0.07346345295158349,1
0.035203159795883524,1
0.019171617096399595,1
0.00980343827222428,1
0.013005429660049245,0
0.015356294819196974,0
0.009741291288962358,0
0.009258315997633219,0
0.007026636262966013,0
0.009757783588858482,0
0.005395949754404544,0
0.006510375861176813,0
0.009941466045339336,0
0.014997073490150366,0
0.035454138963402826,0
0.0755823746064815,1
0.06397097741911727,1
0.043742722584221606,1
0.020883857887931956,1
0.01778047530127018,1
0.019598888046175735,0
0.017992687654129886,0
0.02756127186791656,0
0.03800690768658195,0
0.030448364269910596,0
0.016918940134174235,0
0.022331615755206907,0
0.018691615159110116,0
0.039382103872870916,0
0.030343591766516687,0
0.06302276401993409,1
0.02331840862149531,1
0.02053787600510343,1
0.01586049105050699,1
0.0172905444995256,1
0.010759658241267464,0
0.009645292367421258,0
0.010784836714687333,0
0.011143881007331932,0
0.00900411548380029,0
0.006510542319611792,0
0.013034130035989638,0
0.011118269649674186,0
0.017976530284577644,0
0.07663338600018232,1
0.08758582823059555,1
0.03098855903850366,1
0.011138826543535464,1
0.01785843107739478,1
0.015617314838668914,1
0.010367942881511003,0
0.008453482414054747,0
0.014774141378264933,0
0.00778399886157286,0
0.011429613235834121,0
0.011203435952051023,0
0.012579771719837391,0
0.04120148700114488,0
0.09632003529759242,1
0.029102461307944437,1
0.032092923407583615,1
0.02653777198244967,1
0.010875245864103315,1
0.029141111011421084,1
0.0069320318727347984,0
0.00679383760241979,0
0.009880677674144162,0
0.005390651979223787,0
0.006554697042044577,0
0.006903558040752133,0
0.014040954546321358,0
0.012803073561083088,0
0.06966957745816187,1
0.047939801052402815,1
0.033016816500807275,1
0.05444226595172301,1
0.045907205390195965,1
0.04299457957248114,0
0.05256860867487217,0
0.05885065658315178,0
0.03127030902521312,0
0.02982362176659412,0
0.038671703225883355,0
0.02775550900683203,0
0.018346862869407357,1
0.04903644039715792,1
0.06354945655751122,1
0.07858969685380782,1
0.028863298960786876,1
0.014546190405173614,1
0.013470450077254555,1
0.021260489111248428,1
0.015289407264580362,0
0.012137570952389034,0
0.00729511504730296,0
0.010097803884454063,0
0.008843796780910526,0
0.005204696113933821,0
0.006616420679825829,0
0.00790810229126586,0
0.011581574057446425,0
0.038373311195803346,1
0.03519470223870251,1
0.07472157058212546,1
0.08160261644367715,1
0.02855433133775719,1
0.025382047747172128,1
0.007895097538817654,1
0.017286180590840052,1
0.0075823339536988405,0
0.013723568127256258,0
0.017493101082852666,0
0.011374010605695227,0
0.010443321906699974,0
0.007501911640809005,0
0.00792198242246676,0
0.010903670287975427,0
0.016487169253529065,1
0.07813609479422658,1
0.04668242884224844,1
0.028413665896534882,1
0.006237303543862718,1
0.014543731718704128,0
0.013330891118996274,0
0.007575393167319258,0
0.0044668937044396876,0
0.003018264013780458,0
0.003685503827482607,0
0.006232586047973765,0
0.005740094966012663,0
0.004863533586763396,0
0.009134781339204303,0
0.09749692511085527,1
0.08399316877506771,1
0.08092447317522133,1
0.04056551303143944,1
0.03344752829358879,1
0.0409450621870795,1
0.030545645025668488,1
0.010816268449358452,1
0.013218975520493226,0
0.007271985319040282,0
0.004278148721600733,0
0.0022032438433584665,0
0.007754105385588405,0
0.004394324543462879,0
0.01034284382335043,0
0.010716748806101968,0
0.08939663490875749,1
0.06836603574222483,1
0.08724202252030008,1
0.012250216404594276,1
0.0155505708894438,1
0.005833102919044733,1
0.014732618146975645,1
0.010021499197821032,1
0.008633381873775828,0
0.006629775413903766,0
0.004472333623483661,0
0.007944889695616755,0
0.009321202111385414,0
0.0071699058520709805,0
0.01182292741655218,0
0.04849336803594684,0
0.09495401236895024,1
0.03351546227346123,1
0.08436899749660982,1
0.04887321382918872,1
0.031793067929860856,1
0.0237334868702391,1
0.015901544726417936,1
0.024814835521073546,1
0.010024370237804874,0
0.0062635033934232915,0
0.00617446512259908,0
0.006795039298131496,0
0.00436084044622142,0
0.004707531586618526,0
0.006751333232872525,0
0.006093726910003679,0
0.03134112417527004,0
0.052090912433818116,1
0.04815116408483705,1
0.03893742373285131,1
0.04285239504491695,1
0.0071099158062375425,1
0.020529389204957185,1
0.011251608806565169,0
0.009284363619103416,0
0.008308348979409528,0
0.006876154950549626,0
0.012405722112987419,0
0.008061188239844037,0
0.004053759227966178,0
0.0036104003796849984,0
0.002434074915094103,0
0.005382131628986995,0
0.0032289622671584865,0
0.004919553318395364,0
0.0031494002398291658,0
0.01527551560724304,0
0.03853689391865201,1
0.0313160548573071,1
0.045938496898613415,1
0.04062657972334716,1
0.05837709099026904,1
0.03079843206742809,1
0.04833730569798822,1
0.010395811204116586,0
0.004930592205852581,0
0.006122857886257623,0
0.0018186711421709861,0
0.0029738153148865095,0
0.00203584123307108,0
0.005081205474289438,0
0.003642496076620979,0
0.002679963539181627,0
0.005474324487684207,0
0.024157361867054052,0
0.03216175553661655,1
0.07258377725175993,1
0.0634554279029328,1
0.048732047693894255,1
0.027457478587547015,1
0.03143391004071475,1
0.012754015313696736,0
0.015201366087877435,0
0.009678144817341429,0
0.011524891007900741,0
0.009658812096981755,0
0.013750224430942632,0
0.010959385626601207,0
0.010892376110163368,0
0.010400157910854463,0
0.019110978845640482,1
0.028409398692437474,1
0.03310233527199108,1
0.06797994199043844,1
0.03715007606604673,1
0.02821927327756015,1
0.023929495960954332,1
0.03000107132664556,1
0.02052203185350687,0
0.013706016480822408,0
0.016023647861309154,0
0.014498111378806763,0
0.013412028025903739,0
0.017176776217384792,0
0.013408695621239038,0
0.015101340273370902,0
0.014409985949870625,0
0.016171324988820512,0
0.03731545617943551,1
0.028300884030404146,1
0.08096363884483204,1
0.021164544384468055,1
0.023253513347598405,1
0.03338903835983481,1
0.017998885747074797,1
0.018157502198228943,0
0.018063503628037818,0
0.012394351719872007,0
0.01350246423803302,0
0.015854829706659752,0
0.010496643448000359,0
0.009754953973508045,0
0.01096034075720702,0
0.009438327662698682,0
0.022067020242398195,1
0.03181596756262142,1
0.05447276058264834,1
0.05905300633431437,1
0.030883061216109876,1
0.027216388130710426,1
0.0393195808575615,1
0.023856170539712104,1
0.019935757966858588,0
0.017144847498763553,0
0.01573930530094277,0
0.01736485687903901,0
0.01666810256962684,0
0.01508615771590621,0
0.01468732441891098,0
0.013541263334383187,0
0.011091626176388366,0
0.057908302264451525,1
0.035036435733850464,1
0.0663727377467305,1
0.07012333227172173,1
0.02443546639405945,1
0.019696368480839964,1
0.03927044592684781,1
0.012463990129249444,0
0.0191176564068309,0
0.010875620656716704,0
0.005333292624347421,0
0.0171947709257492,0
0.004360025889796342,0
0.007490227992173893,0
0.04591190655754776,0
0.02281619403547445,0
0.009783785003050861,0
0.06747898933698562,1
0.046378320191400056,1
0.08429194429181079,1
0.060082307743132925,1
0.03386944141660063,1
0.028863281141139948,1
0.04613659798509477,1
0.03514219019481594,0
0.03270409274555673,0
0.02124051444718627,0
0.015593053118381788,0
0.01749858381547975,0
0.015440692485377624,0
0.017374500449709437,0
0.01741554442927403,0
0.016057962075717493,0
0.026457829964900415,0
0.09339011885348038,1
0.07694867173546834,1
0.09164631695762555,1
0.03575270115949088,1
0.015821600362802526,1
0.014722435166166085,1
0.005952311871744062,0
0.0051082902421139085,0
0.006986677085935575,0
0.008406471000221917,0
0.008260875969460249,0
0.0050579829460636215,0
0.004476483776187351,0
0.006606297043371703,0
0.007872424574906832,0
0.014987834578456889,1
0.02832337965623749,1
0.061670534196918265,1
0.05554267081345531,1
0.05137883638688857,1
0.031206379527748993,1
0.020308422052539018,1
0.015757223608524624,1
0.01490863976495856,0
0.008439678564743246,0
0.005328192593388491,0
0.006237531500622334,0
0.006475502529204,0
0.006581048940784775,0
0.007748496187997525,0
0.008161830220558997,0
0.030441749095927218,0
0.028428564258862546,1
0.043624622168111075,1
0.06096935653122332,1
0.046163274848860625,1
0.026469748128456223,1
0.013065642801602564,1
0.010110430616115083,1
0.011634809312054278,1
0.009222837879347719,0
0.006600187872760692,0
0.006717480600814206,0
0.007152160795914555,0
0.006275614284451823,0
0.005212555136574113,0
0.0050358842937345,0
0.006867744253271705,0
0.004853758930723665,0
0.00735323446610585,0
0.00823057520151103,0
0.011351562069193402,0
0.0045416294104774066,0
0.006766689298683165,0
0.014857452608239322,0
0.00911540345777437,0
0.007982170993622688,0
0.007304790318279909,0
0.0060105213512960136,0
0.008084105530079629,0
0.007378349926677255,0
0.006140955796508357,0
0.004926567735451202,0
0.008664675040133726,0
0.006493956566461555,0
0.007421386739876974,0
0.0064501123366387525,0
0.030665429286441462,0
0.03006272347062594,0
0.03593541900119974,0
0.024038691379258598,0
0.02369254822443579,0
0.05441181026185444,0
0.07571290060067278,0
0.03437918068358869,0
0.021178100875351418,0
0.014336129841604296,0
0.008094186062290858,0
0.005464599663916236,0
0.01919784290610799,0
0.040587314025071305,0
0.06091515408867448,0
0.013584103814866393,0
0.011936868191603797,0
0.016257335276689062,0
0.017694864666145088,0
0.014727954624589206,0
0.014284446775657067,0
0.05332669672446858,1
0.05246486816185715,1
0.08724151349623722,1
0.0370144510480569,1
0.038125304617775045,0
0.03326689235273849,0
0.03506279706344082,0
0.03640399612439921,0
0.031318541348565404,0
0.02137881444744882,0
0.027415808721453605,0
0.08552358240948225,1
0.059473482465624665,1
0.06765137219406155,1
0.035894646366836216,1
0.03480147914376855,0
0.015984228438836106,0
0.014866904981038953,0
0.012984699836585272,0
0.012638106772191135,0
0.0247565995318644,0
0.03360720310233884,0
0.020859366302915246,0
0.04242399826769072,1
0.04841588952165858,1
0.05880920796646209,1
0.07322936139769294,1
0.01771176366672985,0
0.006064733644364007,0
0.0051966867787683725,0
0.003336507301846674,0
0.008121216039290516,0
0.007391770135770292,0
0.004222494456618218,0
0.005467732821359056,0
0.0068370053032411615,0
0.008511242970071999,0
0.026294762537390073,0
0.05984616399558575,1
0.03963629963639893,1
0.03393827777361672,0
0.013325300137786995,0
0.0059498458135107315,0
0.004597888384894479,0
0.005512683592227049,0
0.007005803434523897,0
0.009099194857273651,0
0.011605471225395915,0
0.01771714662316906,0
0.08173575587890276,1
0.0981490520498853,1
0.09188715036262828,1
0.08138610020401235,1
0.032175028211704,1
0.024063569121797784,1
0.006893850180457095,0
0.005185703436534426,0
0.004549191307483956,0
0.003545890408521094,0
0.0035009058440247055,0
0.00285944647690132,0
0.0035970187453565725,0
0.003653032202983006,0
0.005640145112875292,0
0.013971942851544347,0
0.03451180696889286,1
0.06868926898131471,1
0.05101887559252005,1
0.027478117901796224,1
0.027490211570292376,1
0.006422979634666856,0
0.004571758156581242,0
0.0037768998984058083,0
0.0030161479173575396,0
0.00400201166212075,0
0.0023265205645112107,0
0.0023388874768535887,0
0.0028773151144614894,0
0.0039317014978307845,0
0.03718585182339217,0
0.038795425052665554,1
0.06781557813340701,1
0.09025254453810232,1
0.05414396255681018,1
0.02283377751802586,1
0.0023565100251438436,0
0.0010705620514893772,0
0.0008279765142004775,0
0.0009348219436304063,0
0.0013196756075955587,0
0.0007579156965799233,0
0.0008253192911265667,0
0.001168901136244827,0
0.002465493905797274,0
0.0253180532992231,0
0.07576225447170823,1
0.06417672471710253,1
0.0760695828204034,1
0.05698850178284509,1
0.0735561020170481,1
0.07031970531537442,1
0.008620418576366508,1
0.0016861579589206067,0
0.0018935968919184258,0
0.002956070680538119,0
0.002623759182903671,0
0.0036654334981187442,0
0.0061909973154168465,0
0.0069337969943426515,0
0.02079791517113242,1
0.025210848854157364,1
0.06522810281927165,1
0.08286605629121438,1
0.036637979091422516,1
0.04826515648634336,1
0.02134990393158161,0
0.011442053794046886,0
0.01551513455968215,0
0.010336128709163669,0
0.00527637475277233,0
0.007422186088901406,0
0.007505590638532561,0
0.014684520321289878,0
0.04084844462501607,1
0.08913737939986999,1
0.06210794741583827,1
0.09212724711748928,1
0.049448487094216606,1
0.008371209322614528,0
0.00641724223006534,0
0.0031253299990692592,0
0.007252501724893372,0
0.004973540199280892,0
0.0037372168087410305,0
0.004132968223708313,0
0.0027660089682384438,0
0.005360539973772095,0
0.003932650167910112,0
0.0027462560353708116,0
0.003253827635751961,0
0.0019612528111957322,0
0.002126684035239362,0
0.002399705173052203,0
0.0047567793207483845,0
0.02862729288829134,0
0.00778720274564606,0
0.009382081550007245,0
0.007039641395272659,0
0.004505200526763615,0
0.0022851307415449186,0
0.0027362496380408637,0
0.0024813373943185254,0
0.0019131298736532055,0
0.0017908103719205524,0
0.003186086541017815,0
0.0038537489050993368,0
0.031541795222203385,0
0.03844194225008966,0
0.010043197746582227,0
0.016022212575981742,0
0.025191566523538694,1
0.035899947987220064,1
0.04612784421762275,1
0.018548126359382952,0
0.014094033501615434,0
0.006197978336155074,0
0.005943419797040676,0
0.005903610844085973,0
0.009427567333368069,0
0.007358352385275135,0
0.010032126757196138,0
0.008848281455208584,0
0.012848811152927889,1
0.07294929335836543,1
0.09298493448412724,1
0.09784674939152214,1
0.07279381389945641,1
0.0054615046113494535,0
0.004818392340540103,0
0.003153272669873803,0
0.003663382742172831,0
0.002753998371846529,0
0.00750799729135659,0
0.0031059908972928436,0
0.004200983321960166,0
0.02113322412023684,0
0.05634129601418842,1
0.051904797579756135,1
0.01952651593377167,1
0.054149256386914736,1
0.01074640984432676,0
0.009248606237279088,0
0.008092284455849435,0
0.0062027283098273316,0
0.006249070891818637,0
0.0067457554187824835,0
0.007221768929686161,0
0.00866751091192818,0
0.020214729284570236,1
0.07806163640520994,1
0.09800631715665438,1
0.08180319600004851,1
0.0884097393418327,1
0.0359721793211172,0
0.004002314503756299,0
0.002950832819640144,0
0.0020230824588548715,0
0.001489367206070334,0
0.003952095411279465,0
0.0028023672386263544,0
0.0020328881715857535,0
0.0035388259013570417,0
0.010036898911176352,0
0.06928092627672096,1
0.09399408537665761,1
0.09753828416646766,1
0.09780849234292695,1
0.06796276502172363,1
0.032855910212066936,0
0.029985276927024296,0
0.036702082671750035,0
0.026357848177619124,0
0.03253671154258588,0
0.029953069301623465,0
0.0251672528545882,0
0.021236910967784132,0
0.07770994817694821,1
0.03756026641116423,0
0.01855985874813225,0
0.021625622962189422,0
0.020660365469466743,0
0.017819819860082742,0
0.017367032100586682,0
0.01782739793953575,0
0.015744120076155645,0
0.015010583112927618,0
0.05512232890807742,1
0.07208879026669365,1
0.08199641657023457,1
0.06313977371570323,1
0.08483167447197876,1
0.03968798035580779,0
0.046709550206354054,0
0.03586787591204857,0
0.04249795934398286,0
0.02557167354109542,0
0.03292340352034621,0
0.03214845369008547,0
0.01761298479731334,0
0.015735604415282094,0
0.0278536952202624,1
0.07106033468669973,1
0.08356155061423408,1
0.0987839887606345,1
0.029090092530173136,1
0.07931176956025691,1
0.021098262266024275,1
0.007575197218878383,0
0.006870584797546055,0
0.005782640461889266,0
0.0068548193827260755,0
0.004313757325497059,0
0.004771418591037677,0
0.007976583750322177,0
0.007579897760616054,0
0.009661852483616857,0
0.05856752053447707,1
0.03807581904238358,1
0.06288764378975423,1
0.043640446086772484,1
0.0626313561511865,1
0.05297969426832272,1
0.02395011630635928,0
0.0190490545020429,0
0.0035459281642877365,0
0.0024845638395600673,0
0.004591108355904101,0
0.003631325420480748,0
0.003871184808908631,0
0.006853869465472782,0
0.03555149344863624,1
0.0505533671752754,1
0.08403263603763798,1
0.04747983454721576,1
0.08827653682180586,1
0.09309505663469726,1
0.02818700387241648,0
0.044483283514694716,0
0.030383575098120393,0
0.020456353229856658,0
0.03072791836429919,0
0.035115548994474485,0
0.0349934803714834,0
0.03517808316189486,0
0.03354990023304232,0
0.02273446151577367,0
0.018543685543597047,0
0.016568205728943543,0
0.024213437774334646,0
0.02973523581770338,0
0.030968262047825015,0
0.03128881339596313,0
0.026259432830003277,0
0.03663012942353554,0
0.0338573139363268,0
0.024219597643593795,0
0.029232619993987435,0
0.03539759198273679,0
0.03570433839925181,0
0.03973946002052303,0
0.0196229243332729,0
0.03856888671004588,0
0.035736201869704484,0
0.03109491211438275,0
0.0324739320391126,0
0.042925261345246046,1
0.0652860359565106,1
0.05649107148311067,1
0.07268522122788004,1
0.031876874695853354,0
0.03125102797549503,0
0.021937446847385796,0
0.014599986395246171,0
0.01941788277969202,0
0.015844694003492976,0
0.024109255339917722,0
0.01809449628900108,0
0.04309470897116799,0
0.08932389226599043,1
0.0726756012094971,1
0.07110053631682624,1
0.027846679452487578,1
0.015052804408240262,0
0.00486002825728592,0
0.004769233022344839,0
0.00277064150441054,0
0.0008718958624588662,0
0.0018454873739501615,0
0.0036973613359179815,0
0.004708442608832062,0
0.04964159832206626,0
0.060820275018584495,1
0.0734892012205605,1
0.03903094891465998,0
0.05003709505348174,0
0.03655290614485294,0
0.027648437236624728,0
0.03396772245502312,0
0.03355683256427866,0
0.018763836998554093,0
0.020658370849458745,0
0.021827950558907117,0
0.05987600353131376,1
0.040249620464925376,1
0.018505270935528194,1
0.01997550002551825,0
0.010770468785343561,0
0.009748894710703653,0
0.028303369714133348,0
0.02120790653820342,0
0.011575427790041502,0
0.005648309696932896,0
0.004941194411520039,0
0.031444223695233586,0
0.07970738213880506,1
0.06839687622516666,1
0.055383712180161554,1
0.03317613587005932,1
0.006620489627104216,0
0.0070069556000895965,0
0.006788486753873616,0
0.0037688387390450713,0
0.002889940939062421,0
0.003200344267326863,0
0.00412542041179818,0
0.004923881335075384,0
0.006413379439399856,0
0.02764172001722343,0
0.07598311142648506,1
0.03501190857441831,1
0.07130383657224017,1
0.034198426384129496,1
0.004832939839184173,0
0.003382453300162149,0
0.00586004996404592,0
0.003160597250285335,0
0.004224968096921316,0
0.00527161777196444,0
0.00677180217813352,0
0.00975261657319847,0
0.01924203627813052,0
0.055883544626711544,1
0.07689009321320722,1
0.01012132764334412,0
0.007085682457500757,0
0.0055192086422008275,0
0.0041543559223403415,0
0.0035822411989522023,0
0.005790263285462139,0
0.006059897111455468,0
0.0047110528646284715,0
0.010772173532939557,0
0.07460881662929622,0
0.06377431320719212,1
0.05054852567842003,0
0.017955664538450704,0
0.013650519988906644,0
0.004771225206865729,0
0.013022890255201883,0
0.008889889324928681,0
0.010528285094495332,0
0.0133361709984633,0
0.014811115551135528,0
0.09761168047758845,1
0.08872369841163194,1
0.04028061655527262,1
0.06217972880629242,1
0.008127192660629199,0
0.002655572935415475,0
0.0018584828602355604,0
0.001531948924243254,0
0.0010428321159124685,0
0.001308277122804284,0
0.0016425419064779695,0
0.0023054064294792216,0
0.005606384898544239,0
0.02047974707642357,0
0.08228299585332424,1
0.07258766150184007,1
0.04163893289270589,1
0.07391456202648708,1
0.041814424212872715,0
0.03591073058117018,0
0.027889363643133647,0
0.012034150053252136,0
0.014123714567952595,0
0.009103533077792634,0
0.012700666601707145,0
0.007955164227752512,0
0.003905801424029477,0
0.02770362767597795,0
0.01034999260680372,0
0.0016551358341487798,0
0.0004407159652211059,0
0.0005247077505868065,0
0.0009946275601562507,0
8.732427756224927e-05,0
0.0003678124888945091,0
0.0005655413828844303,0
0.000433458983384556,0
0.0007418325580697094,0
0.000812499122551996,0
0.002261448612191051,0
0.0028413603254125123,0
0.010920720427562753,0
0.01264998761771261,0
0.012682981467216723,0
0.01978999543268381,0
0.028037961990282825,0
0.01939489475598992,0
0.029061923194436273,0
0.016510438833733047,0
0.041954939590565295,0
0.03730480867224253,0
0.03802869674501974,0
0.03128317089214948,0
0.03359717640220768,0
0.03686009809056262,0
0.03625792105854931,0
0.016404325409128742,0
0.028793373669045226,0
0.016770191495149443,0
0.013816107671258338,0
0.016794744167800565,0
0.009135049271484359,0
0.004630975769631152,0
0.02531614712157465,0
0.04775031166219946,1
0.07743666474205879,1
0.05258265446802958,1
0.05597482455837847,1
0.05369611590809444,1
0.05684720760122749,1
0.030575530386617727,1
0.011377529994232137,1
0.002162010056354393,0
0.001872912038742341,0
0.0019867159849358304,0
0.0007381471424984231,0
0.00031009812708555266,0
0.00017508368959419853,0
0.0011399496910704584,0
0.007690892786105682,0
0.06760456702142834,1
0.09693646193593872,1
0.04567355499071341,1
0.020288703389156452,1
0.01790712715461074,1
0.038448574441036235,1
0.011592216562749334,0
0.0033886116380864996,0
0.0005950530860389313,0
0.0013303073837889169,0
0.004802913439499468,0
0.002340829030901941,0
0.0036502292275433176,0
0.004327146951581685,0
0.006186120561185784,0
0.03185261137353528,1
0.04891422133490795,1
0.05444458994200388,1
0.06484595474531497,1
0.05740826172121925,1
0.03269875398194052,1
0.026960118280633917,1
0.03649483102362854,1
0.010838275182011232,0
0.005297670833461983,0
0.005094497379160754,0
0.01875391726757987,0
0.006824895604223125,0
0.004224206111896438,0
0.003901985012117207,0
0.004769195567097084,0
0.008964209915790765,0
0.05157360791102327,1
0.06553812202193941,1
0.06803798541259615,1
0.06381395860913149,1
0.05794654583630695,1
0.046247581612951595,1
0.029454539958802674,1
0.04148663281766362,1
0.009586493352543954,0
0.014068621040928854,0
0.010952249586452741,0
0.012487191853472657,0
0.010136293372566193,0
0.009537276858313607,0
0.008245457534268074,0
0.009585866617227098,0
0.011874856280782116,0
0.023212692094664356,0
0.054980285064868045,1
0.05549767828560526,1
0.03949747517235806,1
0.029927330312661583,1
0.026259088144280403,1
0.015587528373551918,1
0.034857726211587066,1
0.014922768951254353,0
0.005807337130524316,0
0.007495390191730258,0
0.008179439680443216,0
0.00941382825101397,0
0.01225261676798398,0
0.01290534960602863,0
0.0063397389788588015,0
0.00390318700755059,0
0.015978506043714365,1
0.030320048022793356,1
0.03784034465784091,1
0.04812211022152758,1
0.038345827191777676,1
0.024654530444478635,1
0.01848397237145925,1
0.03015463605289188,1
0.0077402878708417505,0
0.014081453913982873,0
0.013292969230314472,0
0.014478230952348499,0
0.012151622470774158,0
0.013737090724596284,0
0.013911562931209025,0
0.009412078659240252,0
0.015783890866752415,0
0.018619119454848305,1
0.033720565966434496,1
0.06344071800311923,1
0.06445553835777483,1
0.0804141605058775,1
0.022703408691556865,1
0.024550487359687522,1
0.04463426302474187,1
0.015099945113976535,0
0.009587717439567134,0
0.0119212813129389,0
0.006830670062060951,0
0.006914389629106567,0
0.008591962859033611,0
0.010797973165657145,0
0.008714217795628067,0
0.006478986947204793,0
0.016745208801348,1
0.04924834823260788,1
0.057902353420775404,1
0.05765721301501952,1
0.016899824856622253,1
0.01810716309558956,1
0.009284007573872252,1
0.002634744963680656,0
0.0021674736395353583,0
0.00197297093540331,0
0.001826373419977191,0
0.0019775656147542333,0
0.0020766119855697945,0
0.002222287315790688,0
0.00264912328532342,0
0.0031996676723171167,0
0.00738940356363987,0
0.028015470564973118,1
0.03406532273254456,1
0.055411263705537915,1
0.0343195346859143,1
0.028463326849533687,1
0.024417574892836247,1
0.021747299076269877,1
0.004462956835974608,0
0.0023060391394593054,0
0.0020344108440500026,0
0.0015134376580200049,0
0.001544385159656005,0
0.0021609707083273767,0
0.002045443200971846,0
0.002935952682512479,0
0.00846737722053374,0
0.0358882163583286,1
0.07143232016412546,1
0.05544374435361081,1
0.056495574131295336,1
0.06128226169043547,1
0.03449361225371894,1
0.030235761093993497,1
0.018485379640548128,1
0.0022479393796952336,0
0.007966600090833168,0
0.006313191505161829,0
0.005764681060765467,0
0.005501444073848918,0
0.006331546376613096,0
0.009479272304644541,0
0.004780825394703669,0
0.004701694752005532,0
0.008131257881237954,0
0.008453860570869774,0
0.00970221689156696,0
0.003761433464106458,0
0.0005083432346443877,0
0.0001522334080456626,0
6.13979387412455e-05,0
7.747177842482565e-05,0
0.00035519523913403526,0
0.0003020865910458293,0
0.0004343503918567241,0
0.0006041966460993457,0
0.0007967132766385903,0
0.0037879783325480776,0
0.008820812468888163,0
0.009510584930032609,0
0.010927270576304974,0
0.0037347800982930877,0
0.006754870123415982,0
0.002188775603407183,0
0.0017680988046776798,0
0.0021869691630507647,0
0.0028147248018060658,0
0.003585869079964012,0
0.005151044986416354,0
0.027513974323382952,0
0.01967611656473405,0
0.04461311557584741,1
0.07897330477947137,1
0.030846324318456853,1
0.036003254605735745,1
0.027095359497806677,1
0.04202550073060684,1
0.07973127913646981,1
0.023892509467371103,1
0.014456476023179274,0
0.015607558094710964,0
0.00568116880465048,0
0.0011799194278988118,0
0.002137534469264247,0
0.0030171752821134294,0
0.004038587251335924,1
0.02515628679321726,1
0.09325334762197232,1
0.06453041037561573,1
0.05532560041923003,1
0.021156628106684023,1
0.02080546031292933,1
0.026291967116505853,1
0.02873554508349203,1
0.00851945925711411,0
0.029124360191731556,0
0.018206348877419634,0
0.024651854027440852,0
0.010608943413218488,0
0.01544432366750931,0
0.012726391365932855,0
0.015452656257947766,0
0.007247054188045541,0
0.007967461979055901,0
0.06895769721672027,1
0.08033391684907998,1
0.02014767850751616,1
0.02051263467727722,1
0.06106151424610627,1
0.025795800198811683,0
0.007219365063260454,0
0.004823872574606753,0
0.003202271697649069,0
0.002565859392008406,0
0.002218608801184398,0
0.0019382198239276185,0
0.0017624240827753155,0
0.003359157185292071,0
0.014374869430157788,1
0.06149804190128305,1
0.05321240432722386,1
0.02653534927885612,1
0.010476557836367478,1
0.013844584684759503,1
0.008851083225485603,1
0.04669236119106005,1
0.013748028188593055,1
0.009660329232668791,0
0.008847113358596542,0
0.008887579003238942,0
0.009775086382393253,0
0.007282275879017162,0
0.007615887565937782,0
0.007897308397759137,0
0.0023550325172705137,0
0.02445562637429435,1
0.07324862347846987,1
0.07704379720765536,1
0.05107636122589431,1
0.026022731879027934,1
0.02589839409439733,1
0.03437420860586271,1
0.037004164494500225,1
0.03463223680955277,1
0.011108393641310273,0
0.011989178427847984,0
0.006707760845899214,0
0.01623758624211929,0
0.016596816285511656,0
0.0076027125598199215,0
0.012743184505410739,0
0.00992817473646384,0
0.04578475678235863,1
0.06674531771747821,1
0.08003641015665594,1
0.09720271453885543,1
0.025678304399743945,1
0.017903471490570262,1
0.015337075318743374,1
0.02971251361091485,1
0.02340107964129044,1
0.004790812822188875,0
0.011524938972613731,0
0.01082270485430551,0
0.010378893030581848,0
0.011257725266784474,0
0.01044702552798888,0
0.007502589834810595,0
0.013439748966567059,1
0.0709327720931452,1
0.08099215069603129,1
0.04400954139257013,1
0.01683428684048612,1
0.013672408679913671,1
0.018549875748167438,1
0.06557069306962121,1
0.018670300586439568,1
0.011513455893243433,0
0.014059997683116016,0
0.018829082579384614,0
0.016494134936417833,0
0.016231037760230122,0
0.018566754778605088,0
0.008658272681526502,0
0.014470747475475073,1
0.06079612957683746,1
0.09826599157831345,1
0.05584557374054201,1
0.0328194154996941,1
0.01170418998306297,1
0.010422514797731744,1
0.03770738564432935,1
0.057994694098611424,1
0.017109611762567888,1
0.010500401530474294,0
0.013125074783836167,0
0.010660563238433859,0
0.010500180113784396,0
0.014808339110710885,0
0.011008043625229972,0
0.00796877113929982,0
0.012344124369345936,1
0.029209518282498424,1
0.02752110815199053,1
0.031791063384862664,1
0.014623772077312164,1
0.012571058149953044,1
0.005834704949095203,1
0.017386065312523825,1
0.048638282221320286,1
0.026025957415701136,1
0.016420446582574643,0
0.04017225087822713,0
0.053931731377724675,0
0.06459122849371214,0
0.03513358558397476,0
0.012370555964456905,0
0.009415008588902606,1
0.06949259555801601,1
0.08746749109460109,1
0.027071331940902194,1
0.021783843879876624,1
0.046465425012775466,1
0.08587118764723548,1
0.06785197800614401,1
0.04808183476787051,0
0.031305201089519494,0
0.024537255653341417,0
0.03948474803180852,0
0.025778198831015103,0
0.02961786016731159,0
0.00893456143386803,0
0.006295921788740664,0
0.007958218014399974,0
0.0073041856074311205,0
0.003586456075753224,0
0.018421396762362662,0
0.02008934031753036,0
0.005645680143838541,0
0.0067824716249010285,0
0.019953182747788407,0
0.01666690470516518,0
0.011380012491665304,0
0.002538899769206525,0
0.004464510084027861,0
0.009989868381829359,0
0.015248111264277808,0
0.01732703028602164,0
0.014012596416558639,0
0.03001194975960904,0
0.016073049932300763,0
0.019880114744226175,0
0.014687123522711315,0
0.018469577604842656,0
0.023806835650505998,0
0.020078782128029275,0
0.0026206187837512487,0
0.0016148647463196373,0
0.0017377955670619062,0
0.0025437891434812493,0
0.005172876269536434,0
0.01635325327131421,0
0.010014429819240797,0
0.010676742692083324,0
0.005763405666373344,0
0.010033861087848622,0
0.011034356341029204,0
0.010119160826924505,0
0.0045874053316483044,0
0.01191430723051447,0
0.0028598978903444745,0
0.0011872701834115523,0
0.0014419132180422724,0
0.0005776235286761048,0
0.0009819499253979984,0
0.0016888641739237552,0
0.0014268470268478473,0
0.0006358030057794882,0
0.0011629956896626907,0
0.0013126711579904897,0
0.0018073640288258101,0
0.0018339970843360704,0
0.0014610464593022162,0
0.0018699249234236104,0
0.0009287463121684009,0
0.0036375226356540535,0
0.0016685262968491954,0
0.008846331876005323,0
0.010728711953369812,0
0.011559157595984398,0
0.018267763590445917,0
0.025139112380922975,1
0.04486688021246638,1
0.08870418367182287,1
0.026869130145797223,1
0.01488763442174806,1
0.016469747857598308,1
0.010991590568107069,1
0.0033497088463742826,0
0.004392121976075396,0
0.009896862125128638,0
0.020793849335462664,0
0.031144001335385314,0
0.032505317573476945,0
0.0773470831000067,0
0.09856391110799129,0
0.024155818667195007,0
0.03356876906252782,0
0.03506355126835843,1
0.03674962621799433,1
0.037708457091463934,1
0.03597593418541109,1
0.04207009153740341,1
0.03533095584387988,1
0.04525305036177448,1
0.018545354741770277,0
0.018116167340702545,0
0.02742175822838772,0
0.013574348575961398,0
0.012542688744771935,0
0.005480494237658468,0
0.002057950509954854,0
0.008459637595547442,0
0.007374901203498473,0
0.005617066256056021,0
0.03667251986351281,1
0.03535263923289586,1
0.0503548834752362,1
0.03389249592977393,1
0.03487480089777362,1
0.019143846151483686,1
0.0034897409847234133,0
0.003887325445641621,0
0.0022245629150004992,0
0.001525850744820236,0
0.0021709824080962596,0
0.002712160722400207,0
0.002541802145548993,0
0.00253385092030188,0
0.004497605158124848,0
0.011187367857374043,0
0.056905202586985365,1
0.03461054491409333,1
0.0265538660942809,1
0.03351584089498617,1
0.017789184804772668,1
0.010190956007521356,1
0.002821395028838197,0
0.0015234765734991305,0
0.0019416301448362617,0
0.0014802556260722767,0
0.002248472821774944,0
0.002381698995855136,0
0.0021815605267381634,0
0.002212788091770104,0
0.004768884415801547,0
0.004860373024350875,0
0.008060185476041043,0
0.034956404503706386,1
0.04558600524319276,1
0.03356656786978487,1
0.012977613419383723,1
0.018717774976229333,1
0.011201905625670467,0
0.00329903584839828,0
0.002173516365168306,0
0.0008439052726796836,0
0.0014673344707179,0
0.0006831561917192197,0
0.0006000019554439842,0
0.0019841553804162636,0
0.0017455220758371083,0
0.0009428047267727297,0
0.003614487860406635,0
0.01187551635133211,1
0.015640913988691284,1
0.015587595775642046,1
0.021851934547666586,1
0.0342511296454935,1
0.03423499726377782,1
0.026722819473537683,1
0.015385296476379758,1
0.003996771912684553,0
0.002030749287337535,0
0.00464358369556767,0
0.004922067018801636,0
0.009068465506581032,0
0.003278903875141824,0
0.0047821442939380895,0
0.0078056301563018396,0
0.013260983161166345,0
0.05808078741408677,1
0.0392616908754872,1
0.03196212812958336,1
0.04828031227454003,1
0.03298675101941923,1
0.026352068503616922,1
0.035920160953094735,1
0.01578347071299516,0
0.017618199295514354,0
0.016567390897137164,0
0.016618850707360366,0
0.0058735819990976,0
0.005534201503069598,0
0.004881634361221186,0
0.0065733914056511225,0
0.006407246622063705,0
0.012696534574788988,0
0.04669680992190337,1
0.03945535300358573,1
0.03483977149728879,1
0.017986870744478814,1
0.030682750988508322,1
0.038250065825377266,1
0.027247869184349505,1
0.025799484068113453,0
0.03201263819338573,0
0.05223959105544702,0
0.01734636362488283,0
0.005417903584833607,0
0.005265594596995603,0
0.007461603640160311,0
0.0032680448640654185,0
0.006460297642269932,0
0.0076297941421152315,0
0.03546293693536723,1
0.027433036301735773,1
0.033443986295096734,1
0.021318268267372386,1
0.03415386680706794,1
0.0398954476254605,1
0.008254670990158697,0
0.0013432705336899557,0
0.0007061459169433463,0
0.0017704396716961043,0
0.0030734136876211632,0
0.002116146177824097,0
0.002742286194750867,0
0.002588768226445919,0
0.001665037338565554,0
0.0026792506007899826,0
0.007202333824236699,0
0.030491421995990572,0
0.04184592905219099,1
0.04208530851971266,1
0.03986322813538619,1
0.02531337623674849,1
0.014977579638140351,1
0.005372026229969148,0
0.0059180808762373405,0
0.005338002498661889,0
0.007084275458735532,0
0.013967786813484371,0
0.011142538946048662,0
0.008733388677086907,0
0.008730150651718867,0
0.00875972849410804,0
0.00877644654177449,0
0.00921135656366671,0
0.010102273199887627,0
0.011579987812616717,0
0.009498532180976235,0
0.008040574680017742,0
0.013182739577511288,0
0.009925268149018866,0
0.009066684064060474,0
0.0027099810264667305,0
0.004054654862849488,0
0.0014606541374170847,0
0.0028039187109951793,0
0.002123235809509625,0
0.002230326037483495,0
0.004885933359479113,0
0.005637831510551903,0
0.0027070756573583403,0
0.003915227443980061,0
0.0040366243751136935,0
0.0014857595097224298,0
0.0023096191788182954,0
0.005057902480643902,0
0.008153196466537468,0
0.01609425424933634,1
0.03627851017202776,1
0.08952124908568335,1
0.03707460197726958,1
0.0316320066219657,1
0.018831372408200268,1
0.0050423735652988175,0
0.0041532766773148735,0
0.009656749764027577,0
0.03480414502706776,0
0.020832925853342014,0
0.020606511456276646,0
0.021650336783970492,0
0.018184854992197054,0
0.021370451600044083,0
0.03477518567132738,1
0.05412408375834465,1
0.06844527830435294,1
0.0524694711054906,1
0.02412370404416711,1
0.014665873344723683,1
0.03207388922325485,1
0.02978692701210275,0
0.029587970146234,0
0.02175691434352586,0
0.025122878141474903,0
0.023823351927309243,0
0.019876973774170702,0
0.0145608471079448,0
0.00878832081492655,0
0.011222866106563636,0
0.01919837632009253,0
0.033897069552195985,1
0.04526738808641237,1
0.05300880144493073,1
0.07862093577965899,1
0.039217554767549165,1
0.039806950161313734,1
0.004697308654590905,0
0.002761220648197027,0
0.0017341771797819946,0
0.0013041658115134165,0
0.0015028603498760363,0
0.0012275496048036237,0
0.0017863609179191227,0
0.002646407830609486,0
0.002903106320770927,0
0.0044853050357556165,0
0.009288228355174682,0
0.0418987192899001,1
0.062472900874599446,1
0.039430069355624826,1
0.010628296478427368,1
0.03759823923177142,1
0.014224449398021533,1
0.0023681826155569946,0
0.0022956078356653697,0
0.0019117551646514247,0
0.005076549880767626,0
0.002098738106563351,0
0.002758029218768627,0
0.0036314308028539523,0
0.0037164899855291595,0
0.005074039857955243,0
0.007996403566634636,0
0.013823245841116568,0
0.05347756399311883,1
0.09850616178708112,1
0.04376181847455979,1
0.052583500600152724,1
0.01697530361615334,1
0.010103414311653769,0
0.006160611752959494,0
0.004753960634439563,0
0.004743553857424141,0
0.0036741457625623307,0
0.003941280639134171,0
0.004370704138883819,0
0.005002569802223649,0
0.006598408427210803,0
0.007765642616778676,0
0.02086925182631366,1
0.0559866978699914,1
0.08966924239935946,1
0.04563021302635055,1
0.029114603461526688,1
0.008803471555319414,1
0.006912293651290663,0
0.005352979734031579,0
0.0038659444379783676,0
0.0031976318711498435,0
0.0025318898448935217,0
0.0027883305477032732,0
0.0023143919999958494,0
0.0022768098214114006,0
0.002334118701274596,0
0.0030439464899938403,0
0.011658650307617528,0
0.022173928057349482,1
0.04001519282080089,1
0.05208466571835107,1
0.03858756091480179,1
0.014868390557306392,1
0.030520901146470443,1
0.016017916939050414,1
0.002740831698136364,0
0.0032092396461998476,0
0.002023312536086407,0
0.0024921877054757628,0
0.002637838248495025,0
0.003793355401084455,0
0.003253197731738465,0
0.00464392644425308,0
0.007701885311166262,0
0.03678095954781032,0
0.02777733113666497,1
0.0798126497143757,1
0.05230159767057465,1
0.06657459786728501,1
0.030830031405667622,1
0.016270509046222986,1
0.008444224697838726,0
0.004707143826454595,0
0.00237164973653558,0
0.001635908054334682,0
0.0020848734525371546,0
0.0012529784397230517,0
0.0023760887788143647,0
0.0025520000655712602,0
0.0036897241345514187,0
0.005940629415708007,0
0.02500835323331384,1
0.036330224196046826,1
0.06049062183923654,1
0.06448735061441116,1
0.04211706689252332,1
0.011962573730115115,1
0.011800252161275141,1
0.0052246042044311845,0
0.002594959012628708,0
0.0023342908792097408,0
0.0021469903727419906,0
0.0013725980373140733,0
0.003349409733694969,0
0.0018637954991212477,0
0.001326904296030811,0
0.001815037284144689,0
0.004164075679728198,0
0.016553957021952777,1
0.053807881010695814,1
0.05306051086597082,1
0.04626288918387732,1
0.043256457276749996,1
0.03782621421316037,1
0.010055250972226556,1
0.004326641210502116,0
0.0022837539269474636,0
0.0024196272924295998,0
0.0018221472971177203,0
0.0035785614731685764,0
0.004557107791661516,0
0.0032925864546235694,0
0.004144516840749736,0
0.0032678637603016443,0
0.010161824648820936,0
0.021340359324421288,0
0.01966208360425399,0
0.007818956847402145,0
0.01110010611021418,0
0.03777529945120582,0
0.03733306263671373,0
0.035456188156161784,0
0.03752378784155658,0
0.027807531637619575,0
0.02521478956495018,0
0.05627988503824934,0
0.0969887792827241,1
0.0385061693593103,1
0.02790464555966483,1
0.03966224716090493,1
0.042702835531140446,1
0.04965454474479072,1
0.04044107904984989,1
0.03374939136061968,1
0.033848969741211,0
0.02917882126072342,0
0.022737279838431667,0
0.015197638737988984,0
0.006966162204208676,0
0.008904958895092225,0
0.008693108300261574,0
0.026377256822822413,0
0.0411848095516625,1
0.04094715154938182,1
0.02828500551780459,1
0.07547091226535176,1
0.0636026546003496,1
0.02797126207836888,1
0.031204171619239957,1
0.01784752569644647,0
0.014544103003688783,0
0.038598586563637495,0
0.026575786791069686,0
0.028280053424453902,0
0.012218368998292642,0
0.009954862574713954,0
0.011165166734918106,0
0.011186218641521311,0
0.035588645361205755,1
0.03320690850202538,1
0.03437552618873652,1
0.04638554462498654,1
0.028558741397132183,1
0.029235737454755464,1
0.01960632908221414,1
0.006123082969141575,0
0.0077991320586871206,0
0.016215566787151196,0
0.010194205593741474,0
0.007174030556385838,0
0.002839646150571016,0
0.006323447821545636,0
0.00631836370103847,0
0.0030108802070972296,0
0.017682626161196105,0
0.03630321386173495,1
0.0344054595087678,1
0.028185568173198148,1
0.034564314108184564,1
0.010094832661923292,1
0.02821278864159889,1
0.013442952273690268,0
0.006578444745635943,0
0.0116945704721042,0
0.008119338572097845,0
0.008629164930214159,0
0.010044551214445082,0
0.014525804203976355,0
0.007813724349204134,0
0.01199375029214355,0
0.004816421707965037,0
0.01589599383891042,0
0.041603753509938286,1
0.042151190202730233,1
0.03390791253533946,1
0.03880425711717274,1
0.06363755639323528,1
0.021432967588474364,1
0.024544598180663183,0
0.01645237838907779,0
0.010271284907753224,0
0.008881610837412542,0
0.01034607452512286,0
0.014169461066564262,0
0.011859304230905152,0
0.00814454501996468,0
0.011281261073902284,0
0.005730379705544948,0
0.02464100678503135,1
0.026195150707746116,1
0.028271428360617766,1
0.03836442748583938,1
0.04087800230001242,1
0.03137127872978084,1
0.033609620311820146,1
0.011600153104323494,0
0.004015406612098943,0
0.0018217193386140804,0
0.00525414967866906,0
0.0036251483505355887,0
0.005061616386371386,0
0.00836835619738651,0
0.017639978452578888,0
0.028869033196998545,0
0.00965311315944766,0
0.03253078056955487,0
0.03686636734068228,1
0.03305937423514093,1
0.03647397039932584,1
0.03506112788564556,1
0.05515286279677093,1
0.03224312240626452,1
0.037967002044402856,1
0.027280494322190374,0
0.022386925615998754,0
0.02397330505795471,0
0.016453435767895937,0
0.007499757192009765,0
0.015555877280499848,0
0.014045381479411447,0
0.010533413263601731,0
0.01074847637670687,0
0.038912434365984704,0
0.07603026560353933,1
0.04246968208000877,1
0.020760840343175505,1
0.01076840414422854,1
0.019073691751345587,0
0.0199714596236691,0
0.021919469066888506,0
0.004937596116913662,0
0.001897382866205517,0
0.0017800772255411007,0
0.0021073728443199843,0
0.0021757985531116863,0
0.007394904818955784,0
0.0630430212615018,0
0.06786084702895992,1
0.04275741639384218,1
0.04925241421998625,1
0.07681161367119663,1
0.0324588757096147,1
0.026874368692684725,0
0.03243842957225561,0
0.017042561617681355,0
0.012955116115744382,0
0.009184122113407502,0
0.015480220496450014,0
0.00818614762157192,0
0.002492036783949732,0
0.016173734689574164,0
0.014187299912797435,0
0.010174527473194847,0
0.011530402961128942,0
0.009250121430737909,0
0.009059591728648897,0
0.009178029003439345,0
0.010096671821809209,0
0.0052740521412420385,0
0.014718440793650442,0
0.01652069782457554,1
0.009604677347567505,1
0.025052393924139316,1
0.012902627268139972,1
0.009783957427672626,1
0.010584417376173716,0
0.00632542615223237,0
0.005248855263496406,0
0.006938544734854112,0
0.007818040021014697,0
0.008722809580173952,0
0.006054222822884508,0
0.0081986499804218,0
0.00798843622778982,0
0.008193026393238458,0
0.00746236315169383,0
0.006403045725913101,0
0.005430568739798541,0
0.008026901948522383,0
0.01072768397431302,0
0.016622046717670792,0
0.04491960000486634,0
0.0088249275086819,0
0.010642089932329827,0
0.005047285372836656,0
0.00840320171810674,0
0.0026901614706376456,0
0.007104759065563766,0
0.010654389822708315,0
0.009457216132327199,0
0.004855927352014131,0
0.008937896175956889,0
0.025837312439241984,0
0.01615267191671989,0
0.011544214630612238,0
0.0057413642040638905,0
0.007914710229412229,0
0.008541640697902248,0
0.01818971649366773,0
0.033018524984381833,1
0.01623183747290296,1
0.054268574580350094,1
0.08301642338462273,1
0.07522853653889086,1
0.07318791680256406,1
0.04020118019910283,1
0.04555337263343636,1
0.030315143862491088,0
0.02399766294173538,0
0.004995605212278914,0
0.008146289096368598,0
0.013441730311937352,0
0.01875855983321469,0
0.012346662552612438,0
0.033934955611054134,0
0.011037760241868283,0
0.014049708267256983,1
0.06224028912338177,1
0.043462180395735996,1
0.07433180369646405,1
0.04450193620559976,0
0.02830826522685278,0
0.03016287847827695,0
0.031056627408715867,0
0.028070631648529035,0
0.03694234049025737,0
0.039036832307742055,0
0.0342020237168637,0
0.014526294329286578,0
0.053804858292590685,1
0.08137907577649008,1
0.0830170226369037,1
0.07835103655509623,1
0.047717992113592234,1
0.05020146349381124,1
0.03148301444309435,0
0.03430939831555999,0
0.032802629100438366,0
0.03242387412987657,0
0.027210291028503496,0
0.022812034251797838,0
0.025127337399216052,0
0.03170417628211242,0
0.0129174147353464,0
0.025152033036402587,1
0.09164437594546058,1
0.089691169729995,1
0.07435945383122661,1
0.04761727647866807,1
0.03229368127815857,1
0.02282175909976377,1
0.03407056726983357,1
0.022577489324927345,0
0.03061798694588881,0
0.028823405576619707,0
0.03692903831499452,0
0.029764817717479745,0
0.029565154649914223,0
0.02634571348631786,0
0.028622607276749444,0
0.012500703231225246,0
0.041947247038600435,1
0.06759561915060648,1
0.07233504784929126,1
0.0566831736881388,1
0.07386249900306753,1
0.05477855559949534,1
0.036011590203082325,1
0.027977507627880455,1
0.02287357367793742,0
0.012649217361965975,0
0.011121441127002403,0
0.012839789374694729,0
0.00954106408212348,0
0.0028088767127382357,0
0.002873887276447833,0
0.0033161088887608855,0
0.016627377421167853,1
0.07095379111121915,1
0.08815925599552844,1
0.07776020618245312,1
0.06333878410073733,1
0.06836175407074759,1
0.02112760014483606,1
0.035420681111314745,1
0.031825151079969985,0
0.02175683413137417,0
0.012811849325822161,0
0.013854476375359045,0
0.014365959830433796,0
0.008471226435267152,0
0.013982884150146887,0
0.008854583372938166,0
0.008536184135825273,0
0.007591366295313246,0
0.0457624032535824,1
0.09159668935579095,1
0.08788122324279815,1
0.07380955416852276,1
0.029774612986488706,1
0.027842098182639954,1
0.006687253785942371,0
0.005302586805432183,0
0.0038451415314069786,0
0.004130891643127128,0
0.0047071231934305464,0
0.005670255537382875,0
0.00651768149172674,0
0.008143433691284523,0
0.014006050928465855,1
0.04187058024629121,1
0.060937633212758635,1
0.07456127072384332,1
0.035811214132092914,1
0.02445868659269163,1
0.01913328145777213,1
0.014557674058684529,1
0.009812913601183285,0
0.006436799159131489,0
0.005369819626790497,0
0.004882724073331123,0
0.00480025490820102,0
0.0051405359950270745,0
0.0060101097045379545,0
0.008178323628735697,0
0.022646336534210026,1
0.06094657602101902,1
0.08381690445123069,1
0.03254723623180142,1
0.020168029189469115,1
0.013471199361968026,0
0.010559727175278989,0
0.006779702910239062,0
0.005334335742504622,0
0.00413311485003547,0
0.003458365539231328,0
0.002847232011794332,0
0.0024658437124751185,0
0.006437995112550488,0
0.08051156362070135,1
0.07560792019433217,1
0.08462234136250674,1
0.08741697479362041,1
0.05245082034545303,1
0.03804275166179804,1
0.03198168088627916,1
0.007040945971314827,0
0.00394164053801821,0
0.002785302019056941,0
0.002085663526591622,0
0.001747118271421828,0
0.0016607543568542488,0
0.001359400642044128,0
0.001447219548314845,0
0.001284653728186873,0
0.0012790326933705735,0
0.001607907981888527,0
0.0018570393850231121,0
0.0022016829793477283,0
0.006059323876062294,0
0.02774649794057379,0
0.017188257580882764,0
0.02463592960190347,0
0.011702149759858758,0
0.011356492142919549,0
0.0067486640793898035,0
0.0036174016882506445,0
0.005582146603453003,0
0.0032139457704631214,0
0.010338202072311902,0
0.011099100023446568,0
0.006506673863778279,0
0.0028639421318712344,0
0.007174048148541005,0
0.007418004641626976,0
0.005701397446189171,0
0.004364848477887256,0
0.009759390458914998,0
0.007996454613705333,0
0.03944235118835592,0
0.0706756837977979,1
0.08813662768514445,1
0.023442411542852964,1
0.027552721390227665,1
0.005940482488453663,0
0.004321903199511718,0
0.006455119074304023,0
0.004773463540942365,0
0.0050233265560294124,0
0.006422808445216336,0
0.0084717209441528,0
0.041759067956652934,0
0.09117535062983476,1
0.09966521776406038,1
0.052981965394622375,1
0.0886124796411765,1
0.048546128335349686,1
0.014150355442373024,0
0.005924839176513697,0
0.0027540948452555794,0
0.003851376273827467,0
0.0028115868424276524,0
0.0030631274860168653,0
0.004694002893803245,0
0.004718614908909357,0
0.06336079734143064,0
0.09955705711480102,1
0.06497596029617228,1
0.061734219978767574,1
0.05905949098021465,1
0.053219824755356554,1
0.044909896723500244,1
0.02679979475160207,1
0.017513611353393674,1
0.003837199266272825,0
0.003145599823481464,0
0.0032865545255113485,0
0.003723646001791263,0
0.0050671994250265796,0
0.005476299494011858,0
0.007031275779266768,0
0.009924963777447058,0
0.06748217566632557,1
0.09466967192519897,1
0.08213865593842896,1
0.05488778200000689,1
0.04665826565170798,1
0.03716443434763449,0
0.03887850344571707,0
0.02810318882224324,0
0.022080511952541466,0
0.004946848645183827,0
0.0030288695146292845,0
0.005998124957114679,0
0.007467683779821135,0
0.0346272120215312,0
0.06502156891296618,1
0.09044497746817404,1
0.04578043378548869,1
0.06402872734854913,1
0.043977941051000335,1
0.060395194817666246,1
0.062001171442826235,1
0.0146273635088038,0
0.009237647362585049,0
0.008493501124446069,0
0.006081823258720794,0
0.00800938848439455,0
0.008948387175535614,0
0.044869860408926786,0
0.07613538102363476,1
0.04329417850701116,1
0.04449343844061356,1
0.027054204145030784,1
0.051446473285884455,1
0.053142023964058954,1
0.02248605900369912,1
0.07155847184238079,0
0.032682691486165656,0
0.02582717224249344,0
0.026757756454554225,0
0.018820336172177547,0
0.009684177714416027,0
0.0040515512961500025,0
0.007488003388641412,0
0.040389949398690575,0
0.09286643487802233,1
0.04259061759738332,1
0.041906765423059766,1
0.0473193887978473,1
0.0633148724519507,1
0.03559748008190677,1
0.033510771060622904,1
0.018179340806594065,1
0.014389375324425979,0
0.006672788546183543,0
0.004212753928925176,0
0.005550347095531369,0
0.003506544214637395,0
0.004821955690819195,0
0.0069346231855384795,0
0.02731213880397406,0
0.07647578612033326,1
0.05086478055329708,1
0.03808099868500384,1
0.026066173523805327,1
0.008710078578340526,0
0.00793510268500213,0
0.00473180654905609,0
0.0036457594299003438,0
0.005386338421164021,0
0.007965044617466081,0
0.010265040328430623,0
0.08524494788486331,0
0.08405799428772312,1
0.0538568115285522,1
0.07844073018304304,1
0.08618645641803241,1
0.039023286151999875,1
0.019108331998659647,1
0.008087031181929844,0
0.005075970107435547,0
0.0043751090635390354,0
0.0031339289012810704,0
0.0025623065620564863,0
0.0064402844749950365,0
0.003772900976183179,0
0.00660169052375456,0
0.09805177048332522,1
0.08614420887728602,1
0.09622531554407318,1
0.06411606196468916,1
0.04856696197885072,1
0.0699932824248646,1
0.03895612667933865,1
0.007418613942487606,0
0.004779022054771809,0
0.0037037846595328774,0
0.005022997464872664,0
0.003206210769518794,0
0.00249399067125254,0
0.005666985347992393,0
0.023697927574500805,0
0.018608644475548042,0
0.0035227828044152283,0
0.005320739383010444,0
0.037576877856648386,0
0.013168622596401315,0
0.008899928960536619,0
0.030251551004166582,0
0.0202296603078277,0
0.00401599333388396,0
0.009687482108896868,0
0.0044621790776020525,0
0.0014902682468379154,0
0.0018608392117968704,0
0.002093842739042484,0
0.007843498210981738,0
0.004386261477770491,0
0.009866264230452658,0
0.018305920841235356,0
0.06451056583883326,1
0.08893171590886643,1
0.06722352623663937,1
0.053615248683731846,1
0.03160830689576968,1
0.060575057497339026,1
0.03232158562124506,0
0.02764391746017336,0
0.019198117944762273,0
0.003495090018811409,0
0.002276751973941599,0
0.01151497906585722,0
0.003873846433299041,0
0.00726106840108306,0
0.06290705490515308,1
0.07861402928876948,1
0.08084391267857376,1
0.08422768323615301,1
0.0657743493256177,1
0.04776282046057907,1
0.03306977998973595,1
0.02377398670883625,1
0.014769765884923515,0
0.007685033678805949,0
0.004178905575646659,0
0.00378793065654405,0
0.006178917646970769,0
0.006199354719665918,0
0.005061498868524563,0
0.007874090522124164,0
0.028751920293370654,1
0.036762719024862,1
0.04541960654136694,1
0.041603239300647805,1
0.05308347386780963,1
0.08181486944447296,1
0.04849550847838726,1
0.04891412398708053,1
0.03514962337351825,0
0.02522651922387943,0
0.015496654026315625,0
0.011416073597771532,0
0.013447047169232073,0
0.013795729233564414,0
0.014531491311564802,0
0.01658496544128794,0
0.018299829837892863,0
0.03894144768863748,1
0.0816643607539127,1
0.061955043288360045,1
0.05637872336493899,1
0.024687664746999922,1
0.02136722430317364,1
0.02497647789319448,1
0.02158687949442016,0
0.013640610519885153,0
0.015136545902358346,0
0.010683659566469956,0
0.01100897066777353,0
0.01176899982778105,0
0.013948066384741515,0
0.007860787993678895,0
0.008234227712647861,0
0.03651216237085157,1
0.05257313192027567,1
0.07079854081980168,1
0.05756734709247243,1
0.044061432911099006,1
0.019400910037262412,1
0.041019557367177,1
0.040540656127536295,1
0.02968709241323528,0
0.010232136150159056,0
0.006187160696520488,0
0.012276407051328637,0
0.004406776854463853,0
0.008254535517326378,0
0.011490263676192033,0
0.010069198463897071,0
0.005816274012752128,0
0.03200333325629811,0
0.04503448647047945,1
0.049990289236262,1
0.0655413339201197,1
0.042775923631793375,1
0.06889228055840903,1
0.031151032549897185,1
0.024837926696894167,1
0.01171745747918746,0
0.014918350228177129,0
0.013548073776758537,0
0.018879169636753172,0
0.0214387972292752,0
0.028565557342527248,0
0.029616539304661665,0
0.02371028562398351,0
0.020242045371405785,0
0.02268644974157762,1
0.0668372984890039,1
0.07168413935646636,1
0.05021143539950726,1
0.05135426250227576,1
0.020814349064595807,1
0.04678690899872855,1
0.02537589945571631,1
0.013807921146966308,0
0.010742738449570908,0
0.007228624734598459,0
0.0066937217093847685,0
0.002349346824258653,0
0.0016998646084968316,0
0.0023408995321820337,0
0.0060322669039742415,0
0.0470564446563779,0
0.049354269316366384,1
0.057884041931053926,1
0.05399982804157693,1
0.04910986853052941,1
0.04639958698031369,1
0.028530014636887032,1
0.039684334620786015,1
0.02374580335471041,0
0.004936900973011758,0
0.003677503766470401,0
0.009744461851904515,0
0.004699301237354883,0
0.009037691411561515,0
0.005440791515493688,0
0.010032565485497457,0
0.02479026975142006,1
0.0394463459303143,1
0.06956183877272104,1
0.08428053072841227,1
0.05359474196760841,1
0.041636044125771716,1
0.06962656428079375,1
0.03851692912297134,1
0.02756867107856473,1
0.011530756235526676,0
0.006261250637117542,0
0.008494745686583021,0
0.0049485643120035575,0
0.0038366701368957976,0
0.003318817743368464,0
0.005428417185971845,0
0.005547446707787801,0
0.010606656440053498,0
0.035536848225078056,1
0.04825228358717187,1
0.09916811433325709,1
0.09225494434801267,1
0.05881294700467006,1
0.04466151217484251,1
0.019724621935463343,1
0.026462300156594235,1
0.05516204397182831,0
0.0272714954443376,0
0.009393343642027704,0
0.005609649427710282,0
0.007375701246398741,0
0.006504909882105068,0
0.007738306274050384,0
0.0034647673380815225,0
0.0038574074785974327,0
0.0029509803489403885,0
0.006694328542851049,0
0.003238172317474457,0
0.002614158565946746,0
0.0014892538648528543,0
0.0015668041145708656,0
0.0017572983995520887,0
0.0016898294405119111,0
0.002100014501245747,0
0.0025941175051612505,0
0.0033409492115453864,0
0.00451146914814987,0
0.0057402699989748205,0
0.007309987372589048,0
0.009641845142106328,0
0.022551702700273908,0
0.09804976740244903,0
0.05865351941568767,1
0.02219473905628771,1
0.013200970237630656,0
0.007282290494020246,0
0.005341074172232734,0
0.003636378995847343,0
0.002578550566458826,0
0.0021532839394528235,0
0.002046961039125369,0
0.004520348051464164,0
0.03282676610804661,0
0.08810737911356815,1
0.09095552571202352,1
0.03743362817102508,1
0.011514650859464475,1
0.007314365161808621,0
0.005527013831636036,0
0.004487052910323544,0
0.00368343580322726,0
0.0036995811012139764,0
0.0036586745880393206,0
0.004199433294090514,0
0.005440220708409866,0
0.031256110606807136,0
0.09013746236616353,1
0.024416048259438064,1
0.018819799958592166,0
0.0052970094903904506,0
0.010247072198761148,0
0.0024938785648909068,0
0.0025804782101581485,0
0.0021556966827038205,0
0.002223127781244788,0
0.003396526055998068,0
0.025911382932936333,0
0.0734245240364965,1
0.05746801621784511,1
0.08717263145006886,1
0.06680003933176808,1
0.017389969588752687,1
0.006968515652508067,0
0.002415554129068052,0
0.0018766377662372512,0
0.005617658476275251,0
0.003813915629701154,0
0.003863404683399667,0
0.0033516129912000794,0
0.0023387402882277977,0
0.003374983940164295,0
0.00821424812339849,0
0.054229930863652194,0
0.07240898608833873,1
0.04836439487795847,1
0.04051020896188008,1
0.012394436374826383,0
0.01066040810815764,0
0.007541745685890438,0
0.007578617411099394,0
0.0038557845891537585,0
0.004217453964823488,0
0.007170455616347258,0
0.004512946259211587,0
0.01029512217342897,0
0.09951178187371101,1
0.06641158406270432,1
0.067347250395695,1
0.056343528556451965,1
0.02639843469182338,1
0.009664051509764557,0
0.0032818156774740924,0
0.002507879145672518,0
0.0007714628980370815,0
0.0031556923518394116,0
0.002299019128238271,0
0.0021369022224544546,0
0.0038517409116354765,0
0.005811063376831522,0
0.023573992158671786,0
0.06575207441104529,1
0.05046911851578549,1
0.05999277052662599,1
0.05866709546637648,1
0.027549013156908563,1
0.005656924737100074,0
0.003993371460020007,0
0.004286462413684803,0
0.003413759228130726,0
0.003685367721735202,0
0.004219160856298765,0
0.006420073580054116,0
0.0058864489608311515,0
0.010024675664310052,0
0.05495869668813874,0
0.06570382247916161,1
0.08794325231081691,1
0.0901639039899542,1
0.03232445188170671,1
0.023578953906329154,1
0.004911420091526782,0
0.00482330597157382,0
0.002911258478904483,0
0.0011333230996160098,0
0.001734625267886408,0
0.003193008841643047,0
0.002578914380198106,0
0.003418954153191087,0
0.004838141312279752,0
0.027793237059927964,0
0.06833371611369035,1
0.05244382133444435,1
0.047173816844641316,1
0.055569047002250196,1
0.011568719906919534,1
0.008779723754884122,0
0.0034426266424304897,0
0.004764743427199758,0
0.003945403494071584,0
0.002644002346317554,0
0.005197445071476335,0
0.002166220446159082,0
0.004957641005212832,0
0.005432294185017948,0
0.05182009741886513,0
0.0972236550201202,1
0.07086845634219806,1
0.055225788532588055,1
0.01990525047702735,1
0.009842047941018565,0
0.003025597677585234,0
0.005051178100924834,0
0.0019625748654325025,0
0.0009116974149414025,0
0.0015055024072176096,0
0.0015586744035676501,0
0.0011496317693817381,0
0.001974362018661453,0
0.0007873404817450984,0
0.0006565308648095465,0
0.005114034180897934,0
0.0007906172897785081,0
0.002834021557768278,0
0.002027647382308449,0
0.0033865645005572024,0
0.004778923622992876,0
0.006938827939894669,0
0.0033528099363619376,0
0.009727276792326576,0
0.0028333414056311798,0
0.0010516180192311636,0
0.0012768493865762016,0
0.0014834420233388055,0
0.014488164298676883,0
0.014856572518731981,0
0.009836332750793236,0
0.009930420644955008,0
0.008453760356103691,0
0.005143765315157636,0
0.002486609379837432,0
0.0009367996271282345,0
0.0011264046617330756,0
0.002834094346159345,0
0.0062211407650377085,0
0.01051798011861383,0
0.011387679879704122,0
0.00777368233173107,0
0.017290315185115247,0
0.011761420857198761,0
0.011884584317686872,0
0.01123436189599646,0
0.004420632280232762,0
0.024494049600574497,0
0.052799288587697224,0
0.044722227184345126,0
0.0059223850678831865,0
0.0022663193271250997,0
0.0014217999980997698,0
0.0011025179523207332,0
0.0010929215990525087,0
0.0006503453896917569,0
0.0004999029245458065,0
0.00045296768583593164,0
0.00029876120441703883,0
0.0033130990716586715,0
0.007586467931802631,0
0.0012350042663512764,0
0.0013611699069339877,0
0.00047013365000005423,0
0.00043174934707965065,0
0.00011335155511880047,0
4.0008881215267586e-05,0
3.103490339464168e-05,0
2.655999514799578e-05,0
0.0003211370991239187,0
2.8678396284899822e-05,0
0.0003227323018357441,0
1.2513109266438e-05,0
8.864064981127021e-06,0
7.63358292960648e-06,0
6.833998591095041e-06,0
6.5639050397471e-06,0
6.65153298967822e-06,0
1.7210530286075958e-05,0
0.0005278509758243321,0
4.7720194003310585e-05,0
3.500029179736876e-05,0
0.0003201442324528861,0
3.074559757275273e-05,0
4.004432231580782e-05,0
0.00010211054662673709,0
0.0007771357192236031,0
0.0003161534336046849,0
0.00010732309680136456,0
0.0005586057687588621,0
8.93882486361805e-05,0
0.00034823492247969934,0
0.0023869939978954317,0
9.273790273227576e-05,0
0.0013305818464429246,0
6.48551354381174e-05,0
2.371548996530869e-05,0
1.8634864553432447e-05,0
2.6406812870307406e-05,0
0.0005633681679476535,0
3.544278278858375e-05,0
3.150254062229549e-05,0
3.578176687968111e-05,0
0.0003164565265608467,0
5.365467588459237e-05,0
6.572233597663161e-05,0
0.0007617795325207483,0
0.0008403098290474334,0
0.0018055246062453514,0
0.018188493408905267,0
0.022263956874954787,1
0.014992597520154454,1
0.012357494533519168,1
0.02055817503315431,1
0.027591312804886987,1
0.01955525713044163,1
0.030607148957240343,1
0.030863890179764236,0
0.018740963443400257,0
0.012190067220057325,0
0.002459438070975691,0
0.004615985589620288,0
0.00618384566798732,0
0.002452855304197854,0
0.0036159689570013794,0
0.0015253174110111114,1
0.010068881008659018,1
0.016507643851814625,1
0.009987710869159705,1
0.011442988019834515,1
0.00968091853490877,1
0.023329705648838826,1
0.015708951181806634,1
0.025745866941421943,1
0.00891594260525372,1
0.005352050959290734,0
0.0025710136524002996,0
0.0017394410551324002,0
0.0018807394006002834,0
0.0015704747900608799,0
0.011435081936900375,0
0.003451203335548156,0
0.00988264565649466,0
0.021495614670485542,1
0.022502238999599567,1
0.009205306105856209,1
0.016012861882518013,1
0.013956607993816409,1
0.01577514099137948,1
0.008056101530285117,1
0.020022740102380043,1
0.008630685034414479,0
0.0042669904344699305,0
0.005431963747823547,0
0.0031626573379409306,0
0.0029138366153796773,0
0.0076174552953805685,0
0.003515669821016355,0
0.0012348120889075621,0
0.004707874219049889,0
0.02343485094460243,1
0.01683872397246109,1
0.016571727719959923,1
0.01224277732705754,1
0.019071645210999418,1
0.011194721043612514,1
0.01123339969187854,1
0.011057655315038047,1
0.004113122336179894,0
0.00312701661006208,0
0.0029972348445703014,0
0.001856922699237505,0
0.0013639251105039536,0
0.002458225652206271,0
0.0025442861870082784,0
0.00376677420833853,1
0.01682756083239565,1
0.03481483003988821,1
0.010457852719573599,1
0.014636664489146432,1
0.012324322347066305,1
0.017514385662204535,1
0.00666918303199459,0
0.006519873849368999,0
0.00675939071493333,0
0.002888356284612419,0
0.0016603270138298902,0
0.0022528780906128287,0
0.0018361840000142658,0
0.0016449507255153234,0
0.001451721520592135,0
0.00234566728183703,0
0.008076112146119873,0
0.016333497008192966,1
0.018139739055079502,1
0.010813792694995586,1
0.009420031820479772,1
0.011382361485229727,1
0.02628977137870946,1
0.058032926930834346,1
0.016343869446778927,1
0.003822311403126998,0
0.0019523167680908918,0
0.0014705302304155374,0
0.0035913567875292414,0
0.0011612503037466157,0
0.001004492370649239,0
0.0012442834009794596,0
0.0019809398016135834,0
0.013443402084988164,1
0.01430831358031065,1
0.00568397155614942,1
0.007460989111285415,1
0.009346872351624121,1
0.018615819854178543,1
0.03377940924975788,1
0.009636058992318277,1
0.006370134727316536,1
0.0012478433704423374,0
0.0009135429120698463,0
0.00029845031938083647,0
0.0013777711299009176,0
0.0004828903927927417,0
0.0009535124245631048,0
0.0008695559769197473,0
0.0014788009373211057,0
0.012535242388472851,1
0.0153763903600728,1
0.008569997856438938,1
0.009799438671679091,1
0.014543766451331583,1
0.027374251754754077,1
0.006636455127875677,1
0.007286516220309542,1
0.007104137267146889,1
0.006369592429464595,0
0.001225974064020604,0
0.0006415550225434741,0
0.00048436743771971695,0
0.0007276606910795197,0
0.0008666332632064178,0
0.0012978398333915277,0
0.00508209361776809,0
0.02263068234971093,1
0.016892840265489654,1
0.010807236671167316,1
0.010746190608398381,1
0.00753541208437672,1
0.008169660247166236,1
0.03659993404825026,1
0.010603944708085374,1
0.0035298681416247066,1
0.0017602306842758914,0
0.001505531475640439,0
0.0013309487782202953,0
0.002031204141720147,0
0.0009740950594220555,0
0.0009147429792158932,0
0.001359367515552748,0
0.005357247664915383,0
0.025804731006887047,1
0.01622765242002428,1
0.008265471741082048,1
0.008197740533425313,1
0.007761701290905627,1
0.0062828293997817955,1
0.03258203096636404,1
0.00779841209343668,1
0.011233051873898317,1
0.005068667813869526,0
0.002522077662939644,0
0.0023644416300491037,0
0.0007300041017129403,0
0.0005240305960811378,0
0.001077313027057082,0
0.0014375666302325347,0
0.0010277892996598229,0
0.0009911215784212044,0
0.0002858631757707988,0
0.00161600443388645,0
0.0008093209816033718,0
0.0007740983964841339,0
0.00192566964336197,0
0.0029220278595008366,0
0.009765770990454037,0
0.0035996787720312213,0
0.0057194446983782525,0
0.004932272610280827,0
0.012335376844978008,0
0.006927341599801154,0
0.004401879362824735,0
0.0020597137397186465,0
0.002562580327819663,0
0.0038901590011916915,0
0.007470432462288906,1
0.02948697698317309,1
0.015404560074069661,1
0.007474402134198773,1
0.004816407257324231,1
0.008719575968650941,1
0.015289937904083336,1
0.0282545970995985,1
0.008303377307748078,0
0.00546685254704924,0
0.003781229504818946,0
0.006443491461431933,0
0.0025012060847195774,0
0.006511184644779398,0
0.0019400393648904357,0
0.004200892396220282,0
0.02703507660800214,1
0.011547498953928715,1
0.005906139407142101,1
0.006390053744459283,1
0.0038768271233950605,1
0.0041799805334122395,1
0.004367742821266213,1
0.008543764212939644,1
0.005597043871883656,1
0.002524468079395483,0
0.0016621228831398915,0
0.001419619775143633,0
0.0021698719606455565,0
0.0013059545076023254,0
0.0022610760887713205,0
0.0022293864464033642,0
0.001365988999612333,0
0.007781682647532536,0
0.02120504345196614,1
0.01292515706750015,1
0.002417105749397929,1
0.004071943089082528,1
0.0020819083849768208,1
0.0017588555587911454,1
0.0027359485090287686,1
0.015866039805480934,0
0.008789829798782942,0
0.0040172319336800495,0
0.002013913278512372,0
0.003444467250090847,0
0.0027785589896708175,0
0.0027714136452230056,0
0.0034612531840010285,0
0.006703132173944079,0
0.014914530805419586,1
0.015653694607068728,1
0.011583631234429868,1
0.007773384258104262,1
0.005688241853957848,1
0.018589783511426417,1
0.005655444650636064,0
0.007747281389570615,0
0.0035118321936578327,0
0.0033504224876993696,0
0.0010386588766370167,0
0.0027794573952394184,0
0.017564819731514098,0
0.01150152921991858,0
0.01529395119499919,0
0.007173151064264877,0
0.011026362708901465,0
0.010757425377576265,0
0.02261127127662459,1
0.01936665614845868,1
0.011447082794047313,1
0.01194360712023278,1
0.03772478647900838,1
0.017277459938741913,1
0.01265528951581585,1
0.036960632707863865,1
0.016433586012404865,1
0.018524486034373514,0
0.0389582350295571,0
0.009831276700555681,0
0.012821765342972982,0
0.010910755588827004,0
0.009547423467524796,0
0.002461546504926921,0
0.012404620955924135,0
0.01700026455791409,0
0.008927355035360744,0
0.0098817869605581,0
0.026952025592046486,0
0.02432647085019681,0
0.012428053753732585,1
0.011962958833217229,1
0.004254795942310196,1
0.0028885962432771153,1
0.00509933881337367,1
0.0016068781756115058,0
0.0018180857281784822,0
0.008415770555502152,0
0.022407241978766177,0
0.004891669638972309,0
0.00292944718162015,0
0.010068098138287167,1
0.01236403539935823,1
0.010162910835760224,1
0.010250208857855402,1
0.02740045543638453,1
0.02945038601293924,1
0.009104102388904996,1
0.004230859361047159,0
0.004368476986795265,0
0.005663256376501949,0
0.0023290197109471587,0
0.01115361006161626,0
0.00574044339633657,0
0.005011120647102461,0
0.0033556875434806446,0
0.004416513515992947,0
0.009488097441002707,1
0.017064131787395714,1
0.029222081523494713,1
0.03799104473294035,1
0.02149748302989592,1
0.008744227576797707,1
0.0138148869295055,1
0.014208790750219857,0
0.019931290770910805,0
0.0110810965927084,0
0.007858068276243014,0
0.003067878558258917,0
0.0028648222470955167,0
0.004519656829503225,0
0.0019354283002189728,0
0.004399614219771087,0
0.007468809503911599,0
0.0016922822665892119,0
0.003386768231275081,0
0.03856304833276307,1
0.020948831008506825,1
0.012118172642433006,1
0.01788468451027759,1
0.014974518853125332,1
0.004230060050034877,0
0.0008627524142727222,0
0.0011321288172549196,0
0.0008579283703675979,0
0.0014412155637537809,0
0.0007287255401926025,0
0.0008968748001322953,0
0.001185997732541637,0
0.0018489091967690083,0
0.002041969027217106,0
0.009584286416209719,0
0.02053063561803073,1
0.010238139243091844,1
0.00932586002693753,1
0.0041289779225445545,1
0.0066149803726894265,1
0.016767415168335978,1
0.01164052059914674,1
0.0036465763662957666,0
0.0011854910387488033,0
0.0018675672164908802,0
0.0008273959501162595,0
0.000837870010748422,0
0.0024542933889503582,0
0.001955414059347721,0
0.0010465478846213656,0
0.00011724262916864691,0
0.0010192037301399043,0
0.00036717704891002945,0
0.0017752806545811655,0
0.0005021659256320504,0
4.238729012476222e-05,0
9.346168329018548e-05,0
0.0006302107893137558,0
0.0004614967739369405,0
0.0007157697943149808,0
0.0008622801730811206,0
0.0013524763617791696,0
0.0014746684573224236,0
0.0038834720564018977,0
0.003666956839919123,0
0.0005822209059600244,0
0.00038784967876105935,0
0.0005672640418294136,0
0.0012679205543159517,0
0.0046110017268950615,0
0.006433886963330992,0
0.007783209841415214,0
0.0023810190696440174,0
0.01650514232894075,0
0.00895482160135456,0
0.007930604345042398,0
0.013698633080144235,0
0.0019759697313548354,0
0.0014678166567326009,0
0.0007465330306239716,0
0.0018434078722498171,0
0.01007040211192642,0
0.0027874661797815388,0
0.003207210159949474,0
0.0006510108304279153,0
0.005833357968075957,0
0.010379398763750247,0
0.0011450609382549655,0
0.0009298595543715364,0
0.0010779229992185899,0
0.0021633271047954484,0
0.02888879564540514,0
0.02169302103082295,0
0.02075539512874135,0
0.03809346448594961,0
0.0046345756202891214,0
0.0331215176070173,1
0.0753524672157872,1
0.04861580528113117,1
0.04594292931689422,1
0.04688522805680739,1
0.02746185354499337,1
0.016536499140552698,1
0.03719163560840033,1
0.031606692769721924,0
0.014683417587791098,0
0.01410233029601459,0
0.01775592285945156,0
0.017518926219399624,0
0.01607361295949281,0
0.009320332955714421,0
0.0123838939228014,0
0.020149040155326876,0
0.030038025331593304,1
0.034956402005704094,1
0.043362324723834195,1
0.027024854811529154,1
0.02330229620819893,1
0.01227951024145465,1
0.03422563730482377,1
0.022333231883866964,1
0.011672124261511875,0
0.013162100184057569,0
0.01221599826684582,0
0.010187815586428395,0
0.018686021405578304,0
0.014913329292468943,0
0.013235906779749194,0
0.036167240337995545,0
0.04971468075477826,1
0.05781639803987155,1
0.028467532673302754,1
0.025019810682947882,1
0.02491174566575441,1
0.017168911700683954,1
0.011927926276552064,1
0.02091943522718423,1
0.013733466064054211,1
0.0340035780314321,0
0.010019895523303284,0
0.00874501641871197,0
0.010633313845652314,0
0.008951933924312136,0
0.009021949880142679,0
0.01154987185771505,0
0.008838594510157956,0
0.007373942829872265,1
0.032948501324363666,1
0.037472423442396936,1
0.031098270050681373,1
0.032691449145406226,1
0.026186416411601316,1
0.022178724550944977,1
0.016832716716528452,1
0.027121564092167677,1
0.01534889177034697,1
0.010397270008208491,0
0.013233598053436916,0
0.007695071212858979,0
0.00897265146705933,0
0.009294533433212007,0
0.008604866312958707,0
0.010904006335956116,0
0.03492411184704169,1
0.04347229712349422,1
0.023645088207606555,1
0.01710076841702272,1
0.02096449575678929,1
0.017171616444454953,1
0.02875319147565559,1
0.0154734564788001,1
0.019512865558056765,1
0.014368042025831557,0
0.03288845950827971,0
0.018280986905738997,0
0.019803078230556784,0
0.021503270451665096,0
0.02051046060107986,0
0.017073876171810592,0
0.00721344006735318,0
0.02809007682205349,1
0.024334186924215292,1
0.03862555504486544,1
0.024531968230906646,1
0.016179049457938865,1
0.01571521201565833,1
0.04174858825010258,1
0.013784259686246829,1
0.01207402726968734,0
0.010346049383693557,0
0.014739168052962258,0
0.010768017529231249,0
0.006573789708828725,0
0.006102851783396949,0
0.008961198948171139,0
0.008145298886570012,0
0.004131955867817015,0
0.023529394427000302,1
0.025959588812489817,1
0.026663844788247442,1
0.01701896045293607,1
0.015735271755208096,1
0.039921978581512835,1
0.025939193395349214,1
0.029368102645954786,1
0.02380815798904769,0
0.013384077490857108,0
0.015806807361755153,0
0.027538289975753926,0
0.01067727488758945,0
0.011847677431072685,0
0.003597487837992174,0
0.0070957827733420095,0
0.002910857236384071,0
0.008041194356750683,1
0.022522293331419595,1
0.02027569664399312,1
0.0186487627285368,1
0.009621862167511456,1
0.014639166263507017,1
0.015398279180399902,1
0.007426288250827436,1
0.007360055892623634,0
0.005022405025228356,0
0.005313011446271341,0
0.005015918048043003,0
0.0050240792251074464,0
0.0045077393916874075,0
0.0032167836508441025,0
0.0050428543497201194,0
0.005523181057583348,1
0.012884517029103494,1
0.019291819219705752,1
0.018230748749979927,1
0.012029282631393424,1
0.028024847181005265,1
0.01676200734730987,1
0.014045504648426917,1
0.010628045714687501,1
0.001981509221269854,0
0.0013851780710003867,0
0.0014995318473366263,0
0.0011338169526955088,0
0.002478953826492584,0
0.0035866617816196936,0
0.0013899522189577433,0
0.0033583563304916946,0
0.01159949545016614,1
0.02209964632900393,1
0.03194630068840128,1
0.026333633413620286,1
0.010096356140519546,1
0.014838003200124222,1
0.02191369668244918,1
0.026916831318984907,1
0.01627683797251364,0
0.009987749688018218,0
0.0038933423126446395,0
0.0022620224165794617,0
0.0018695824681085598,0
0.00259148635206939,0
0.002973003809967177,0
0.0016833013323809432,0
0.001979088286990801,0
0.001303708432996269,0
0.0026848213828015058,0
0.0022582980265588885,0
0.0013970673178882898,0
0.014001359333303707,0
0.019077879191293463,0
0.04526526727079177,0
0.036294408072336914,0
0.0016627934744678039,0
0.009558547876457239,0
0.015981971867350377,0
0.01943980859909037,0
0.02479016956271488,0
0.009265767768339253,0
0.004263684327309118,0
0.00947420146755307,0
0.0016145532003335311,0
0.009704035553520843,0
0.005146485196655524,0
0.0020943987087981893,0
0.0026040512755263097,0
0.003582274379412677,0
0.03119390840482428,0
0.06445576337288049,1
0.04337521833898526,1
0.02704463730346306,1
0.02477603044221033,1
0.06568551743000968,1
0.038252397094327824,1
0.06522624341813976,1
0.04411183969736491,0
0.0253932528045963,0
0.0099958051860455,0
0.008681307757379582,0
0.007994391556770855,0
0.016026929008745947,0
0.020698782752636036,0
0.01147996520162765,0
0.016813913829922714,0
0.02369592955601959,0
0.0926331312585319,1
0.053916624469341985,1
0.03655653463541569,1
0.041103592400044395,1
0.07102337153438142,1
0.08145953035874658,1
0.0744330351914232,0
0.06356033042310559,0
0.047518448250322705,0
0.04791868423768436,0
0.037462817457410626,0
0.03692979446832116,0
0.05380253289380935,0
0.018121028727149827,0
0.03517321662512779,1
0.029005746973974213,1
0.017038336358212232,1
0.012795931432714663,1
0.08057684629624354,1
0.04576784122359875,1
0.041081655120625254,1
0.029837442113559702,0
0.008733517275997877,0
0.003694123302638795,0
0.004753756777373239,0
0.008188093019851085,0
0.003988500415013393,0
0.002553708017130668,0
0.0060217503713733455,0
0.017673722948049468,0
0.07524298042549114,1
0.03341506884101383,1
0.018356293041465282,1
0.012683056521384434,1
0.030498334858165405,1
0.06247032286619037,1
0.06212487282600725,1
0.0609642037947075,1
0.015933718279494344,1
0.014066800810554978,0
0.010076141154295505,0
0.008099467669636312,0
0.007946518732955085,0
0.004993984011389078,0
0.006142891973466151,0
0.005583823425055794,0
0.012498319496678482,0
0.035896946314565616,1
0.025065289515954728,1
0.025299798811745332,1
0.024006448409554834,1
0.019503835604108257,1
0.04482092761076698,1
0.05863097918776806,1
0.02288372792487449,1
0.008899209483149475,0
0.004017039921749641,0
0.004770640404072338,0
0.0027373760514159797,0
0.0021471643137576687,0
0.003310968863602372,0
0.0025212108703909168,0
0.0021646031879022855,0
0.012986481987650499,0
0.03288807164619551,1
0.01954306407946467,1
0.01456400566313451,1
0.02087925491770519,1
0.029010402520709386,1
0.02939634525227457,1
0.02762295910911149,1
0.01928357177183255,0
0.016478192612922507,0
0.031004798966623653,0
0.017783644422854357,0
0.013028090366384403,0
0.011567894037781789,0
0.014469320371749847,0
0.0037655535040232815,0
0.011343840973747176,0
0.044339802244162015,0
0.02570162983885559,1
0.027263823538445867,1
0.019286928688524198,1
0.04000278800467631,1
0.022850130621081897,1
0.010483563439036966,1
0.004079946088737473,0
0.003675972284398236,0
0.004063435054043125,0
0.006836783525520119,0
0.0049673235256879975,0
0.005248680917165317,0
0.008377126449362133,0
0.0064100023523555975,0
0.010020857608689666,0
0.02169703040061537,1
0.016404102861721257,1
0.012787750884512965,1
0.01751116754833395,1
0.010295109276451936,1
0.02042007322951571,1
0.02840433322921565,1
0.026362331695395435,1
0.04180315469026878,1
0.014494167434976918,0
0.00770075633319202,0
0.006583016647027659,0
0.00493209588909722,0
0.007284251407505871,0
0.0037634007823276923,0
0.0064460951257336585,0
0.006095086687623765,0
0.027313510010461967,1
0.01807919627804935,1
0.01330578877209184,1
0.021235529458757573,1
0.0995915806686766,1
0.038708291780211644,1
0.046107846531087945,1
0.00932533033598338,1
0.006299714753572562,0
0.009519964893745125,0
0.006636567942942982,0
0.004852562287912047,0
0.006002710690994888,0
0.006316673656026811,0
0.007636484715624081,0
0.008730215912610714,0
0.03324817872582992,0
0.08437292461778104,1
0.0236098279635934,1
0.016265552883429884,1
0.017222442090171874,1
0.038731058961071464,1
0.0558905076618555,1
0.03471155305556943,1
0.01367296364632779,0
0.01351344285648887,0
0.006825339412847847,0
0.009163593340746129,0
0.017879722105674938,0
0.017926224395782727,0
0.01919131527944711,0
0.017655406584395003,0
0.019247973337929682,0
0.0060804462524413055,0
0.005467865373755041,0
0.004556122483562934,0
0.0038476227035817447,0
0.0032480861429073746,0
0.004137481359517071,0
0.004302554613227351,0
0.019420070975469297,0
0.010366529566100928,0
0.020837786157650025,0
0.024908396428076372,0
0.00940674463097923,0
0.007485459980248108,0
0.013460312671469611,0
0.001474860050606627,0
0.0021360117789902522,0
0.002907627877313197,0
0.011116375911559399,0
0.024700667509262614,0
0.03864132908987825,0
0.016222076171669226,0
0.00851602120256948,0
0.009967027798671502,0
0.007501011690193182,0
0.00841584037193297,0
0.00788097721729129,0
0.016876534386316838,0
0.08184931505328642,1
0.07255294869288255,1
0.08827838093941877,1
0.047839456457332785,1
0.032321167915898265,1
0.014917613879815791,1
0.08354378434101929,1
0.04767940830467423,0
0.03961236392844525,0
0.013578646349588544,0
0.047185039764055435,0
0.011126231817500092,0
0.0024666693991827727,0
0.00225667794479137,0
0.004948131741096143,0
0.004310168353561187,0
0.009313981378900852,1
0.032622748493869765,1
0.036239119539924515,1
0.0392167459563973,1
0.030476387773313865,1
0.03550393607371247,1
0.037748178050052116,1
0.06548380753926149,1
0.01372861956484933,0
0.006222634565366339,0
0.0038158093121203776,0
0.003967900656573315,0
0.006256520614729076,0
0.016527893609238554,0
0.01034331903648501,0
0.012894962890464937,0
0.05187082352422932,0
0.01606841335603147,1
0.026404770383360903,1
0.019644145663816257,1
0.018953151145276254,1
0.044277413736000706,1
0.024686259963071302,1
0.048551243560392685,1
0.029432470020506998,0
0.025456143253518804,0
0.05944151912330645,0
0.034445256165413655,0
0.04461873421693929,0
0.0388437829701262,0
0.03919707589066754,0
0.02716236107668411,0
0.020147011504796294,0
0.020414986092410794,0
0.043020945197272384,1
0.04835160448263473,1
0.06897607628061457,1
0.037061551260470935,1
0.018051151187663976,1
0.09212930326471426,1
0.04882411340937824,0
0.03158396445897188,0
0.020050293906237228,0
0.04579034659960221,0
0.02278486653866168,0
0.023839771450384527,0
0.025399209429307918,0
0.03241890228327381,0
0.0229433148133662,1
0.025786814314800177,1
0.045799069605378356,1
0.04477192572612899,1
0.031524055237091446,1
0.020228415894770615,1
0.033766910736932464,1
0.04471060876532394,1
0.04075559348029726,0
0.01022271906905405,0
0.00968229570936622,0
0.01671494791988749,0
0.016806632845720898,0
0.021135728909133737,0
0.015143112487177443,0
0.011942048085711164,0
0.027359129253899116,1
0.048522620802858886,1
0.028627437917522196,1
0.029432169882658173,1
0.03503921079094842,1
0.027965050694619558,1
0.035520335960648484,1
0.026481542634258264,0
0.0075066057504258035,0
0.005718196227962559,0
0.005480208980178298,0
0.006430267600147595,0
0.0068060263082805415,0
0.008174637389964831,0
0.009203846297028327,0
0.03325208138839042,1
0.04943656962736728,1
0.041126894864688714,1
0.023999499357927074,1
0.03947908309163623,1
0.04208154756431178,0
0.01695558323073752,0
0.006120857427279482,0
0.0030839010400918704,0
0.006840006379413855,0
0.003092931805379296,0
0.006559237225747845,0
0.006570821081711411,0
0.013074775786579805,0
0.018583335973869335,1
0.01839741769238155,1
0.024114715954289597,1
0.011753193450622337,1
0.025657776702985673,1
0.012437138773297688,0
0.015364730385270458,0
0.014526412165027371,0
0.009436085499862261,0
0.006236031019869846,0
0.006083299718052012,0
0.006345251873554745,0
0.008746230577000582,0
0.014820287519125315,0
0.04346841024191178,1
0.028229039424075664,1
0.03843766102029321,1
0.02402346787549686,1
0.018139662552670188,1
0.020542701092848753,1
0.09864209449374838,1
0.027631479644703225,0
0.012134774342326328,0
0.01131618615160863,0
0.010143197901981432,0
0.007870256361408097,0
0.005311661698449106,0
0.008804921023207131,0
0.009395870710459461,0
0.016059665054532823,0
0.03221871266477799,1
0.01733634946589294,1
0.015694077526322524,1
0.01871646696554956,1
0.01681068502986536,1
0.025688091359470068,1
0.04394551348899122,1
0.05574167712731792,1
0.02583691477734838,0
0.007183830425702232,0
0.005327791797516166,0
0.004812442361793422,0
0.006090152323392384,0
0.005452940532618758,0
0.005273663899379024,0
0.009036772590822558,0
0.005313409960876001,0
0.005730909855567851,0
0.004943818121612399,0
0.002502094751285779,0
0.002806502087097902,0
0.001577514653138477,0
0.0019336409688628159,0
0.013346757738187453,0
0.01797793947411192,0
0.013838589806470692,0
0.006877090567487633,0
0.013416870989139913,0
0.0068392756477559545,0
0.016432769376996805,0
0.03323181817361705,0
0.004399908989283172,0
0.018753865727519338,0
0.00909902863142122,0
0.006554392600896104,0
0.009370173621345219,0
0.009531927974024,0
0.008887973971764862,0
0.0007908618441584054,0
0.0008377618913312787,0
0.001184180328816466,0
0.0019327615131859684,0
0.001953203603669185,0
0.0024502812371237845,0
0.0032214857467180898,0
0.004105397995951204,0
0.005455164529400276,0
0.00908330593242448,0
0.03187333950378106,0
0.07179009505614443,1
0.0840583142781293,1
0.07597106953867111,1
0.057450232594948435,1
0.04804960181285345,1
0.027063996065342072,0
0.008397538572049525,0
0.014152025750815495,0
0.006346262185595949,0
0.009716888961687029,0
0.008968969919882452,0
0.009623610000846076,0
0.007865328925470368,0
0.020104921445616736,0
0.0827670117961008,1
0.08034499985994493,1
0.08601516686217163,1
0.03933716205951939,1
0.0430308524187705,1
0.0061579541912732925,0
0.002486656971061256,0
0.002833025339703049,0
0.0017899585232670143,0
0.0031468549476579006,0
0.0037591869273421465,0
0.0038687699519750047,0
0.005678548750964632,0
0.006719511037771154,0
0.008095200177847492,0
0.045319168710140564,0
0.0871968482796861,1
0.0800967065389374,1
0.0853458297302019,1
0.061531015687936605,1
0.05413548319740508,1
0.008196940659729857,1
0.004952778118495925,0
0.0032652648371816278,0
0.0029067598183956027,0
0.0029267920755033207,0
0.0030566495507762764,0
0.0032204177205538012,0
0.004318174418701218,0
0.01530983301918783,0
0.08361506541603345,1
0.0949096488879941,1
0.07056956177382015,1
0.06272618097145646,1
0.05932030267730526,1
0.04834630127811408,1
0.012668431722612807,1
0.007584156441986937,0
0.006882996968209353,0
0.006442446018162563,0
0.0064640933384046235,0
0.006770534947368286,0
0.008117480038308093,0
0.00929056079744681,0
0.012474908600520411,0
0.0564288831176371,1
0.06008839819051697,1
0.007801160238542039,1
0.0052945023937545094,0
0.004151145103532059,0
0.003248343912547092,0
0.0034987249015863637,0
0.0027762570667287023,0
0.002956539624715713,0
0.003078062780604138,0
0.003823713916109793,0
0.004255967661590046,0
0.026795778801467007,0
0.09719762054529398,1
0.09150797348108951,1
0.05171970699134519,1
0.08485054953559147,1
0.07111958235143152,1
0.05193304854240696,1
0.017349098956061577,1
0.004139408790505424,1
0.004120361035893718,0
0.001542394365809295,0
0.0007800333787501433,0
0.0005195170490193368,0
0.001975716440350649,0
0.0019806396224279757,0
0.0031135074160157437,0
0.005735552208351942,0
0.03641491772682801,0
0.0899684815511159,1
0.0927512780067216,1
0.09977539076491647,1
0.04608225699749125,1
0.04477600821309258,1
0.01300736783120986,1
0.004697144231077335,0
0.0021216795683805276,0
0.00200969195920226,0
0.002179489505692894,0
0.0025641606721697016,0
0.0031848398043401033,0
0.004075659914308559,0
0.005172036408879648,0
0.006959452633934947,0
0.012080067986354212,0
0.09258964484023828,1
0.08229198507139131,1
0.02833265549279878,1
0.0315573047331009,1
0.01879188357014597,1
0.022672521837166514,1
0.013174225712672105,1
0.005245162349035983,0
0.0029446022279141252,0
0.0027554941148048716,0
0.003085319833878101,0
0.003812723008306202,0
0.00481075209403174,0
0.0070737611855905685,0
0.025199934262088282,0
0.08095728384289935,1
0.07560238239216195,1
0.050850110493295714,1
0.051163196789493035,1
0.0485963129715282,1
0.03989510223144517,1
0.047474185850993424,1
0.01460546582993409,1
0.0036648947786336525,1
0.0032672006348267372,0
0.0033862443217523275,0
0.003796845637126858,0
0.0045190760896292445,0
0.005584560097283625,0
0.007125261019106503,0
0.008995553232846882,0
0.013315999909660281,0
0.06275263785360721,0
0.06696393851313044,1
0.03355204610108055,1
0.04299907406086826,1
0.06822295233920439,1
0.03862932074303928,1
0.011269293699615898,1
0.0036795599877366752,1
0.002878980280587872,0
0.0022677341473675383,0
0.0018035985034936337,0
0.001703735362671251,0
0.001207025482262618,0
0.0011564808687474755,0
0.0009694672223290846,0
0.000832567787555903,0
0.0009891734496479127,0
0.0010163877527255265,0
0.0017053268605973701,0
0.023978625016183672,0
0.010465711455905823,0
0.0022614330125277763,0
0.008332661357745092,0
0.011336888045646122,0
0.004171343344308497,0
0.01130377989331282,0
0.00858289009020157,0
0.019394153705810428,0
0.02322858253155005,0
0.014429855531958073,0
0.012565325904464839,0
0.01607960607721073,0
0.01198398157312514,0
0.008449270831761198,0
0.0008984263468279819,0
0.0025549581178588203,0
0.01413791663163485,0
0.016570049005555913,0
0.0461699761526783,0
0.07208502312327392,1
0.06873160536440735,1
0.05203064843025818,1
0.03195410880267783,1
0.02491032401844727,1
0.030774625062656366,1
0.036983919459035335,1
0.05037611827018198,1
0.022542064178389963,1
0.014017695530041962,0
0.0035347965633531434,0
0.003894185451772616,0
0.0035081378799743726,0
0.0034323394168881086,0
0.003699178379604442,0
0.02118284479672969,0
0.07615377019684814,1
0.09299295074585011,1
0.06322027691377118,1
0.04993674297234442,1
0.04989731436549132,1
0.05965454032400341,1
0.04930551907106196,1
0.04622941380665644,1
0.024849217593619993,1
0.03382744753750774,0
0.024676894541916853,0
0.023243622521024448,0
0.021717527261839113,0
0.020062187493576265,0
0.015119567318368499,0
0.013361463861960769,0
0.0065847312721653735,0
0.01154297241437047,0
0.06472992068048962,0
0.08527811331726237,1
0.08492129638856089,1
0.09334538659853238,1
0.06241341527160847,1
0.024006168862258457,0
0.025009160803197615,0
0.022397010985430076,0
0.016728714270509964,0
0.017361228913824783,0
0.008818439581451955,0
0.00951488600096955,0
0.0994857258641458,1
0.09470124383279424,1
0.0726731656738197,1
0.050667744493355524,1
0.07673661039519415,1
0.06454549521700985,1
0.07772929392963554,1
0.032200002500955505,1
0.019104176885185436,0
0.008690384941090102,0
0.009864001132282023,0
0.007474815767454562,0
0.012287745361536298,0
0.01017626688735535,0
0.021535531552961347,0
0.09519881047035737,0
0.05777716988081261,1
0.09142293469494912,1
0.07384081961732038,1
0.0832928628728477,1
0.023254698970333488,1
0.010212384006543665,0
0.07560616791626056,0
0.0631038606876467,0
0.02980782239511022,0
0.028992408344768097,0
0.0075944914103118644,0
0.010301445666941076,0
0.05755250017231166,0
0.07638525143148384,1
0.05484034773060025,1
0.04108411586855697,1
0.04236460877879609,1
0.05345292689754296,1
0.0518979797961668,1
0.015119336492487446,1
0.01677642628537107,0
0.00847875010802816,0
0.008251756450507793,0
0.0072604957105540996,0
0.0069163543113357085,0
0.01931936771219558,0
0.07845269574054095,1
0.07521414498378638,1
0.048923121535369776,1
0.034544907600176825,1
0.0513908812792719,1
0.029414872235714477,1
0.014668160270961902,1
0.014521915666516096,1
0.011981148591085842,0
0.007290604062979605,0
0.009307220566222083,0
0.007679708003851154,0
0.006811866996388128,0
0.008679618299241776,0
0.010743037865269624,0
0.026767431057846864,0
0.05757274864919467,1
0.06455106197925242,1
0.042777866066695584,1
0.021024297520557494,1
0.02303272958832263,1
0.051758389612898525,1
0.029731203603914708,1
0.017406261203394766,1
0.015261396626450206,1
0.008948497088242784,0
0.00889135272674913,0
0.011052564169082133,0
0.00710232240536486,0
0.011318159606026881,0
0.008153847423337435,0
0.008440262715041866,0
0.02258660857038707,0
0.09512235136363972,1
0.04241062405397438,1
0.02387981070982766,1
0.02133897984489352,1
0.03394273125848712,1
0.0181190870354015,1
0.03515947808918984,1
0.01485912497757296,0
0.008815989833237505,0
0.008524318886658375,0
0.009053064333420303,0
0.00974210247765822,0
0.010891435221883369,0
0.05851005844839062,1
0.05564565897544546,1
0.04077055513979134,1
0.022579645768289552,1
0.03462831350187233,1
0.02912417595147962,1
0.03169823102312332,1
0.03142408204461352,1
0.014437421979333634,1
0.008103478108209142,0
0.009884240556829394,0
0.006835619272886242,0
0.008995886191938996,0
0.006547302049916143,0
0.006732528056323138,0
0.006294850511757157,0
0.007813121152152602,0
0.005290451244747392,0
0.00798933998978013,0
0.006540390143879635,0
0.007326078430598566,0
0.0062198284517013345,0
0.007831689499024604,0
0.009653516641657794,0
0.005248225846620427,0
0.00853167358465344,0
0.009904210885200899,0
0.006212964670293262,0
0.006593417351500055,0
0.00648896214907077,0
0.00342745968005319,0
0.0021638558154788512,0
0.004249876665025547,0
0.005097013878207329,0
0.007875397773071651,0
0.01195239958002651,0
0.009018619748485024,0
0.003789745675254805,0
0.005610001960204032,0
0.006003924935724167,0
0.006981300910641797,0
0.06502854040512254,0
0.06972852946385773,0
0.0967901639775352,0
0.09050311005130697,0
0.03978485366162306,0
0.014295591136293254,0
0.011146625108119774,0
0.014081880551036414,0
0.01414331666456612,0
0.014441469657541322,0
0.01765319334873962,0
0.01949470970386091,0
0.061919137143436116,1
0.08843775052232729,1
0.07607529755292615,1
0.09193641555383607,0
0.08588226945384296,0
0.062147839368900934,0
0.07086524857922871,0
0.03180450119582903,0
0.02233725751576947,1
0.06405546664655347,1
0.06671709250594776,0
0.01697752245587988,0
0.020486372935041776,0
0.015446450520110231,0
0.02043774523700063,0
0.03552200655881274,1
0.037020048978356965,1
0.055986110157715804,1
0.04643781587905655,0
0.04083158884795867,0
0.031896728325635504,0
0.04674709041644709,0
0.03620705193170528,0
0.03936885548784659,0
0.03498951139035487,0
0.019427369071453385,0
0.0370098592627239,0
0.03758376647640365,0
0.024991150936270898,0
0.023181523153242,0
0.06731793094351259,0
0.09760572546645825,1
0.06101553588076569,1
0.04331474541650379,1
0.026145952668951672,1
0.021852852078231726,0
0.016873686583020017,0
0.020146135555946635,0
0.026723932731473152,0
0.04706829834275344,0
0.05217998762666139,0
0.059198939202086014,1
0.05376521609219056,0
0.050750237275254316,0
0.03494040921963772,0
0.01897947399786611,0
0.011922876370932629,0
0.017561948096589907,0
0.010102600416255483,0
0.01091362620135011,0
0.01996074777369139,0
0.014797045706232382,1
0.08034786869765387,1
0.04205621218169209,1
0.0927725907785985,1
0.048183802005393454,1
0.04909512029436818,0
0.03737889016496122,0
0.006913151703523718,0
0.005689700296086335,0
0.009288415071275539,0
0.05192511654257442,0
0.013705217084327818,0
0.05966984346757137,0
0.033027544174015565,0
0.01861645186434182,0
0.024338864291938076,0
0.010900835080466046,0
0.024114650018374137,0
0.04820770734635581,0
0.05034276370806324,1
0.08678495592755012,1
0.041202402344707505,1
0.06699779561526277,1
0.04353370452861705,1
0.05091859935440654,1
0.05188198518417173,1
0.09688113447748205,0
0.016200292683204384,0
0.027930760831876216,0
0.029084928713122116,0
0.047308997507184695,0
0.07484752847598568,1
0.0836556337224602,1
0.036772701867769236,0
0.04079546170358322,0
0.04229345139338724,0
0.03591253542308136,0
0.03286156613547834,0
0.034465673547803194,0
0.031114339192163765,0
0.023505796507248853,0
0.049504368894619455,0
0.08667762414470603,0
0.027811699884062187,0
0.03714914266600841,0
0.0502022936937638,0
0.034120074842426545,0
0.0685733433982207,0
0.029068875469277822,0
0.037718587637758455,0
0.01005093920994513,0
0.007673584419170725,0
0.0114634632760104,0
0.007239777333805506,0
0.08456863828071762,0
0.08430215062341435,0
0.021879914566948374,0
0.013690190419016972,0
0.001698830849189351,0
0.014842268410742066,0
0.002600587509358887,0
0.019488958766707632,0
0.019777384795203155,0
0.023299054222178577,0
0.0274930906450791,0
0.019127539365225817,0
0.022204569478692402,0
0.030438885335691713,0
0.02713587238496398,0
0.023844866191010047,0
0.01715272062747961,0
0.02544089880625301,0
0.024867616723544057,0
0.018469682454526827,0
0.026480825253422116,0
0.017275229056946916,0
0.08396479947226328,1
0.07697187112571192,1
0.07078373150159765,1
0.0752689472638029,1
0.049415211654309676,0
0.015138525020050515,0
0.030049699207647943,0
0.02443067135803099,0
0.024407844102188197,0
0.04768480503762278,1
0.08311035328949931,1
0.09913339414226408,1
0.05963343138920381,1
0.05156422364008282,0
0.01794528023468522,0
0.01639350720607124,0
0.016401584241918198,0
0.01735242809812434,0
0.045520341180357735,0
0.039291634243629345,0
0.05991920211323907,1
0.07971921501401269,1
0.050976220462259664,1
0.05156640234898058,1
0.03135953166438079,0
0.015656929548775057,0
0.012519937610813072,0
0.006853359702337725,0
0.010032382376206996,0
0.01716158229536531,0
0.02960925318477954,0
0.045682277693147734,0
0.022497934592322435,1
0.045377301278002574,1
0.08012494049109145,1
0.05153753882581907,1
0.04495628864334446,1
0.031468605666594124,0
0.013905067343653585,0
0.008129757665469202,0
0.009984263345207215,0
0.014362965985954483,0
0.02169082118577265,0
0.030379842477916905,0
0.03499658966760371,0
0.04155753485046477,1
0.09217822645195385,1
0.03992144846198306,1
0.06806743025952271,1
0.08928531030754802,1
0.038708147150114496,1
0.029238527912818547,1
0.049911570544210915,1
0.016884057198502497,0
0.013912492138771066,0
0.006588187271895353,0
0.02222268029771106,0
0.0325114187425224,0
0.02015064304821797,0
0.02877581923843483,0
0.05128986991322707,1
0.05064853676154407,1
0.09546909913347394,1
0.09288793780477905,1
0.09715420877337927,1
0.06565019577869799,1
0.04336430281064364,0
0.016498813577392517,0
0.014208596392036602,0
0.012666229258050709,0
0.013740355852827985,0
0.01296133481276151,0
0.022250795354728167,0
0.05479069578482911,1
0.08390233159536319,1
0.08120310170034696,1
0.0818121422564468,1
0.06801828753967078,1
0.02680817457325631,0
0.006365256632908463,0
0.01858727561694827,0
0.012010020207586075,0
0.014009199169337155,0
0.010173235366709554,0
0.023117442635938318,0
0.03229245026522778,1
0.07653755529574939,1
0.08234428823725691,1
0.09878295106743719,1
0.08418221930394612,1
0.07826713219740827,1
0.06853261126262407,1
0.028559964069456236,1
0.02848394998496014,1
0.020941005458828082,0
0.005314143795476074,0
0.0030594808986434074,0
0.0031094142833114845,0
0.002368326105813455,0
0.0014796941786134946,0
0.022582322672947616,0
0.04155066234061463,0
0.03202876879247753,1
0.04592876163303701,1
0.047683839643151815,1
0.0673843277794333,1
0.06298618672340682,0
0.04685741167464928,0
0.046575123485719835,0
0.032437870734369524,0
0.030467005338929074,0
0.026089737967617023,0
0.021647729872236596,0
0.009789797502780837,0
0.010185667945126995,0
0.030121470143888898,1
0.05225717913581473,1
0.08930449388863324,1
0.056969125567396514,1
0.051053469440171396,1
0.02880285046789992,1
0.0051150741565568715,1
0.011715698343036872,0
0.002184359211018226,0
0.0013704963346888826,0
0.002414675694560109,0
0.002432156813415258,0
0.002031111304053645,0
0.00467468870590602,0
0.0195664175560274,0
0.013633797350533914,0
0.009558479844544878,0
0.04503173149262489,0
0.038302112368842456,0
0.022672730536826707,0
0.01927828084936285,0
0.022393828042767145,0
0.020093342413304686,0
0.04169432688916211,0
0.019607976891620856,0
0.01680067196764394,0
0.010784182976672668,0
0.031645496642487086,0
0.0352250981370219,0
0.015606369335830065,0
0.011782409786598225,0
0.011604771619706383,0
0.008641176195492081,0
0.005663416493582602,0
0.00410996302002744,0
0.0050494820128633875,0
0.010943628452346303,0
0.028715501443559607,0
0.05761696154690483,1
0.055167509433510495,1
0.030664461541997794,1
0.030123056918586022,1
0.03223184053197475,1
0.039344491101462514,1
0.02918269792495991,1
0.025201369177156572,1
0.05852456361105631,1
0.028329231276832102,1
0.0353945920715767,0
0.013497841706039836,0
0.0026114589273678497,0
0.003978167523809017,0
0.004990765771922552,0
0.03265233908571371,0
0.06213685014427564,1
0.035041107630336486,1
0.035268046104640696,1
0.04812522331862138,1
0.03245631115414392,1
0.03958961431352602,1
0.023135978836954035,1
0.03400358190112885,1
0.033508045258691416,1
0.03747132795375708,1
0.039582767308860616,1
0.010321005029584437,0
0.013197828438100025,0
0.011051258927245478,0
0.009523494905466482,0
0.006804877028416932,0
0.030424771621883687,0
0.04089511920611465,1
0.07715387763288054,1
0.05755384429822437,1
0.08795448223903457,1
0.07274293698967704,1
0.048999248261839434,1
0.05193717464754394,1
0.061967287686513786,1
0.0362881671637537,0
0.015840873807088943,0
0.026228431179787622,0
0.013779598791921357,0
0.011151054832249443,0
0.005791767453361152,0
0.0038381135345088063,0
0.031056339486962174,0
0.0360976186965795,1
0.055730148238361026,1
0.04234771042060377,1
0.039782503591953476,1
0.029721968301515196,1
0.05287730935392608,1
0.04385483083401965,1
0.0556540125675097,1
0.06559059009699368,0
0.040123986025124125,0
0.03471679566553998,0
0.02976929407243285,0
0.03109466558850465,0
0.03244230397439006,0
0.023437983646496473,0
0.03539913567668054,0
0.04976579419831981,1
0.0842935695178058,1
0.05000585190833388,1
0.03613980156895058,1
0.03260915450692556,1
0.05000996090595607,1
0.04265879850869254,1
0.0319181476873143,1
0.03200896850476847,1
0.04724240713058,1
0.02948499261531143,0
0.028623928037355396,0
0.029981548467233252,0
0.03161490497550254,0
0.02128961328222695,0
0.0695689161496088,0
0.07930937985260772,0
0.022480992575133786,1
0.02937095963231694,1
0.03494012773548547,1
0.022482523091990687,1
0.046180103378389604,1
0.04419615145803756,1
0.052621976952441904,1
0.054524912150869596,1
0.05719161878235786,1
0.03321576730017473,0
0.03469217948552491,0
0.013373103939968345,0
0.02246308145996203,0
0.021314293142731613,0
0.015394768266957608,0
0.005181575196867659,0
0.009452212466693422,0
0.03591262617366709,0
0.051206534630886875,1
0.05491102889510726,1
0.06009453760563986,1
0.06137224370416568,1
0.08324477350296385,1
0.04920958134427686,1
0.061371450724472774,1
0.04561664758653299,1
0.0280447771791147,0
0.03593716096785208,0
0.04531120844965405,0
0.03451267586837862,0
0.020755303589023593,0
0.019218503734413854,0
0.014588400471158964,0
0.04323921010755306,0
0.0457216118864572,1
0.09595079784099156,1
0.04060135165619755,1
0.0515701154966706,1
0.041166113860768204,1
0.06636601929728964,1
0.07154416470854978,1
0.04020072752036605,1
0.045068002205154015,0
0.05601154820542163,0
0.03687951843187929,0
0.03184915614689459,0
0.028568075913695968,0
0.007963603180900496,0
0.01152874422570555,0
0.04788342758459697,0
0.06949082198031784,1
0.03022814134540339,1
0.036706698026615504,1
0.048304043167507846,1
0.04151520253773693,1
0.032567873469277135,1
0.04154261017398637,1
0.08477791265091265,1
0.03822054638865575,0
0.042039022990053666,0
0.022056124982735438,0
0.015892228941412942,0
0.003631831168961223,0
0.003573881051784166,0
0.0028222866885618137,0
0.025463825927589567,0
0.046686684046790196,1
0.044421247296243506,1
0.0981526905176482,1
0.05256608050136676,1
0.08603082973623634,1
0.04277954958669198,1
0.04309280873668197,1
0.03784928066430673,1
0.026948217668669443,1
0.052306373890108275,1
0.02944860722681264,0
0.033233736944629784,0
0.024453388232520315,0
0.012969349454416246,0
0.014124434022870577,0
